group,label,representation,month,year,part,region,rms_wind_m_s,rms_geostrophic_m_s,rms_residual_m_s,residual_over_wind_rms,mean_speed_m_s,max_speed_m_s,strong_direction_abs_mean_deg,direction_area_fraction,valid_area_fraction
training_climatology,1979-2014,native,1,,climatology,review,22.786057437789367,24.214047841490256,1.7238298339191316,0.07565283457331494,20.056060687508463,37.71058126644694,1.694818908993416,0.5439678646601609,1.0
training_climatology,1979-2014,native,1,,climatology,focus,30.576198333676523,32.28910132124462,1.952355351076804,0.06385212869732357,29.95983715727749,37.71058126644694,1.3479326109021696,0.9345864492019454,1.0
training_climatology,1979-2014,L12_native,1,,climatology,review,22.678706914926856,24.055665790377503,1.9830873558136675,0.08744269958832718,19.92966940021541,38.09074514087267,1.7808599120137798,0.5320562783992538,1.0
training_climatology,1979-2014,L12_native,1,,climatology,focus,30.429311056544943,31.62813509087727,1.6800692965391661,0.055212202912422015,29.798843195768445,38.09074514087267,1.3487786125000016,0.945186802495043,1.0
training_climatology,1979-2014,L12_fine,1,,climatology,review,22.697684413356143,24.200295743706473,2.0326062273329835,0.08955125951689256,19.964936550268654,38.09074514087267,1.7661067612648982,0.5300573823850415,1.0
training_climatology,1979-2014,L12_fine,1,,climatology,focus,30.5004428191247,31.90598831206731,1.8076188733994953,0.05926533211727876,29.898188512093373,38.09074514087267,1.3252295735688653,0.9173447167236141,1.0
training_climatology,1979-2014,matched_hybrid_fine,1,,climatology,review,22.7312972707376,24.200295743706473,2.169449797303906,0.09543889077094941,20.043125737481535,37.71058126644694,1.866432048715158,0.5340282685663454,1.0
training_climatology,1979-2014,matched_hybrid_fine,1,,climatology,focus,30.53599083757599,31.90598831206731,1.8532368243548705,0.060690246935572636,29.956257871271372,37.71058126644694,1.531116837587034,0.9129276400575144,1.0
historical_reference,2015-01,native,1,2015,total,review,22.06559117373537,23.639561713711455,1.9417345851902437,0.08799830332674188,18.99127819980587,37.97242281869301,1.565011073329171,0.5150792667285554,1.0
historical_reference,2015-01,native,1,2015,total,focus,28.5685351628358,30.52561414847834,2.2206240322939816,0.07772971276394823,27.42627511712377,37.97242281869301,1.0516234783871061,0.7843892153694332,1.0
historical_reference,2015-01,native,1,2015,climatology,review,22.786057437789367,24.214047841490256,1.7238298339191316,0.07565283457331494,20.056060687508463,37.71058126644694,1.694818908993416,0.5439678646601609,1.0
historical_reference,2015-01,native,1,2015,climatology,focus,30.576198333676523,32.28910132124462,1.952355351076804,0.06385212869732357,29.95983715727749,37.71058126644694,1.3479326109021696,0.9345864492019454,1.0
historical_reference,2015-01,native,1,2015,anomaly,review,5.0057991267247415,5.236079818115012,0.8884407852235792,0.17748230856496225,4.3359600610104465,11.237375529519854,7.4100714226946165,0.4287983382205132,1.0
historical_reference,2015-01,native,1,2015,anomaly,focus,4.977532774078866,5.03492993945281,0.8646564362514801,0.17371185193481564,4.4791649849820185,9.536244468729986,6.707188707831962,0.5702118652390971,1.0
historical_reference,2015-01,L12_native,1,2015,total,review,21.78823457820542,23.138409610861693,2.232937545861166,0.10248363803163539,18.941120179707198,36.04820824909558,1.7689708349810926,0.5046423949053976,1.0
historical_reference,2015-01,L12_native,1,2015,total,focus,28.350488934819154,29.522576738290287,1.946119868451019,0.06864501959473643,27.33441789293432,36.04820824909558,1.4300710396346246,0.799074492907659,1.0
historical_reference,2015-01,L12_native,1,2015,climatology,review,22.678706914926856,24.055665790377503,1.9830873558136675,0.08744269958832718,19.92966940021541,38.09074514087267,1.7808599120137798,0.5320562783992538,1.0
historical_reference,2015-01,L12_native,1,2015,climatology,focus,30.429311056544943,31.62813509087727,1.6800692965391661,0.055212202912422015,29.798843195768445,38.09074514087267,1.3487786125000016,0.945186802495043,1.0
historical_reference,2015-01,L12_native,1,2015,anomaly,review,4.525792262188866,4.5614577968978915,1.0354232147374562,0.22878275332873574,3.979742321239113,9.988085452817312,9.939099687617379,0.3871658899143164,1.0
historical_reference,2015-01,L12_native,1,2015,anomaly,focus,3.898590997368561,3.70077045246168,1.0243928652104703,0.26275976779864996,3.4402741206507983,8.176309860685075,10.050083001708638,0.4701689126640119,1.0
historical_reference,2015-01,L12_fine,1,2015,total,review,21.81137601169311,23.296712124741653,2.282380658373688,0.10464175470406362,18.977438621035795,36.24669611954023,1.7048439232829675,0.5085563023226088,1.0
historical_reference,2015-01,L12_fine,1,2015,total,focus,28.414060877239752,29.78997974086209,2.0642635041784665,0.072649365857873,27.422561096505532,36.24669611954023,1.3920741065457447,0.8046632072423371,1.0
historical_reference,2015-01,L12_fine,1,2015,climatology,review,22.697684413356143,24.200295743706473,2.0326062273329835,0.08955125951689256,19.964936550268654,38.09074514087267,1.7661067612648982,0.5300573823850415,1.0
historical_reference,2015-01,L12_fine,1,2015,climatology,focus,30.5004428191247,31.90598831206731,1.8076188733994953,0.05926533211727876,29.898188512093373,38.09074514087267,1.3252295735688653,0.9173447167236141,1.0
historical_reference,2015-01,L12_fine,1,2015,anomaly,review,4.527712424652355,4.605790653135747,1.0420433017764716,0.23014785482019243,3.980488782674595,10.047291639524094,10.16123391196337,0.392792655203428,1.0
historical_reference,2015-01,L12_fine,1,2015,anomaly,focus,3.8952622699437485,3.7132357279900163,1.022461226103631,0.2624884167602908,3.436277465541762,8.176309860685075,10.210142170496223,0.4831315036581822,1.0
historical_reference,2015-01,matched_hybrid_fine,1,2015,total,review,21.854056937265405,23.296712124741653,2.4792303944052088,0.11344485838588808,18.963216622914086,36.2139433546448,1.731165326363899,0.5171554775120817,1.0
historical_reference,2015-01,matched_hybrid_fine,1,2015,total,focus,28.45747526184797,29.78997974086209,2.1601599204359005,0.07590834747494125,27.477412811399095,36.2139433546448,1.6228104129430032,0.8100683928968347,1.0
historical_reference,2015-01,matched_hybrid_fine,1,2015,climatology,review,22.7312972707376,24.200295743706473,2.169449797303906,0.09543889077094941,20.043125737481535,37.71058126644694,1.866432048715158,0.5340282685663454,1.0
historical_reference,2015-01,matched_hybrid_fine,1,2015,climatology,focus,30.53599083757599,31.90598831206731,1.8532368243548705,0.060690246935572636,29.956257871271372,37.71058126644694,1.531116837587034,0.9129276400575144,1.0
historical_reference,2015-01,matched_hybrid_fine,1,2015,anomaly,review,4.527712424652355,4.605790653135747,1.0420433017764716,0.23014785482019243,3.980488782674595,10.047291639524094,10.544568049830193,0.4007908248287216,1.0
historical_reference,2015-01,matched_hybrid_fine,1,2015,anomaly,focus,3.895262269943748,3.7132357279900163,1.022461226103631,0.26248841676029083,3.436277465541762,8.176309860685073,10.216795436136511,0.48853668931267974,1.0
historical_reference,2016-01,native,1,2016,total,review,26.76745563480331,27.701208449175198,2.0380977969005087,0.07614088633252665,23.501462392634846,43.1818808792278,2.575586029269343,0.5977635927850403,1.0
historical_reference,2016-01,native,1,2016,total,focus,35.82648349678286,36.25796097539063,1.4024389141205162,0.039145313110242934,35.336446309938495,43.1818808792278,1.4526393096674508,0.9914354378898504,1.0
historical_reference,2016-01,native,1,2016,climatology,review,22.786057437789367,24.214047841490256,1.7238298339191316,0.07565283457331494,20.056060687508463,37.71058126644694,1.694818908993416,0.5439678646601609,1.0
historical_reference,2016-01,native,1,2016,climatology,focus,30.576198333676523,32.28910132124462,1.952355351076804,0.06385212869732357,29.95983715727749,37.71058126644694,1.3479326109021696,0.9345864492019454,1.0
historical_reference,2016-01,native,1,2016,anomaly,review,5.967016120606458,5.742037687771359,1.1936548247215628,0.20004216522884902,5.304729995619732,14.382312441141877,6.042396813018629,0.5652145335695433,1.0
historical_reference,2016-01,native,1,2016,anomaly,focus,6.51686275416463,5.587796935454968,1.462592923502273,0.22443205859561743,6.1670872241880526,10.413107096980617,6.41044617926758,0.9022135613209877,1.0
historical_reference,2016-01,L12_native,1,2016,total,review,26.815496591667234,27.50266994832557,3.1204903424736097,0.11636891868872884,23.43183103111425,43.25660514148958,2.591959108610282,0.5771756010548458,1.0
historical_reference,2016-01,L12_native,1,2016,total,focus,35.98587229202287,35.28178229463901,2.2201560484149163,0.061695212787910306,35.37678772989367,43.25660514148958,1.4201653621060821,0.9691675764034617,1.0
historical_reference,2016-01,L12_native,1,2016,climatology,review,22.678706914926856,24.055665790377503,1.9830873558136675,0.08744269958832718,19.92966940021541,38.09074514087267,1.7808599120137798,0.5320562783992538,1.0
historical_reference,2016-01,L12_native,1,2016,climatology,focus,30.429311056544943,31.62813509087727,1.6800692965391661,0.055212202912422015,29.798843195768445,38.09074514087267,1.3487786125000016,0.945186802495043,1.0
historical_reference,2016-01,L12_native,1,2016,anomaly,review,6.1375870239496555,5.5737985695608385,1.8864303729937177,0.30735700620335377,5.400593084850678,13.61447567167599,10.122564057550159,0.5219464366974836,1.0
historical_reference,2016-01,L12_native,1,2016,anomaly,focus,6.727790946754246,5.269434793818703,2.187697449251343,0.32517322053634484,6.287464826992181,11.503837459509898,8.362659169083308,0.8050028283307874,1.0
historical_reference,2016-01,L12_fine,1,2016,total,review,26.83215904025883,27.664699739958632,3.110339090638871,0.11591833090926952,23.469080965456058,43.44911137202379,2.646169164985444,0.5937607974484139,1.0
historical_reference,2016-01,L12_fine,1,2016,total,focus,36.07054741911872,35.56987020893728,2.1114417733359234,0.05853644938631515,35.50225479826372,43.44911137202379,1.385267570539422,0.9846660567391742,1.0
historical_reference,2016-01,L12_fine,1,2016,climatology,review,22.697684413356143,24.200295743706473,2.0326062273329835,0.08955125951689256,19.964936550268654,38.09074514087267,1.7661067612648982,0.5300573823850415,1.0
historical_reference,2016-01,L12_fine,1,2016,climatology,focus,30.5004428191247,31.90598831206731,1.8076188733994953,0.05926533211727876,29.898188512093373,38.09074514087267,1.3252295735688653,0.9173447167236141,1.0
historical_reference,2016-01,L12_fine,1,2016,anomaly,review,6.1357229011098156,5.611262794569817,1.8981249126750697,0.30935636163291225,5.400208304489105,13.61447567167599,10.180039428672808,0.5304464682669235,1.0
historical_reference,2016-01,L12_fine,1,2016,anomaly,focus,6.736732892571652,5.300145470595298,2.187534520652493,0.3247174194875096,6.300305765885401,11.503837459509898,8.001413556804618,0.8116102744816616,1.0
historical_reference,2016-01,matched_hybrid_fine,1,2016,total,review,26.852093240662956,27.664699739958632,3.065938856830016,0.11417876548213268,23.48616709125135,43.33849626322677,2.6713873735485643,0.6020448783275333,1.0
historical_reference,2016-01,matched_hybrid_fine,1,2016,total,focus,36.10738335558744,35.56987020893728,2.0025693051700637,0.05546149067210588,35.56553734876755,43.33849626322677,1.5000972379613484,0.9884995425543807,1.0
historical_reference,2016-01,matched_hybrid_fine,1,2016,climatology,review,22.7312972707376,24.200295743706473,2.169449797303906,0.09543889077094941,20.043125737481535,37.71058126644694,1.866432048715158,0.5340282685663454,1.0
historical_reference,2016-01,matched_hybrid_fine,1,2016,climatology,focus,30.53599083757599,31.90598831206731,1.8532368243548705,0.060690246935572636,29.956257871271372,37.71058126644694,1.531116837587034,0.9129276400575144,1.0
historical_reference,2016-01,matched_hybrid_fine,1,2016,anomaly,review,6.1357229011098156,5.611262794569817,1.8981249126750699,0.3093563616329123,5.400208304489105,13.61447567167599,10.447363310733971,0.538730549146043,1.0
historical_reference,2016-01,matched_hybrid_fine,1,2016,anomaly,focus,6.736732892571652,5.300145470595298,2.1875345206524934,0.32471741948750965,6.300305765885403,11.503837459509889,7.986506902162818,0.8154437602968679,1.0
historical_reference,2017-01,native,1,2017,total,review,22.661363853840953,24.20269697174428,2.0201411472230393,0.08914472933987327,19.614600079383077,39.72832343103993,1.3608692343086868,0.5059186947383307,1.0
historical_reference,2017-01,native,1,2017,total,focus,29.612682264901814,32.40767357430573,3.031299983428061,0.10236492447092117,28.43752019141914,39.72832343103993,1.0744375904301333,0.8321163673686669,1.0
historical_reference,2017-01,native,1,2017,climatology,review,22.786057437789367,24.214047841490256,1.7238298339191316,0.07565283457331494,20.056060687508463,37.71058126644694,1.694818908993416,0.5439678646601609,1.0
historical_reference,2017-01,native,1,2017,climatology,focus,30.576198333676523,32.28910132124462,1.952355351076804,0.06385212869732357,29.95983715727749,37.71058126644694,1.3479326109021696,0.9345864492019454,1.0
historical_reference,2017-01,native,1,2017,anomaly,review,4.587045938541585,4.442148343470454,1.3385551711417691,0.29181202653648425,4.189845722218038,8.347141002091739,11.330342317228823,0.44400618536885444,1.0
historical_reference,2017-01,native,1,2017,anomaly,focus,6.2041364993989765,5.715476098309385,1.6853772313663071,0.27165379606486373,6.06303156723789,8.347141002091739,9.67540560174505,0.8076473573414239,1.0
historical_reference,2017-01,L12_native,1,2017,total,review,22.37978650869845,23.91530853611095,2.220113845233328,0.09920174369717186,19.380104302958042,37.63684529050877,1.25619908526752,0.506956305023148,1.0
historical_reference,2017-01,L12_native,1,2017,total,focus,29.196339277378055,31.476111061946312,2.515600504591092,0.08616150403965996,28.122963895151475,37.63684529050877,0.42645755057779255,0.8321163673686669,1.0
historical_reference,2017-01,L12_native,1,2017,climatology,review,22.678706914926856,24.055665790377503,1.9830873558136675,0.08744269958832718,19.92966940021541,38.09074514087267,1.7808599120137798,0.5320562783992538,1.0
historical_reference,2017-01,L12_native,1,2017,climatology,focus,30.429311056544943,31.62813509087727,1.6800692965391661,0.055212202912422015,29.798843195768445,38.09074514087267,1.3487786125000016,0.945186802495043,1.0
historical_reference,2017-01,L12_native,1,2017,anomaly,review,4.029929766031846,3.851931550916377,1.2070230334640326,0.2995146574607807,3.6559770495001866,7.332934882350047,10.725218577191146,0.43110745032543163,1.0
historical_reference,2017-01,L12_native,1,2017,anomaly,focus,5.355325777745361,4.600043333493592,1.4733886327053904,0.2751258642057253,5.156538763173201,7.332934882350047,10.277272300919584,0.7670256953705433,1.0
historical_reference,2017-01,L12_fine,1,2017,total,review,22.401181826638034,24.07951014901829,2.282363981164132,0.1018858736484203,19.415383351509202,37.63684529050877,1.2730125959078211,0.508609029563745,1.0
historical_reference,2017-01,L12_fine,1,2017,total,focus,29.261288323053254,31.777619985581516,2.716345278957871,0.09283067953019081,28.211651237011466,37.63684529050877,0.4295415989382443,0.816663785885808,1.0
historical_reference,2017-01,L12_fine,1,2017,climatology,review,22.697684413356143,24.200295743706473,2.0326062273329835,0.08955125951689256,19.964936550268654,38.09074514087267,1.7661067612648982,0.5300573823850415,1.0
historical_reference,2017-01,L12_fine,1,2017,climatology,focus,30.5004428191247,31.90598831206731,1.8076188733994953,0.05926533211727876,29.898188512093373,38.09074514087267,1.3252295735688653,0.9173447167236141,1.0
historical_reference,2017-01,L12_fine,1,2017,anomaly,review,4.026168262858025,3.8934409306070297,1.2092607050633766,0.3003502650942283,3.651865913753541,7.332934882350047,11.255959326089735,0.43223066040102365,1.0
historical_reference,2017-01,L12_fine,1,2017,anomaly,focus,5.362918450949322,4.66121644824045,1.4821478670723456,0.27636964474259007,5.163252330529866,7.332934882350047,10.988507668193085,0.7514933079072732,1.0
historical_reference,2017-01,matched_hybrid_fine,1,2017,total,review,22.42976677163108,24.07951014901829,2.3954813961622023,0.10679921109086077,19.489156192536907,38.21167080874595,1.334634701389571,0.5112918604137686,1.0
historical_reference,2017-01,matched_hybrid_fine,1,2017,total,focus,29.299810072691457,31.777619985581516,2.7105264635582365,0.09251003528123722,28.258296251941697,38.21167080874595,0.49858507241649636,0.816663785885808,1.0
historical_reference,2017-01,matched_hybrid_fine,1,2017,climatology,review,22.7312972707376,24.200295743706473,2.169449797303906,0.09543889077094941,20.043125737481535,37.71058126644694,1.866432048715158,0.5340282685663454,1.0
historical_reference,2017-01,matched_hybrid_fine,1,2017,climatology,focus,30.53599083757599,31.90598831206731,1.8532368243548705,0.060690246935572636,29.956257871271372,37.71058126644694,1.531116837587034,0.9129276400575144,1.0
historical_reference,2017-01,matched_hybrid_fine,1,2017,anomaly,review,4.026168262858024,3.8934409306070297,1.2092607050633766,0.30035026509422835,3.651865913753541,7.332934882350051,11.176695525054496,0.4325854691538247,1.0
historical_reference,2017-01,matched_hybrid_fine,1,2017,anomaly,focus,5.362918450949322,4.66121644824045,1.4821478670723456,0.27636964474259007,5.163252330529866,7.332934882350051,10.98850766819307,0.7514933079072732,1.0
historical_reference,2018-01,native,1,2018,total,review,21.952722983466245,23.47121860002021,1.9012836549194676,0.0866081012524699,19.076720522137432,39.290364568192324,1.5489129017880647,0.48709072055399194,1.0
historical_reference,2018-01,native,1,2018,total,focus,28.604739252680663,30.78359318241713,2.432716354027988,0.0850459195778199,27.90712130059428,39.290364568192324,1.262933465218397,0.8676290880018479,1.0
historical_reference,2018-01,native,1,2018,climatology,review,22.786057437789367,24.214047841490256,1.7238298339191316,0.07565283457331494,20.056060687508463,37.71058126644694,1.694818908993416,0.5439678646601609,1.0
historical_reference,2018-01,native,1,2018,climatology,focus,30.576198333676523,32.28910132124462,1.952355351076804,0.06385212869732357,29.95983715727749,37.71058126644694,1.3479326109021696,0.9345864492019454,1.0
historical_reference,2018-01,native,1,2018,anomaly,review,4.625502001214823,4.549547727759899,1.1705492812078886,0.2530642686783965,3.9535528049855824,13.738553939384916,9.464596601480135,0.30141811001658453,1.0
historical_reference,2018-01,native,1,2018,anomaly,focus,4.002338588856786,3.6920470806070984,1.316523366205297,0.32893852855696154,3.6472135524368587,7.552096411977161,10.099010982770737,0.6268617340822518,1.0
historical_reference,2018-01,L12_native,1,2018,total,review,21.787901692149582,23.2365146154513,2.676221307008692,0.12283061236562141,19.104976880256512,37.46380728982571,1.81680240915957,0.4935018161421322,1.0
historical_reference,2018-01,L12_native,1,2018,total,focus,28.301617500339272,29.985073661255214,2.423990550153404,0.08564848104969074,27.646527834533675,37.46380728982571,1.2865767845272513,0.8656716267473366,1.0
historical_reference,2018-01,L12_native,1,2018,climatology,review,22.678706914926856,24.055665790377503,1.9830873558136675,0.08744269958832718,19.92966940021541,38.09074514087267,1.7808599120137798,0.5320562783992538,1.0
historical_reference,2018-01,L12_native,1,2018,climatology,focus,30.429311056544943,31.62813509087727,1.6800692965391661,0.055212202912422015,29.798843195768445,38.09074514087267,1.3487786125000016,0.945186802495043,1.0
historical_reference,2018-01,L12_native,1,2018,anomaly,review,4.2320328119324735,3.8590825299801392,1.4457667236970695,0.3416246489442715,3.5713066623510055,9.867841023120949,13.508521903348932,0.2268272384533622,1.0
historical_reference,2018-01,L12_native,1,2018,anomaly,focus,3.872087362127855,3.5408214685292987,1.4874200230063204,0.38413906606407977,3.4213702875100633,7.530100646221158,11.02621248452621,0.549889128574377,1.0
historical_reference,2018-01,L12_fine,1,2018,total,review,21.802114189019058,23.381323967640633,2.7171566205154702,0.12462812537162128,19.136574214677722,37.46380728982571,1.7995007245535646,0.49249186285806773,1.0
historical_reference,2018-01,L12_fine,1,2018,total,focus,28.36648070356002,30.253940177553723,2.550905351367691,0.08992674762955527,27.741223488867245,37.46380728982571,1.2994786048242222,0.8682299241131705,1.0
historical_reference,2018-01,L12_fine,1,2018,climatology,review,22.697684413356143,24.200295743706473,2.0326062273329835,0.08955125951689256,19.964936550268654,38.09074514087267,1.7661067612648982,0.5300573823850415,1.0
historical_reference,2018-01,L12_fine,1,2018,climatology,focus,30.5004428191247,31.90598831206731,1.8076188733994953,0.05926533211727876,29.898188512093373,38.09074514087267,1.3252295735688653,0.9173447167236141,1.0
historical_reference,2018-01,L12_fine,1,2018,anomaly,review,4.235800489426339,3.884931702520844,1.4551534746280788,0.3435368304669969,3.5730014077044303,9.867841023120949,13.02588129332826,0.22223456619286694,1.0
historical_reference,2018-01,L12_fine,1,2018,anomaly,focus,3.8739287526525987,3.5599912443168247,1.4961967069338906,0.38622205065320275,3.421323553137438,7.530100646221158,10.849183549829439,0.5456292223612378,1.0
historical_reference,2018-01,matched_hybrid_fine,1,2018,total,review,21.79997720207987,23.381323967640633,2.8210388955288206,0.12940558925261966,19.169533365308105,36.672530932144696,1.8771031350130436,0.5001686867287866,1.0
historical_reference,2018-01,matched_hybrid_fine,1,2018,total,focus,28.381741288527646,30.253940177553723,2.556478493707225,0.09007475854698861,27.789006413299465,36.672530932144696,1.4866146497673969,0.8752972467789301,1.0
historical_reference,2018-01,matched_hybrid_fine,1,2018,climatology,review,22.7312972707376,24.200295743706473,2.169449797303906,0.09543889077094941,20.043125737481535,37.71058126644694,1.866432048715158,0.5340282685663454,1.0
historical_reference,2018-01,matched_hybrid_fine,1,2018,climatology,focus,30.53599083757599,31.90598831206731,1.8532368243548705,0.060690246935572636,29.956257871271372,37.71058126644694,1.531116837587034,0.9129276400575144,1.0
historical_reference,2018-01,matched_hybrid_fine,1,2018,anomaly,review,4.235800489426339,3.884931702520844,1.4551534746280788,0.3435368304669969,3.57300140770443,9.867841023120949,12.929505183645144,0.22586454628861471,1.0
historical_reference,2018-01,matched_hybrid_fine,1,2018,anomaly,focus,3.8739287526525987,3.5599912443168247,1.4961967069338904,0.3862220506532027,3.421323553137438,7.53010064622116,10.754369534953236,0.5526965450269973,1.0
historical_reference,2019-01,native,1,2019,total,review,24.391386294368747,26.149745628133168,2.3454451634159077,0.09615874780997594,21.44953045703668,39.21209083093679,1.760748124269361,0.5480710909831968,1.0
historical_reference,2019-01,native,1,2019,total,focus,32.2206449405534,35.62871705430182,3.6109858069517777,0.11207056263504321,31.29628346821995,39.21209083093679,1.3545860605460953,0.8639174272479602,1.0
historical_reference,2019-01,native,1,2019,climatology,review,22.786057437789367,24.214047841490256,1.7238298339191316,0.07565283457331494,20.056060687508463,37.71058126644694,1.694818908993416,0.5439678646601609,1.0
historical_reference,2019-01,native,1,2019,climatology,focus,30.576198333676523,32.28910132124462,1.952355351076804,0.06385212869732357,29.95983715727749,37.71058126644694,1.3479326109021696,0.9345864492019454,1.0
historical_reference,2019-01,native,1,2019,anomaly,review,4.945544365683553,5.035442426450011,1.7571958754449173,0.35530888927776205,4.554441397884848,9.217626171663273,15.36459439852487,0.4829355953060389,1.0
historical_reference,2019-01,native,1,2019,anomaly,focus,5.767054075887903,6.252405083896101,2.26555629551997,0.3928446422918554,5.373046576610886,9.217626171663273,17.548562126788365,0.7796289657853742,1.0
historical_reference,2019-01,L12_native,1,2019,total,review,24.142360509077434,25.955628391558395,2.6266933858963695,0.10880018898353966,21.22281055875496,39.5932587454099,1.8445030272923362,0.545358752267318,1.0
historical_reference,2019-01,L12_native,1,2019,total,focus,32.1080167386887,34.93683693676052,3.1526719928974516,0.09818955865619147,31.23158755330976,39.5932587454099,0.9465862972234642,0.8709843294433588,1.0
historical_reference,2019-01,L12_native,1,2019,climatology,review,22.678706914926856,24.055665790377503,1.9830873558136675,0.08744269958832718,19.92966940021541,38.09074514087267,1.7808599120137798,0.5320562783992538,1.0
historical_reference,2019-01,L12_native,1,2019,climatology,focus,30.429311056544943,31.62813509087727,1.6800692965391661,0.055212202912422015,29.798843195768445,38.09074514087267,1.3487786125000016,0.945186802495043,1.0
historical_reference,2019-01,L12_native,1,2019,anomaly,review,4.643742621984618,4.713190657647241,1.7285110010981957,0.37222368718606413,4.293492719523527,8.623831995170747,15.550930763710733,0.48499184067038525,1.0
historical_reference,2019-01,L12_native,1,2019,anomaly,focus,5.410897234452448,5.809617454964075,2.2488400205844505,0.4156131456841502,5.085479709678246,8.623831995170747,17.688611753012196,0.7963060496036417,1.0
historical_reference,2019-01,L12_fine,1,2019,total,review,24.162280016388063,26.12704219226598,2.6975629220730846,0.1116435584822071,21.26258727179693,39.95682460368948,1.804480913057356,0.5467919572300038,1.0
historical_reference,2019-01,L12_fine,1,2019,total,focus,32.18290782802984,35.27221866847808,3.3773648386602995,0.10494281177783349,31.337440558428828,39.95682460368948,0.9650160317742262,0.8871477707906924,1.0
historical_reference,2019-01,L12_fine,1,2019,climatology,review,22.697684413356143,24.200295743706473,2.0326062273329835,0.08955125951689256,19.964936550268654,38.09074514087267,1.7661067612648982,0.5300573823850415,1.0
historical_reference,2019-01,L12_fine,1,2019,climatology,focus,30.5004428191247,31.90598831206731,1.8076188733994953,0.05926533211727876,29.898188512093373,38.09074514087267,1.3252295735688653,0.9173447167236141,1.0
historical_reference,2019-01,L12_fine,1,2019,anomaly,review,4.644470470842164,4.755284867068054,1.7434617828214682,0.3753844046951887,4.295185601577833,8.679998368162366,15.572986928195508,0.48436979399018343,1.0
historical_reference,2019-01,L12_fine,1,2019,anomaly,focus,5.418110167491106,5.879599614364576,2.2976632421809535,0.4240709714555145,5.092174559455273,8.679998368162366,17.699377744165126,0.8119456269320522,1.0
historical_reference,2019-01,matched_hybrid_fine,1,2019,total,review,24.159796088516078,26.12704219226598,2.691167110058694,0.11139030727738183,21.29628883421683,39.95679353707448,1.510082825229859,0.5566396268832473,1.0
historical_reference,2019-01,matched_hybrid_fine,1,2019,total,focus,32.21657888008109,35.27221866847808,3.2943493048712322,0.10225633569392023,31.391384145816374,39.95679353707448,0.7878458608365089,0.8906814321235722,1.0
historical_reference,2019-01,matched_hybrid_fine,1,2019,climatology,review,22.7312972707376,24.200295743706473,2.169449797303906,0.09543889077094941,20.043125737481535,37.71058126644694,1.866432048715158,0.5340282685663454,1.0
historical_reference,2019-01,matched_hybrid_fine,1,2019,climatology,focus,30.53599083757599,31.90598831206731,1.8532368243548705,0.060690246935572636,29.956257871271372,37.71058126644694,1.531116837587034,0.9129276400575144,1.0
historical_reference,2019-01,matched_hybrid_fine,1,2019,anomaly,review,4.644470470842164,4.755284867068054,1.7434617828214682,0.3753844046951887,4.295185601577832,8.67999836816237,15.421007756995657,0.4883968285735439,1.0
historical_reference,2019-01,matched_hybrid_fine,1,2019,anomaly,focus,5.418110167491106,5.879599614364576,2.297663242180953,0.4240709714555144,5.092174559455274,8.67999836816237,17.69937774416513,0.8119456269320522,1.0
historical_reference,2020-01,native,1,2020,total,review,21.032428387443005,22.39974603214587,1.7032327711738784,0.08098127043621647,19.052039817320715,35.32430143530915,1.275025785473935,0.46737459939909726,1.0
historical_reference,2020-01,native,1,2020,total,focus,28.442821790820354,30.743996558844085,2.513344219332917,0.08836479860602561,27.937983045579852,35.32430143530915,1.171427487160633,0.9179557853864498,1.0
historical_reference,2020-01,native,1,2020,climatology,review,22.786057437789367,24.214047841490256,1.7238298339191316,0.07565283457331494,20.056060687508463,37.71058126644694,1.694818908993416,0.5439678646601609,1.0
historical_reference,2020-01,native,1,2020,climatology,focus,30.576198333676523,32.28910132124462,1.952355351076804,0.06385212869732357,29.95983715727749,37.71058126644694,1.3479326109021696,0.9345864492019454,1.0
historical_reference,2020-01,native,1,2020,anomaly,review,4.696696523982442,4.959007734764238,1.069558585185913,0.22772571736847258,4.247732667358388,13.913573492718664,9.210398720624184,0.369342240017331,1.0
historical_reference,2020-01,native,1,2020,anomaly,focus,3.6065598702815462,3.3762851771905225,1.243475827889714,0.3447816957472668,3.2302468459039515,7.219618969647689,9.680970913856273,0.6286953733914957,1.0
historical_reference,2020-01,L12_native,1,2020,total,review,20.879022076750278,22.15480822753207,1.8053725018709588,0.08646825005665958,18.77883934570857,36.22827882554977,1.0266626594172084,0.47539636279668784,1.0
historical_reference,2020-01,L12_native,1,2020,total,focus,28.49818631005935,30.328005072162,2.0554788658127348,0.07212665548078011,27.977425752201192,36.22827882554977,0.7252317256152229,0.9257402954082239,1.0
historical_reference,2020-01,L12_native,1,2020,climatology,review,22.678706914926856,24.055665790377503,1.9830873558136675,0.08744269958832718,19.92966940021541,38.09074514087267,1.7808599120137798,0.5320562783992538,1.0
historical_reference,2020-01,L12_native,1,2020,climatology,focus,30.429311056544943,31.62813509087727,1.6800692965391661,0.055212202912422015,29.798843195768445,38.09074514087267,1.3487786125000016,0.945186802495043,1.0
historical_reference,2020-01,L12_native,1,2020,anomaly,review,4.591525666826986,4.826516350865791,1.0798746878620578,0.2351886423425603,4.202143883930653,10.463380656578444,7.275402570145972,0.3803176412703263,1.0
historical_reference,2020-01,L12_native,1,2020,anomaly,focus,3.49278761254875,3.3523498570207195,1.176970549747384,0.33697169147039185,3.1863018142261126,6.334005689441278,8.425918060269101,0.6235912004953134,1.0
historical_reference,2020-01,L12_fine,1,2020,total,review,20.891609020388298,22.273193716210123,1.851853076314859,0.08864099813985701,18.80895384951266,36.244279205355525,1.0193391358130492,0.4679217353042312,1.0
historical_reference,2020-01,L12_fine,1,2020,total,focus,28.566985495868582,30.600182432859015,2.220786215773109,0.07773960665518187,28.074977995253725,36.244279205355525,0.7246734000628757,0.900615107259708,1.0
historical_reference,2020-01,L12_fine,1,2020,climatology,review,22.697684413356143,24.200295743706473,2.0326062273329835,0.08955125951689256,19.964936550268654,38.09074514087267,1.7661067612648982,0.5300573823850415,1.0
historical_reference,2020-01,L12_fine,1,2020,climatology,focus,30.5004428191247,31.90598831206731,1.8076188733994953,0.05926533211727876,29.898188512093373,38.09074514087267,1.3252295735688653,0.9173447167236141,1.0
historical_reference,2020-01,L12_fine,1,2020,anomaly,review,4.5937728709310335,4.873243241751915,1.100249477230232,0.2395088978370063,4.2049379663838655,10.463380656578444,7.245410658918241,0.3711638961954993,1.0
historical_reference,2020-01,L12_fine,1,2020,anomaly,focus,3.4874179943591153,3.372225886950455,1.1881949646734566,0.340709076627854,3.1818169804968495,6.3396215175054245,8.468926480504173,0.6011269302052953,1.0
historical_reference,2020-01,matched_hybrid_fine,1,2020,total,review,20.9139642865128,22.273193716210123,2.0763741626635097,0.09928171121543618,18.901714452167948,35.919826939146894,1.1559283355675454,0.4755261120441332,1.0
historical_reference,2020-01,matched_hybrid_fine,1,2020,total,focus,28.591105419436197,30.600182432859015,2.2891500574016486,0.08006511199267893,28.133044388316094,35.919826939146894,0.8397882975498835,0.8995319193721225,1.0
historical_reference,2020-01,matched_hybrid_fine,1,2020,climatology,review,22.7312972707376,24.200295743706473,2.169449797303906,0.09543889077094941,20.043125737481535,37.71058126644694,1.866432048715158,0.5340282685663454,1.0
historical_reference,2020-01,matched_hybrid_fine,1,2020,climatology,focus,30.53599083757599,31.90598831206731,1.8532368243548705,0.060690246935572636,29.956257871271372,37.71058126644694,1.531116837587034,0.9129276400575144,1.0
historical_reference,2020-01,matched_hybrid_fine,1,2020,anomaly,review,4.5937728709310335,4.873243241751915,1.100249477230232,0.2395088978370063,4.2049379663838655,10.463380656578444,7.3009445376405715,0.3755841314897226,1.0
historical_reference,2020-01,matched_hybrid_fine,1,2020,anomaly,focus,3.4874179943591153,3.372225886950455,1.1881949646734566,0.340709076627854,3.1818169804968495,6.3396215175054245,8.462925214148346,0.6000437423177098,1.0
historical_reference,2021-01,native,1,2021,total,review,23.42691834163251,25.009983452205223,2.038112794165231,0.08699875777273078,20.369806466506315,40.39742208241143,1.5810040927936884,0.5225631349695892,1.0
historical_reference,2021-01,native,1,2021,total,focus,31.755502017740763,33.614283682515634,2.185980735743738,0.06883785790955224,30.975019968699314,40.39742208241143,1.1753464100863356,0.907659950180163,1.0
historical_reference,2021-01,native,1,2021,climatology,review,22.786057437789367,24.214047841490256,1.7238298339191316,0.07565283457331494,20.056060687508463,37.71058126644694,1.694818908993416,0.5439678646601609,1.0
historical_reference,2021-01,native,1,2021,climatology,focus,30.576198333676523,32.28910132124462,1.952355351076804,0.06385212869732357,29.95983715727749,37.71058126644694,1.3479326109021696,0.9345864492019454,1.0
historical_reference,2021-01,native,1,2021,anomaly,review,7.343616101443835,7.677914355921108,1.336792482123941,0.18203463575133141,6.643804584686065,13.622280786712341,8.469316827379824,0.47928517413146554,1.0
historical_reference,2021-01,native,1,2021,anomaly,focus,7.6452093390326334,7.901295104314325,1.3434225987900825,0.17572083892212545,7.322806637679245,11.345622701030157,7.175711959683842,0.903734109054219,1.0
historical_reference,2021-01,L12_native,1,2021,total,review,23.26882314851904,24.89282014570031,2.232423766972816,0.0959405532769671,20.156175086558832,38.71956133138647,1.6662663245224807,0.5257392089452462,1.0
historical_reference,2021-01,L12_native,1,2021,total,focus,31.29254435994045,33.065109126212995,2.1587268498582297,0.0689853412054838,30.610277200305767,38.71956133138647,1.3662396634086427,0.9162245122903124,1.0
historical_reference,2021-01,L12_native,1,2021,climatology,review,22.678706914926856,24.055665790377503,1.9830873558136675,0.08744269958832718,19.92966940021541,38.09074514087267,1.7808599120137798,0.5320562783992538,1.0
historical_reference,2021-01,L12_native,1,2021,climatology,focus,30.429311056544943,31.62813509087727,1.6800692965391661,0.055212202912422015,29.798843195768445,38.09074514087267,1.3487786125000016,0.945186802495043,1.0
historical_reference,2021-01,L12_native,1,2021,anomaly,review,7.170186422074265,7.5363222234057154,1.5659585785411003,0.2183985863631261,6.413596379894448,13.320478587391543,9.28204801526486,0.4900613191993614,1.0
historical_reference,2021-01,L12_native,1,2021,anomaly,focus,7.064199128793566,6.794930899219251,1.27764541447006,0.18086203279044005,6.720107787625324,12.002283886143076,8.87459512901934,0.9081404921225661,1.0
historical_reference,2021-01,L12_fine,1,2021,total,review,23.27459789872455,25.032816396847824,2.3056869092450545,0.09906452172784502,20.171390414321024,38.72132385424076,1.6132912191826736,0.5223647246211417,1.0
historical_reference,2021-01,L12_fine,1,2021,total,focus,31.36289732048021,33.34939704404568,2.319478115780926,0.07395611738543967,30.721963397981625,38.72132385424076,1.3893679828925178,0.9263950239444885,1.0
historical_reference,2021-01,L12_fine,1,2021,climatology,review,22.697684413356143,24.200295743706473,2.0326062273329835,0.08955125951689256,19.964936550268654,38.09074514087267,1.7661067612648982,0.5300573823850415,1.0
historical_reference,2021-01,L12_fine,1,2021,climatology,focus,30.5004428191247,31.90598831206731,1.8076188733994953,0.05926533211727876,29.898188512093373,38.09074514087267,1.3252295735688653,0.9173447167236141,1.0
historical_reference,2021-01,L12_fine,1,2021,anomaly,review,7.179167241286025,7.655197135058671,1.6097403173428004,0.22422382196161836,6.420191836226649,13.405205510504759,9.308998427521178,0.49076128467403063,1.0
historical_reference,2021-01,L12_fine,1,2021,anomaly,focus,7.055825377937972,6.873473802841566,1.2749787755297297,0.18069874284535306,6.714381392190407,12.002283886143076,8.87716663535255,0.9203316480781324,1.0
historical_reference,2021-01,matched_hybrid_fine,1,2021,total,review,23.244960316596803,25.032816396847824,2.3989730659907904,0.1032040078071432,20.25280250586407,38.031443775156866,1.718696837649056,0.5433191695536123,1.0
historical_reference,2021-01,matched_hybrid_fine,1,2021,total,focus,31.36681450138594,33.34939704404568,2.340818227862856,0.07462722195648613,30.782382425858597,38.031443775156866,1.444881604623792,0.9327880665436776,1.0
historical_reference,2021-01,matched_hybrid_fine,1,2021,climatology,review,22.7312972707376,24.200295743706473,2.169449797303906,0.09543889077094941,20.043125737481535,37.71058126644694,1.866432048715158,0.5340282685663454,1.0
historical_reference,2021-01,matched_hybrid_fine,1,2021,climatology,focus,30.53599083757599,31.90598831206731,1.8532368243548705,0.060690246935572636,29.956257871271372,37.71058126644694,1.531116837587034,0.9129276400575144,1.0
historical_reference,2021-01,matched_hybrid_fine,1,2021,anomaly,review,7.179167241286025,7.655197135058671,1.6097403173428004,0.22422382196161836,6.420191836226649,13.405205510504755,9.152733598727963,0.5072499907908637,1.0
historical_reference,2021-01,matched_hybrid_fine,1,2021,anomaly,focus,7.055825377937972,6.873473802841566,1.2749787755297295,0.18069874284535303,6.714381392190406,12.002283886143076,8.841205157655743,0.9267246906773215,1.0
historical_reference,2022-01,native,1,2022,total,review,23.69999032687327,25.214511822235398,2.2034412326311634,0.09297224185499753,20.48134983656344,40.99051323080286,2.3334620864961115,0.5385429393848689,1.0
historical_reference,2022-01,native,1,2022,total,focus,31.403488620415708,33.99489484419001,2.9100785559006614,0.09266736543432284,29.857748215811903,40.99051323080286,1.5452786824250142,0.8064171316767718,1.0
historical_reference,2022-01,native,1,2022,climatology,review,22.786057437789367,24.214047841490256,1.7238298339191316,0.07565283457331494,20.056060687508463,37.71058126644694,1.694818908993416,0.5439678646601609,1.0
historical_reference,2022-01,native,1,2022,climatology,focus,30.576198333676523,32.28910132124462,1.952355351076804,0.06385212869732357,29.95983715727749,37.71058126644694,1.3479326109021696,0.9345864492019454,1.0
historical_reference,2022-01,native,1,2022,anomaly,review,5.448178955845869,5.697337313321373,1.2614361558155587,0.23153353919515512,4.9508369985848955,9.285770970842878,9.734635106583962,0.4513079744657366,1.0
historical_reference,2022-01,native,1,2022,anomaly,focus,5.675371929185659,6.215295756928578,1.4227895244410673,0.25069538035460853,5.348060682739279,9.003802030398884,8.887059142285445,0.7571463151557994,1.0
historical_reference,2022-01,L12_native,1,2022,total,review,23.61663908963388,24.80964897058772,2.333430575651203,0.09880451518926851,20.546059987928878,41.002113605807025,2.310073279078009,0.5408511702007778,1.0
historical_reference,2022-01,L12_native,1,2022,total,focus,31.548586778214236,32.959371709849144,2.028673798396631,0.06430315920830801,30.051411044105986,41.002113605807025,1.213003116216914,0.8321163673686669,1.0
historical_reference,2022-01,L12_native,1,2022,climatology,review,22.678706914926856,24.055665790377503,1.9830873558136675,0.08744269958832718,19.92966940021541,38.09074514087267,1.7808599120137798,0.5320562783992538,1.0
historical_reference,2022-01,L12_native,1,2022,climatology,focus,30.429311056544943,31.62813509087727,1.6800692965391661,0.055212202912422015,29.798843195768445,38.09074514087267,1.3487786125000016,0.945186802495043,1.0
historical_reference,2022-01,L12_native,1,2022,anomaly,review,5.331986818456138,5.304755295072606,1.1270111315087243,0.21136795155000912,4.720002855210509,11.353255037273424,9.91957045563508,0.4299875783977326,1.0
historical_reference,2022-01,L12_native,1,2022,anomaly,focus,5.3260998637370776,5.065509961075428,1.0517005182690622,0.1974616595962834,5.034489025941468,10.089143979149176,8.237247429032996,0.7624403632588207,1.0
historical_reference,2022-01,L12_fine,1,2022,total,review,23.641850956137176,24.990432101152226,2.3722440987581694,0.10034087868836512,20.58733515200691,41.180753055407266,2.318112263375792,0.5352472354268798,1.0
historical_reference,2022-01,L12_fine,1,2022,total,focus,31.619805457661858,33.28618113121025,2.1849979622950926,0.06910219499043886,30.156980097257932,41.180753055407266,1.183365320231298,0.8184655144373072,1.0
historical_reference,2022-01,L12_fine,1,2022,climatology,review,22.697684413356143,24.200295743706473,2.0326062273329835,0.08955125951689256,19.964936550268654,38.09074514087267,1.7661067612648982,0.5300573823850415,1.0
historical_reference,2022-01,L12_fine,1,2022,climatology,focus,30.5004428191247,31.90598831206731,1.8076188733994953,0.05926533211727876,29.898188512093373,38.09074514087267,1.3252295735688653,0.9173447167236141,1.0
historical_reference,2022-01,L12_fine,1,2022,anomaly,review,5.336257632238086,5.356906347098628,1.139462175113312,0.2135320769052541,4.725917216081048,11.383309938234628,10.006201406330037,0.43013644152942365,1.0
historical_reference,2022-01,L12_fine,1,2022,anomaly,focus,5.314040994286059,5.095720362719917,1.070998565950636,0.20154126908359024,5.031446660561372,10.089143979149176,8.525245888397551,0.7543368129670919,1.0
historical_reference,2022-01,matched_hybrid_fine,1,2022,total,review,23.67931028139274,24.990432101152226,2.430726702688834,0.10265192160596438,20.643101498027484,41.4000157076727,2.3797047678920693,0.5338851085300471,1.0
historical_reference,2022-01,matched_hybrid_fine,1,2022,total,focus,31.660301674942453,33.28618113121025,2.163450825972925,0.0683332347298885,30.21676257213987,41.4000157076727,1.383017148718574,0.8202672429888065,1.0
historical_reference,2022-01,matched_hybrid_fine,1,2022,climatology,review,22.7312972707376,24.200295743706473,2.169449797303906,0.09543889077094941,20.043125737481535,37.71058126644694,1.866432048715158,0.5340282685663454,1.0
historical_reference,2022-01,matched_hybrid_fine,1,2022,climatology,focus,30.53599083757599,31.90598831206731,1.8532368243548705,0.060690246935572636,29.956257871271372,37.71058126644694,1.531116837587034,0.9129276400575144,1.0
historical_reference,2022-01,matched_hybrid_fine,1,2022,anomaly,review,5.336257632238086,5.356906347098628,1.139462175113312,0.2135320769052541,4.725917216081048,11.383309938234628,10.126795257426167,0.4258285157670896,1.0
historical_reference,2022-01,matched_hybrid_fine,1,2022,anomaly,focus,5.314040994286059,5.095720362719917,1.0709985659506362,0.20154126908359027,5.031446660561372,10.089143979149176,8.529271170069267,0.7561385415185912,1.0
historical_reference,2023-01,native,1,2023,total,review,23.71953213529987,25.313467751041244,2.0196732102066837,0.08514810489035603,21.245008788849262,37.51677479329701,1.3377822050568082,0.5630960321552961,1.0
historical_reference,2023-01,native,1,2023,total,focus,31.397748510736953,33.88621858360213,2.7405421073542406,0.08728466967677855,30.94575102922404,37.51677479329701,1.031463540819286,0.9719106008745945,1.0
historical_reference,2023-01,native,1,2023,climatology,review,22.786057437789367,24.214047841490256,1.7238298339191316,0.07565283457331494,20.056060687508463,37.71058126644694,1.694818908993416,0.5439678646601609,1.0
historical_reference,2023-01,native,1,2023,climatology,focus,30.576198333676523,32.28910132124462,1.952355351076804,0.06385212869732357,29.95983715727749,37.71058126644694,1.3479326109021696,0.9345864492019454,1.0
historical_reference,2023-01,native,1,2023,anomaly,review,4.7430152969127715,4.790704257057673,1.4181910951162606,0.29900622417122735,4.297196748995255,9.257823458842605,12.354492097402797,0.3622095168889684,1.0
historical_reference,2023-01,native,1,2023,anomaly,focus,4.272629325179655,4.284562660033916,1.5887822955720923,0.3718511891984188,3.894039720079094,8.902372459056336,14.872498457589444,0.7194382810396772,1.0
historical_reference,2023-01,L12_native,1,2023,total,review,23.49891201359843,25.037207898201665,2.7293500047084023,0.11614793072670652,20.89291910438456,37.99562658738255,1.6018550779247764,0.5525589698022325,1.0
historical_reference,2023-01,L12_native,1,2023,total,focus,31.4151764473557,33.07813351530359,2.4939064531208937,0.07938540333523457,30.92442531915723,37.99562658738255,1.078761130839728,0.950538360563439,1.0
historical_reference,2023-01,L12_native,1,2023,climatology,review,22.678706914926856,24.055665790377503,1.9830873558136675,0.08744269958832718,19.92966940021541,38.09074514087267,1.7808599120137798,0.5320562783992538,1.0
historical_reference,2023-01,L12_native,1,2023,climatology,focus,30.429311056544943,31.62813509087727,1.6800692965391661,0.055212202912422015,29.798843195768445,38.09074514087267,1.3487786125000016,0.945186802495043,1.0
historical_reference,2023-01,L12_native,1,2023,anomaly,review,4.369525871052463,4.017916208594066,1.5866198518289736,0.36311030044246273,3.983007549237407,8.050339271831186,9.738174898736332,0.36641028645806945,1.0
historical_reference,2023-01,L12_native,1,2023,anomaly,focus,4.540519855226161,3.877944779390404,1.6825600329659955,0.3705655049673135,4.215621659115553,7.427412733514972,10.465514991977127,0.7185916474621248,1.0
historical_reference,2023-01,L12_fine,1,2023,total,review,23.509304561708884,25.170539359582843,2.765937869906473,0.11765290047803174,20.924195408386836,38.25239392777347,1.5843901065535104,0.5422627378301212,1.0
historical_reference,2023-01,L12_fine,1,2023,total,focus,31.487622167892027,33.3425814841294,2.5990538037826525,0.0825420792311498,31.03197554660382,38.25239392777347,1.090830299739654,0.9668165979542933,1.0
historical_reference,2023-01,L12_fine,1,2023,climatology,review,22.697684413356143,24.200295743706473,2.0326062273329835,0.08955125951689256,19.964936550268654,38.09074514087267,1.7661067612648982,0.5300573823850415,1.0
historical_reference,2023-01,L12_fine,1,2023,climatology,focus,30.5004428191247,31.90598831206731,1.8076188733994953,0.05926533211727876,29.898188512093373,38.09074514087267,1.3252295735688653,0.9173447167236141,1.0
historical_reference,2023-01,L12_fine,1,2023,anomaly,review,4.370129559701957,4.0590205390202065,1.5925405958171333,0.3644149616300494,3.9825041194390742,8.099142059798478,9.849199539086474,0.34534898143566684,1.0
historical_reference,2023-01,L12_fine,1,2023,anomaly,focus,4.53666132796511,3.907663210875368,1.6677287727690284,0.36761147729691285,4.212156050512194,7.456051112691024,10.402280399348578,0.720382195647786,1.0
historical_reference,2023-01,matched_hybrid_fine,1,2023,total,review,23.509037923878974,25.170539359582843,2.809067507224702,0.1194888330318031,20.985458711007283,37.63811222449556,1.602693244938308,0.558354640985003,1.0
historical_reference,2023-01,matched_hybrid_fine,1,2023,total,focus,31.50410012773325,33.3425814841294,2.566995484905326,0.0814813143209123,31.085612055683484,37.63811222449556,1.1190270530782342,0.9659451372966678,1.0
historical_reference,2023-01,matched_hybrid_fine,1,2023,climatology,review,22.7312972707376,24.200295743706473,2.169449797303906,0.09543889077094941,20.043125737481535,37.71058126644694,1.866432048715158,0.5340282685663454,1.0
historical_reference,2023-01,matched_hybrid_fine,1,2023,climatology,focus,30.53599083757599,31.90598831206731,1.8532368243548705,0.060690246935572636,29.956257871271372,37.71058126644694,1.531116837587034,0.9129276400575144,1.0
historical_reference,2023-01,matched_hybrid_fine,1,2023,anomaly,review,4.370129559701957,4.0590205390202065,1.592540595817133,0.3644149616300493,3.9825041194390742,8.099142059798476,9.693333603648215,0.356192459463187,1.0
historical_reference,2023-01,matched_hybrid_fine,1,2023,anomaly,focus,4.53666132796511,3.907663210875368,1.667728772769028,0.36761147729691274,4.212156050512194,7.456051112691024,10.371790964714672,0.7195107349901606,1.0
historical_reference,2024-01,native,1,2024,total,review,21.827506630017048,23.312534797811406,1.9172154065429357,0.08783483331561073,19.47172438946768,37.10646159733894,1.3661811938790454,0.52183364528497,1.0
historical_reference,2024-01,native,1,2024,total,focus,27.33080531157566,28.956251040801575,1.9686229438218883,0.07202945253091755,26.19605429363094,37.10646159733894,1.2520221021524356,0.7586058155067826,1.0
historical_reference,2024-01,native,1,2024,climatology,review,22.786057437789367,24.214047841490256,1.7238298339191316,0.07565283457331494,20.056060687508463,37.71058126644694,1.694818908993416,0.5439678646601609,1.0
historical_reference,2024-01,native,1,2024,climatology,focus,30.576198333676523,32.28910132124462,1.952355351076804,0.06385212869732357,29.95983715727749,37.71058126644694,1.3479326109021696,0.9345864492019454,1.0
historical_reference,2024-01,native,1,2024,anomaly,review,5.860885522724573,6.181430654940447,1.1920603773785494,0.20339253731480353,5.101496068648571,13.70359750009202,7.010038635238525,0.42545440598816764,1.0
historical_reference,2024-01,native,1,2024,anomaly,focus,7.141108150643422,7.4553734616356175,0.952046309034785,0.1333191276411357,6.291964638724487,13.70359750009202,5.6602863263679,0.6728139422673338,1.0
historical_reference,2024-01,L12_native,1,2024,total,review,21.47712096673046,22.867012602094356,2.243286957736881,0.10445007788575977,19.173385744255413,34.860806486112295,1.3568820954312242,0.530734574463292,1.0
historical_reference,2024-01,L12_native,1,2024,total,focus,26.919653793591706,27.713058057605334,1.6663368026772447,0.06190038012576226,25.820703009496814,34.860806486112295,1.0655788494525,0.7623612990620944,1.0
historical_reference,2024-01,L12_native,1,2024,climatology,review,22.678706914926856,24.055665790377503,1.9830873558136675,0.08744269958832718,19.92966940021541,38.09074514087267,1.7808599120137798,0.5320562783992538,1.0
historical_reference,2024-01,L12_native,1,2024,climatology,focus,30.429311056544943,31.62813509087727,1.6800692965391661,0.055212202912422015,29.798843195768445,38.09074514087267,1.3487786125000016,0.945186802495043,1.0
historical_reference,2024-01,L12_native,1,2024,anomaly,review,5.238252251529539,5.442814371845201,1.139423939251076,0.217519868180913,4.609997522444837,10.184115109484067,9.37686820614124,0.4443025423278746,1.0
historical_reference,2024-01,L12_native,1,2024,anomaly,focus,5.707936530821341,5.842318500724546,1.2242294581699873,0.21447846372493343,5.109545838771349,9.712054473425765,11.287397081850745,0.6720346535070749,1.0
historical_reference,2024-01,L12_fine,1,2024,total,review,21.503015536355683,23.01491134563046,2.295484065336365,0.10675172798230707,19.208309457255307,34.860806486112295,1.3440286470092935,0.5085452536908657,1.0
historical_reference,2024-01,L12_fine,1,2024,total,focus,26.97565333182212,27.928202904933542,1.703276065043932,0.06314123495332156,25.888143812372007,34.860806486112295,1.065035316474422,0.753968347696839,1.0
historical_reference,2024-01,L12_fine,1,2024,climatology,review,22.697684413356143,24.200295743706473,2.0326062273329835,0.08955125951689256,19.964936550268654,38.09074514087267,1.7661067612648982,0.5300573823850415,1.0
historical_reference,2024-01,L12_fine,1,2024,climatology,focus,30.5004428191247,31.90598831206731,1.8076188733994953,0.05926533211727876,29.898188512093373,38.09074514087267,1.3252295735688653,0.9173447167236141,1.0
historical_reference,2024-01,L12_fine,1,2024,anomaly,review,5.24056133574306,5.5394155804252385,1.1644095808819648,0.22219176654610476,4.609454770479951,10.184115109484067,9.290692279476794,0.41620876769827675,1.0
historical_reference,2024-01,L12_fine,1,2024,anomaly,focus,5.715698807782879,5.937269424441406,1.224155296277418,0.2141742134156065,5.11596249867084,9.762835885399797,11.104849908619183,0.6579645902643865,1.0
historical_reference,2024-01,matched_hybrid_fine,1,2024,total,review,21.591212955100808,23.01491134563046,2.484908073687261,0.11508885947513268,19.3084090359242,35.364615437228764,1.3204074070938152,0.5086825812626711,1.0
historical_reference,2024-01,matched_hybrid_fine,1,2024,total,focus,27.031887646064924,27.928202904933542,1.6875043013530553,0.06242643219918488,25.945135502835814,35.364615437228764,1.1474143594587372,0.7576398855195376,1.0
historical_reference,2024-01,matched_hybrid_fine,1,2024,climatology,review,22.7312972707376,24.200295743706473,2.169449797303906,0.09543889077094941,20.043125737481535,37.71058126644694,1.866432048715158,0.5340282685663454,1.0
historical_reference,2024-01,matched_hybrid_fine,1,2024,climatology,focus,30.53599083757599,31.90598831206731,1.8532368243548705,0.060690246935572636,29.956257871271372,37.71058126644694,1.531116837587034,0.9129276400575144,1.0
historical_reference,2024-01,matched_hybrid_fine,1,2024,anomaly,review,5.24056133574306,5.5394155804252385,1.1644095808819648,0.22219176654610476,4.609454770479951,10.184115109484067,9.30667747866603,0.41226771037073817,1.0
historical_reference,2024-01,matched_hybrid_fine,1,2024,anomaly,focus,5.715698807782879,5.937269424441406,1.2241552962774178,0.21417421341560647,5.11596249867084,9.762835885399799,11.049201051984323,0.6616361280870853,1.0
historical_reference,2025-01,native,1,2025,total,review,22.268550932222727,23.44314104921843,2.150967045299495,0.0965921425173217,19.011622832592348,40.0920336016555,3.116737774991048,0.47052957176214133,1.0
historical_reference,2025-01,native,1,2025,total,focus,30.819259226455873,31.558730034666667,1.5827750628369774,0.05135668742739577,29.693434492902334,40.0920336016555,1.8867921491616957,0.8570287347087502,1.0
historical_reference,2025-01,native,1,2025,climatology,review,22.786057437789367,24.214047841490256,1.7238298339191316,0.07565283457331494,20.056060687508463,37.71058126644694,1.694818908993416,0.5439678646601609,1.0
historical_reference,2025-01,native,1,2025,climatology,focus,30.576198333676523,32.28910132124462,1.952355351076804,0.06385212869732357,29.95983715727749,37.71058126644694,1.3479326109021696,0.9345864492019454,1.0
historical_reference,2025-01,native,1,2025,anomaly,review,4.952673176707657,4.708803956868604,1.264671342540285,0.2553512613123785,4.472755840334442,12.006844962105074,14.115566121662509,0.36037685278301795,1.0
historical_reference,2025-01,native,1,2025,anomaly,focus,4.181432705777773,3.9903877053828247,1.3240312977243753,0.31664536796081166,3.814529608211223,9.30264968776218,13.242470899943239,0.6731007443500587,1.0
historical_reference,2025-01,L12_native,1,2025,total,review,21.873704153379553,23.412801585951062,2.76854169552645,0.12656940388849056,18.84407736759836,37.40608688364265,3.2776865229766505,0.4933817188274824,1.0
historical_reference,2025-01,L12_native,1,2025,total,focus,29.67048266784982,30.754098329179968,2.3007398004466895,0.07754305267637969,28.853395166495726,37.40608688364265,1.995992224290817,0.8699930727666297,1.0
historical_reference,2025-01,L12_native,1,2025,climatology,review,22.678706914926856,24.055665790377503,1.9830873558136675,0.08744269958832718,19.92966940021541,38.09074514087267,1.7808599120137798,0.5320562783992538,1.0
historical_reference,2025-01,L12_native,1,2025,climatology,focus,30.429311056544943,31.62813509087727,1.6800692965391661,0.055212202912422015,29.798843195768445,38.09074514087267,1.3487786125000016,0.945186802495043,1.0
historical_reference,2025-01,L12_native,1,2025,anomaly,review,4.036534811661163,4.494420376091544,1.6482156325888595,0.40832439443537616,3.7248008011641067,7.239636403249138,19.541343206795002,0.3649427062357859,1.0
historical_reference,2025-01,L12_native,1,2025,anomaly,focus,3.655402350901164,4.05931431657146,1.5237448544216405,0.4168473694957253,3.368278933522369,6.734940156072003,14.804902277911237,0.6212588958977292,1.0
historical_reference,2025-01,L12_fine,1,2025,total,review,21.8898071945829,23.58188761983874,2.837740576253663,0.12963753179863194,18.8749132615728,37.48612580535756,3.2123785797376,0.484555709594935,1.0
historical_reference,2025-01,L12_fine,1,2025,total,focus,29.742837290948923,31.078110055671743,2.453045745799941,0.08247517618456764,28.96119345136814,37.48612580535756,1.9770758692099015,0.8647883067677822,1.0
historical_reference,2025-01,L12_fine,1,2025,climatology,review,22.697684413356143,24.200295743706473,2.0326062273329835,0.08955125951689256,19.964936550268654,38.09074514087267,1.7661067612648982,0.5300573823850415,1.0
historical_reference,2025-01,L12_fine,1,2025,climatology,focus,30.5004428191247,31.90598831206731,1.8076188733994953,0.05926533211727876,29.898188512093373,38.09074514087267,1.3252295735688653,0.9173447167236141,1.0
historical_reference,2025-01,L12_fine,1,2025,anomaly,review,4.0304999099987615,4.547333486866259,1.6992953749575996,0.42160908396053576,3.720180747350602,7.326934647586127,19.861040923513894,0.35762120413142207,1.0
historical_reference,2025-01,L12_fine,1,2025,anomaly,focus,3.6497604752778687,4.107652949894697,1.5988217555940532,0.43806210473916907,3.3618926012504886,6.768450967848572,15.773756820447197,0.6249084692865403,1.0
historical_reference,2025-01,matched_hybrid_fine,1,2025,total,review,21.935861067121365,23.58188761983874,2.957510270636227,0.1348253556852209,18.91793721796765,37.45899920528658,3.3264527645036237,0.48732888586457274,1.0
historical_reference,2025-01,matched_hybrid_fine,1,2025,total,focus,29.788612174905282,31.078110055671743,2.43215335622167,0.08164708519957772,29.02169221767829,37.45899920528658,2.1832498301933576,0.8701236966521612,1.0
historical_reference,2025-01,matched_hybrid_fine,1,2025,climatology,review,22.7312972707376,24.200295743706473,2.169449797303906,0.09543889077094941,20.043125737481535,37.71058126644694,1.866432048715158,0.5340282685663454,1.0
historical_reference,2025-01,matched_hybrid_fine,1,2025,climatology,focus,30.53599083757599,31.90598831206731,1.8532368243548705,0.060690246935572636,29.956257871271372,37.71058126644694,1.531116837587034,0.9129276400575144,1.0
historical_reference,2025-01,matched_hybrid_fine,1,2025,anomaly,review,4.0304999099987615,4.547333486866259,1.6992953749575996,0.42160908396053576,3.720180747350602,7.326934647586127,19.820539673228172,0.3603459162196705,1.0
historical_reference,2025-01,matched_hybrid_fine,1,2025,anomaly,focus,3.6497604752778687,4.107652949894697,1.5988217555940532,0.43806210473916907,3.361892601250489,6.768450967848572,15.76051962689759,0.6267101978380395,1.0
training_climatology,1979-2014,native,12,,climatology,review,20.93376037028052,22.218115922411137,1.6107828529389114,0.07694665575830924,18.577280290383083,35.1835333664981,1.679733800628755,0.49036015863448457,1.0
training_climatology,1979-2014,native,12,,climatology,focus,28.197285214755606,29.56891634539038,1.6571764314668065,0.05877077948623253,27.75060028307665,35.1835333664981,1.3658345286273423,0.9126737989222525,1.0
training_climatology,1979-2014,L12_native,12,,climatology,review,20.8378035694966,22.053459844657187,1.9405911024038192,0.09312839023228685,18.43572921289957,35.09000180610971,1.6882433548212892,0.4785067747031793,1.0
training_climatology,1979-2014,L12_native,12,,climatology,focus,28.06957211383917,28.948353676526263,1.4465573611134603,0.051534713648173594,27.59422536235793,35.09000180610971,1.2709793860333296,0.89813732263278,1.0
training_climatology,1979-2014,L12_fine,12,,climatology,review,20.846643280236652,22.167241186888415,1.9626804830208606,0.09414851382244116,18.462140008025862,35.13291014462927,1.6320755323360208,0.47590163032580024,1.0
training_climatology,1979-2014,L12_fine,12,,climatology,focus,28.13381879528409,29.182197745702677,1.5208619691579903,0.054058141918967774,27.69038111559139,35.13291014462927,1.2357591015474403,0.9212005466151548,1.0
training_climatology,1979-2014,matched_hybrid_fine,12,,climatology,review,20.87670260151469,22.167241186888415,2.049383016049645,0.09816603010386103,18.56462713148696,35.1835333664981,1.7436036884019082,0.4869408554914549,1.0
training_climatology,1979-2014,matched_hybrid_fine,12,,climatology,focus,28.157527225414547,29.182197745702677,1.5969349931792678,0.056714319421412085,27.748309928110032,35.1835333664981,1.388750586448946,0.9269982827578521,1.0
historical_reference,2015-12,native,12,2015,total,review,21.997562524971592,23.094477195590443,1.6414144099557262,0.07461801315906685,19.639554590053315,35.233010555826965,1.5135585876514883,0.5069802655128478,1.0
historical_reference,2015-12,native,12,2015,total,focus,28.662598135883,30.147855803324266,1.9344022316320377,0.06748872598574167,28.1451972657854,35.233010555826965,1.364322905195026,0.8908844209526071,1.0
historical_reference,2015-12,native,12,2015,climatology,review,20.93376037028052,22.218115922411137,1.6107828529389114,0.07694665575830924,18.577280290383083,35.1835333664981,1.679733800628755,0.49036015863448457,1.0
historical_reference,2015-12,native,12,2015,climatology,focus,28.197285214755606,29.56891634539038,1.6571764314668065,0.05877077948623253,27.75060028307665,35.1835333664981,1.3658345286273423,0.9126737989222525,1.0
historical_reference,2015-12,native,12,2015,anomaly,review,4.408301853267136,4.445121401631157,1.13779699182635,0.25810324013612895,4.043134292571045,8.297584029932247,9.95318353202766,0.3818267335592675,1.0
historical_reference,2015-12,native,12,2015,anomaly,focus,3.4431526706591407,3.37881686855264,1.2695560490738267,0.3687190695586522,3.1686485152494623,7.867314221258096,11.613954244764628,0.6055029516835152,1.0
historical_reference,2015-12,L12_native,12,2015,total,review,21.854230459746436,22.96657628927605,2.1601533725104414,0.09884371707753578,19.410314660446232,34.75400747430878,1.722873089793658,0.49628378065387374,1.0
historical_reference,2015-12,L12_native,12,2015,total,focus,28.630737876655072,29.732969877717476,1.9504221387617549,0.06812336263090481,28.052558547030127,34.75400747430878,1.5118591192812671,0.878956478260398,1.0
historical_reference,2015-12,L12_native,12,2015,climatology,review,20.8378035694966,22.053459844657187,1.9405911024038192,0.09312839023228685,18.43572921289957,35.09000180610971,1.6882433548212892,0.4785067747031793,1.0
historical_reference,2015-12,L12_native,12,2015,climatology,focus,28.06957211383917,28.948353676526263,1.4465573611134603,0.051534713648173594,27.59422536235793,35.09000180610971,1.2709793860333296,0.89813732263278,1.0
historical_reference,2015-12,L12_native,12,2015,anomaly,review,4.126997936461162,4.239772782584188,1.2856397785621245,0.31151936549416864,3.6807932184800802,9.405929546236285,13.85324830492609,0.35886981947810037,1.0
historical_reference,2015-12,L12_native,12,2015,anomaly,focus,3.4672490950739108,3.5008655528180026,1.5040493457447655,0.4337875083395772,3.217310982877525,7.248527290315791,16.323407583853243,0.6072595435930472,1.0
historical_reference,2015-12,L12_fine,12,2015,total,review,21.860923302533493,23.083629096872244,2.18370052077398,0.0998905897319034,19.429088402737722,34.765161424700004,1.6867725541417073,0.4994429257785642,1.0
historical_reference,2015-12,L12_fine,12,2015,total,focus,28.691088717105067,29.956949103039705,2.0115368346338984,0.07011016049156264,28.14549403789067,34.765161424700004,1.4897393878772083,0.8907240431500008,1.0
historical_reference,2015-12,L12_fine,12,2015,climatology,review,20.846643280236652,22.167241186888415,1.9626804830208606,0.09414851382244116,18.462140008025862,35.13291014462927,1.6320755323360208,0.47590163032580024,1.0
historical_reference,2015-12,L12_fine,12,2015,climatology,focus,28.13381879528409,29.182197745702677,1.5208619691579903,0.054058141918967774,27.69038111559139,35.13291014462927,1.2357591015474403,0.9212005466151548,1.0
historical_reference,2015-12,L12_fine,12,2015,anomaly,review,4.1284009375948925,4.291703892579487,1.3083192681796958,0.3169070271895373,3.6831651060793966,9.406990276208582,13.500918957673882,0.35831910819655427,1.0
historical_reference,2015-12,L12_fine,12,2015,anomaly,focus,3.4609021535061952,3.5244100530390177,1.5077259273878763,0.4356453492510381,3.214129532090494,7.280636693088642,16.096636357562414,0.6064835394812609,1.0
historical_reference,2015-12,matched_hybrid_fine,12,2015,total,review,21.85748646541732,23.083629096872244,2.089328439801394,0.0955886873409304,19.513169734043313,34.067503698609364,1.7443335449709776,0.5130104771997885,1.0
historical_reference,2015-12,matched_hybrid_fine,12,2015,total,focus,28.696378022152395,29.956949103039705,1.8614010708591877,0.06486536626407223,28.208054502441957,34.067503698609364,1.46582774748054,0.9013287166448419,1.0
historical_reference,2015-12,matched_hybrid_fine,12,2015,climatology,review,20.87670260151469,22.167241186888415,2.049383016049645,0.09816603010386103,18.56462713148696,35.1835333664981,1.7436036884019082,0.4869408554914549,1.0
historical_reference,2015-12,matched_hybrid_fine,12,2015,climatology,focus,28.157527225414547,29.182197745702677,1.5969349931792678,0.056714319421412085,27.748309928110032,35.1835333664981,1.388750586448946,0.9269982827578521,1.0
historical_reference,2015-12,matched_hybrid_fine,12,2015,anomaly,review,4.1284009375948925,4.291703892579487,1.308319268179696,0.31690702718953734,3.6831651060793966,9.406990276208578,13.678395865627477,0.3653947502394479,1.0
historical_reference,2015-12,matched_hybrid_fine,12,2015,anomaly,focus,3.4609021535061952,3.5244100530390177,1.5077259273878765,0.43564534925103815,3.214129532090494,7.280636693088639,16.09277493282708,0.6133377752167873,1.0
historical_reference,2016-12,native,12,2016,total,review,20.291240596141296,21.75483698286171,1.9900490188656514,0.09807429020599613,18.12629812177922,34.93892873669881,1.9330101602653684,0.4557508963878168,1.0
historical_reference,2016-12,native,12,2016,total,focus,27.630208622626654,29.857584612039144,2.5805296575262116,0.09339522885154729,26.927587600263248,34.93892873669881,1.4071267166856962,0.8531001605651731,1.0
historical_reference,2016-12,native,12,2016,climatology,review,20.93376037028052,22.218115922411137,1.6107828529389114,0.07694665575830924,18.577280290383083,35.1835333664981,1.679733800628755,0.49036015863448457,1.0
historical_reference,2016-12,native,12,2016,climatology,focus,28.197285214755606,29.56891634539038,1.6571764314668065,0.05877077948623253,27.75060028307665,35.1835333664981,1.3658345286273423,0.9126737989222525,1.0
historical_reference,2016-12,native,12,2016,anomaly,review,5.289088776239474,5.732118374368193,1.0187760833081656,0.1926184502489127,4.520918126692452,13.775470728628514,8.952897820432796,0.30010303116714904,1.0
historical_reference,2016-12,native,12,2016,anomaly,focus,3.9020347573348135,4.366848826090572,1.2280897597477831,0.31473060495919286,3.4023789591971854,8.607306998327088,11.641736597062268,0.549462454270789,1.0
historical_reference,2016-12,L12_native,12,2016,total,review,20.10613442199393,21.520576588014265,2.0826532709769925,0.10358297757617674,17.894289122901746,35.18854839359426,2.1196996807967277,0.41909400972016697,1.0
historical_reference,2016-12,L12_native,12,2016,total,focus,27.403067029006543,29.17221412069322,2.1288167355405827,0.07768534570554454,26.592027722948945,35.18854839359426,1.1789047115322815,0.8259115556574437,1.0
historical_reference,2016-12,L12_native,12,2016,climatology,review,20.8378035694966,22.053459844657187,1.9405911024038192,0.09312839023228685,18.43572921289957,35.09000180610971,1.6882433548212892,0.4785067747031793,1.0
historical_reference,2016-12,L12_native,12,2016,climatology,focus,28.06957211383917,28.948353676526263,1.4465573611134603,0.051534713648173594,27.59422536235793,35.09000180610971,1.2709793860333296,0.89813732263278,1.0
historical_reference,2016-12,L12_native,12,2016,anomaly,review,5.158600064794323,5.478343780247001,1.1589522848180664,0.2246641085296607,4.480610174573694,11.718327532390932,13.385993064731212,0.3091979626216015,1.0
historical_reference,2016-12,L12_native,12,2016,anomaly,focus,4.448959364114922,4.385995404238796,1.1687196558858102,0.26269506197621023,3.8994807881438875,9.411777898116116,14.143404784681413,0.5988584112860241,1.0
historical_reference,2016-12,L12_fine,12,2016,total,review,20.11141038623068,21.626311385592654,2.126622029443786,0.10574206326672057,17.909777827205367,35.205438864075234,2.1698510550571894,0.4241336355268136,1.0
historical_reference,2016-12,L12_fine,12,2016,total,focus,27.46260872426311,29.400812963440185,2.2535344775088526,0.08205828150323766,26.68251588231363,35.205438864075234,1.2126129388686264,0.8342589972633385,1.0
historical_reference,2016-12,L12_fine,12,2016,climatology,review,20.846643280236652,22.167241186888415,1.9626804830208606,0.09414851382244116,18.462140008025862,35.13291014462927,1.6320755323360208,0.47590163032580024,1.0
historical_reference,2016-12,L12_fine,12,2016,climatology,focus,28.13381879528409,29.182197745702677,1.5208619691579903,0.054058141918967774,27.69038111559139,35.13291014462927,1.2357591015474403,0.9212005466151548,1.0
historical_reference,2016-12,L12_fine,12,2016,anomaly,review,5.163891707805838,5.543790408235081,1.1791958011456665,0.22835409181086647,4.486497526880678,11.745105059804722,13.674376382084937,0.31040833755408975,1.0
historical_reference,2016-12,L12_fine,12,2016,anomaly,focus,4.444738199230212,4.427292502659304,1.1692875922065258,0.2630723205270078,3.897018703860115,9.411777898116116,14.238258610257635,0.5929817050069904,1.0
historical_reference,2016-12,matched_hybrid_fine,12,2016,total,review,20.1402136091103,21.626311385592654,2.321850926737704,0.11528432477436232,18.015019575524928,34.424810038657,2.2017164623796215,0.4318779804670824,1.0
historical_reference,2016-12,matched_hybrid_fine,12,2016,total,focus,27.457565237123426,29.400812963440185,2.3546931999921226,0.08575753821058063,26.741950704894432,34.424810038657,1.317975026666599,0.8431720275833786,1.0
historical_reference,2016-12,matched_hybrid_fine,12,2016,climatology,review,20.87670260151469,22.167241186888415,2.049383016049645,0.09816603010386103,18.56462713148696,35.1835333664981,1.7436036884019082,0.4869408554914549,1.0
historical_reference,2016-12,matched_hybrid_fine,12,2016,climatology,focus,28.157527225414547,29.182197745702677,1.5969349931792678,0.056714319421412085,27.748309928110032,35.1835333664981,1.388750586448946,0.9269982827578521,1.0
historical_reference,2016-12,matched_hybrid_fine,12,2016,anomaly,review,5.163891707805838,5.543790408235081,1.1791958011456665,0.22835409181086647,4.486497526880678,11.745105059804722,14.093465074292224,0.3214023861796084,1.0
historical_reference,2016-12,matched_hybrid_fine,12,2016,anomaly,focus,4.444738199230212,4.427292502659304,1.1692875922065258,0.2630723205270078,3.897018703860115,9.411777898116116,14.195513460801513,0.6018947353270306,1.0
historical_reference,2017-12,native,12,2017,total,review,22.531050249857785,23.821798466138745,2.507954370093746,0.1113110282158097,19.282045086764832,41.0238696436766,3.181451491641173,0.5003679242483657,1.0
historical_reference,2017-12,native,12,2017,total,focus,30.925671159341938,31.93208043473034,2.363389142516294,0.07642159584311457,29.692488974959144,41.0238696436766,2.454113777939121,0.8523559840549545,1.0
historical_reference,2017-12,native,12,2017,climatology,review,20.93376037028052,22.218115922411137,1.6107828529389114,0.07694665575830924,18.577280290383083,35.1835333664981,1.679733800628755,0.49036015863448457,1.0
historical_reference,2017-12,native,12,2017,climatology,focus,28.197285214755606,29.56891634539038,1.6571764314668065,0.05877077948623253,27.75060028307665,35.1835333664981,1.3658345286273423,0.9126737989222525,1.0
historical_reference,2017-12,native,12,2017,anomaly,review,5.997029580640954,5.526957713534556,1.4985374930024205,0.24987995687729436,5.306030416557763,11.621923833734035,10.645953503817429,0.4428165342547266,1.0
historical_reference,2017-12,native,12,2017,anomaly,focus,6.796094441090596,6.112809057217257,1.6790507504662795,0.24706112680165104,6.5246781924269515,10.607787359418309,10.19997863948659,0.8183238562060399,1.0
historical_reference,2017-12,L12_native,12,2017,total,review,22.329090139775342,23.629492546159433,3.3694558613822667,0.15089982799523813,19.33582349387579,38.623882906569044,3.2166576381664775,0.4977845024948378,1.0
historical_reference,2017-12,L12_native,12,2017,total,focus,30.271383419806686,30.672070621908265,2.866805472504854,0.09470348390582943,29.231962411097875,38.623882906569044,2.3194973994489003,0.8525571322113537,1.0
historical_reference,2017-12,L12_native,12,2017,climatology,review,20.8378035694966,22.053459844657187,1.9405911024038192,0.09312839023228685,18.43572921289957,35.09000180610971,1.6882433548212892,0.4785067747031793,1.0
historical_reference,2017-12,L12_native,12,2017,climatology,focus,28.06957211383917,28.948353676526263,1.4465573611134603,0.051534713648173594,27.59422536235793,35.09000180610971,1.2709793860333296,0.89813732263278,1.0
historical_reference,2017-12,L12_native,12,2017,anomaly,review,5.645517199027891,4.970812641356797,1.927972213803342,0.34150497568855553,4.966464026898493,11.532139915535954,15.695445928893363,0.45221225082252553,1.0
historical_reference,2017-12,L12_native,12,2017,anomaly,focus,5.900636556228214,4.674071859291311,2.1000046940628017,0.35589460120979893,5.715056949588731,8.55489803237836,15.454092049472715,0.8206857273720857,1.0
historical_reference,2017-12,L12_fine,12,2017,total,review,22.33252218970572,23.764820376695543,3.3815541722069202,0.15141837287709775,19.33906856537192,38.6418985759286,3.1551443839889166,0.48681118303930093,1.0
historical_reference,2017-12,L12_fine,12,2017,total,focus,30.336227846263796,30.92517478903519,2.877708813204774,0.09486046939613792,29.342451805644707,38.6418985759286,2.359805199237902,0.8591291048443738,1.0
historical_reference,2017-12,L12_fine,12,2017,climatology,review,20.846643280236652,22.167241186888415,1.9626804830208606,0.09414851382244116,18.462140008025862,35.13291014462927,1.6320755323360208,0.47590163032580024,1.0
historical_reference,2017-12,L12_fine,12,2017,climatology,focus,28.13381879528409,29.182197745702677,1.5208619691579903,0.054058141918967774,27.69038111559139,35.13291014462927,1.2357591015474403,0.9212005466151548,1.0
historical_reference,2017-12,L12_fine,12,2017,anomaly,review,5.6499060522889755,5.015629874751346,1.9355345772689396,0.3425781879124851,4.968548392239912,11.586594810139303,15.75978161394681,0.442246569155415,1.0
historical_reference,2017-12,L12_fine,12,2017,anomaly,focus,5.897312334647926,4.703969924156643,2.1061317659613215,0.35713417340766623,5.713787758904309,8.55489803237836,15.942960629355776,0.8294244775532487,1.0
historical_reference,2017-12,matched_hybrid_fine,12,2017,total,review,22.320719808051425,23.764820376695543,3.2273694715448795,0.14459074345714953,19.41507662932026,37.85565645599192,3.192510499634635,0.4995485453618324,1.0
historical_reference,2017-12,matched_hybrid_fine,12,2017,total,focus,30.324842120950194,30.92517478903519,2.660535211547546,0.0877345115577532,29.39826924126091,37.85565645599192,2.4487463806906193,0.8715368029231029,1.0
historical_reference,2017-12,matched_hybrid_fine,12,2017,climatology,review,20.87670260151469,22.167241186888415,2.049383016049645,0.09816603010386103,18.56462713148696,35.1835333664981,1.7436036884019082,0.4869408554914549,1.0
historical_reference,2017-12,matched_hybrid_fine,12,2017,climatology,focus,28.157527225414547,29.182197745702677,1.5969349931792678,0.056714319421412085,27.748309928110032,35.1835333664981,1.388750586448946,0.9269982827578521,1.0
historical_reference,2017-12,matched_hybrid_fine,12,2017,anomaly,review,5.6499060522889755,5.015629874751346,1.9355345772689392,0.34257818791248507,4.968548392239912,11.586594810139301,16.086196465964615,0.45213228920697823,1.0
historical_reference,2017-12,matched_hybrid_fine,12,2017,anomaly,focus,5.897312334647926,4.703969924156643,2.1061317659613215,0.35713417340766623,5.713787758904309,8.554898032378357,15.957391636729724,0.8418321756319778,1.0
historical_reference,2018-12,native,12,2018,total,review,22.410700081812546,23.85779947349219,1.8716612430642219,0.0835164111889201,18.95225402959207,37.223557522262006,1.7466019135439004,0.4759075167507041,1.0
historical_reference,2018-12,native,12,2018,total,focus,29.579027844166486,32.006034595646874,2.6621462683351025,0.09000114142899816,28.586516617919074,37.223557522262006,1.3298664954573904,0.8544383771361642,1.0
historical_reference,2018-12,native,12,2018,climatology,review,20.93376037028052,22.218115922411137,1.6107828529389114,0.07694665575830924,18.577280290383083,35.1835333664981,1.679733800628755,0.49036015863448457,1.0
historical_reference,2018-12,native,12,2018,climatology,focus,28.197285214755606,29.56891634539038,1.6571764314668065,0.05877077948623253,27.75060028307665,35.1835333664981,1.3658345286273423,0.9126737989222525,1.0
historical_reference,2018-12,native,12,2018,anomaly,review,5.235610734545193,5.224588226554138,1.3160247257963777,0.2513603078076618,4.692636726021941,11.258495165354747,10.022042385466376,0.4133567196922344,1.0
historical_reference,2018-12,native,12,2018,anomaly,focus,4.844149771957877,4.747194187591836,1.7911208762936623,0.36974927708928756,4.501757562448288,10.058672935705436,13.365546307521965,0.743351559155554,1.0
historical_reference,2018-12,L12_native,12,2018,total,review,22.249412348635513,23.60562047116226,2.299515046137666,0.10335172049066223,18.86551917674888,38.15180001231015,1.7307981667222212,0.5016615198694765,1.0
historical_reference,2018-12,L12_native,12,2018,total,focus,29.239680972138057,31.234270224982176,2.504957230663941,0.08566978665228488,28.392823945716525,38.15180001231015,1.0549591601615533,0.8755930976783382,1.0
historical_reference,2018-12,L12_native,12,2018,climatology,review,20.8378035694966,22.053459844657187,1.9405911024038192,0.09312839023228685,18.43572921289957,35.09000180610971,1.6882433548212892,0.4785067747031793,1.0
historical_reference,2018-12,L12_native,12,2018,climatology,focus,28.06957211383917,28.948353676526263,1.4465573611134603,0.051534713648173594,27.59422536235793,35.09000180610971,1.2709793860333296,0.89813732263278,1.0
historical_reference,2018-12,L12_native,12,2018,anomaly,review,4.728407598832304,4.349459816096109,1.4041841710265566,0.29696766652970535,4.339294021519315,8.2898072123131,11.985163359046528,0.40510821961727783,1.0
historical_reference,2018-12,L12_native,12,2018,anomaly,focus,4.00705305909402,3.5258588684598324,1.9599599553769171,0.4891275275052277,3.763691358370551,7.176988082100354,18.812841252507578,0.6643999571791174,1.0
historical_reference,2018-12,L12_fine,12,2018,total,review,22.251083970499245,23.739495184384968,2.31420332620189,0.10400407140928904,18.864427141022524,38.17103621598499,1.7501022633051377,0.49829157157148873,1.0
historical_reference,2018-12,L12_fine,12,2018,total,focus,29.30241343695207,31.509948424435436,2.6374424001933257,0.09000768506212377,28.502469985282865,38.17103621598499,1.0464353574732517,0.861730317758802,1.0
historical_reference,2018-12,L12_fine,12,2018,climatology,review,20.846643280236652,22.167241186888415,1.9626804830208606,0.09414851382244116,18.462140008025862,35.13291014462927,1.6320755323360208,0.47590163032580024,1.0
historical_reference,2018-12,L12_fine,12,2018,climatology,focus,28.13381879528409,29.182197745702677,1.5208619691579903,0.054058141918967774,27.69038111559139,35.13291014462927,1.2357591015474403,0.9212005466151548,1.0
historical_reference,2018-12,L12_fine,12,2018,anomaly,review,4.7316518078583805,4.412708620889011,1.3937809806141672,0.29456541546429094,4.34312827618075,8.33910083257781,12.387102326410508,0.40377065675246787,1.0
historical_reference,2018-12,L12_fine,12,2018,anomaly,focus,4.002832950127057,3.5689662751318654,1.9669688428858254,0.4913941869153921,3.7644851292697843,7.176988082100354,19.697321763102266,0.6581278188904481,1.0
historical_reference,2018-12,matched_hybrid_fine,12,2018,total,review,22.18589033460095,23.739495184384968,2.308404220498039,0.10404830212731507,18.970029048924076,36.33281684451141,1.6544597146650926,0.5087209725799029,1.0
historical_reference,2018-12,matched_hybrid_fine,12,2018,total,focus,29.274653321991767,31.509948424435436,2.53558784673179,0.08661376170173125,28.559376130255778,36.33281684451141,0.9179027997057008,0.8767034308962927,1.0
historical_reference,2018-12,matched_hybrid_fine,12,2018,climatology,review,20.87670260151469,22.167241186888415,2.049383016049645,0.09816603010386103,18.56462713148696,35.1835333664981,1.7436036884019082,0.4869408554914549,1.0
historical_reference,2018-12,matched_hybrid_fine,12,2018,climatology,focus,28.157527225414547,29.182197745702677,1.5969349931792678,0.056714319421412085,27.748309928110032,35.1835333664981,1.388750586448946,0.9269982827578521,1.0
historical_reference,2018-12,matched_hybrid_fine,12,2018,anomaly,review,4.7316518078583805,4.412708620889011,1.3937809806141672,0.29456541546429094,4.34312827618075,8.33910083257781,12.314792916926185,0.41251075523428604,1.0
historical_reference,2018-12,matched_hybrid_fine,12,2018,anomaly,focus,4.002832950127058,3.5689662751318654,1.9669688428858254,0.491394186915392,3.7644851292697843,7.176988082100354,19.460738198594917,0.6709752761000023,1.0
historical_reference,2019-12,native,12,2019,total,review,21.081780248336166,22.300143326967934,1.7300115189350296,0.08206192733991556,18.634515001695352,34.92718252058571,1.5588714094652933,0.4891932270305193,1.0
historical_reference,2019-12,native,12,2019,total,focus,27.198081546989535,28.878929335836062,1.944888953454096,0.07150831392625813,26.41703459729791,34.92718252058571,0.8846474856792458,0.8206310538999658,1.0
historical_reference,2019-12,native,12,2019,climatology,review,20.93376037028052,22.218115922411137,1.6107828529389114,0.07694665575830924,18.577280290383083,35.1835333664981,1.679733800628755,0.49036015863448457,1.0
historical_reference,2019-12,native,12,2019,climatology,focus,28.197285214755606,29.56891634539038,1.6571764314668065,0.05877077948623253,27.75060028307665,35.1835333664981,1.3658345286273423,0.9126737989222525,1.0
historical_reference,2019-12,native,12,2019,anomaly,review,4.5706899615686485,4.554780620258161,1.0976438804853748,0.24014839985092018,4.229008607831086,8.2133978541481,8.89840127507413,0.4243016398668558,1.0
historical_reference,2019-12,native,12,2019,anomaly,focus,4.402105246645165,4.379388807919575,1.145697278218925,0.2602612191273842,3.9853085877444756,8.2133978541481,8.588049424364025,0.6590556860464197,1.0
historical_reference,2019-12,L12_native,12,2019,total,review,20.891181149637955,22.25534441951537,1.844947338847333,0.088312256048735,18.571301505920943,34.966510281986174,1.6191919440719205,0.48126463350338317,1.0
historical_reference,2019-12,L12_native,12,2019,total,focus,26.68301746999452,28.35095082171004,1.9913565871097376,0.07463011218086747,25.954763204875512,34.966510281986174,0.8703008131688477,0.8210333502127644,1.0
historical_reference,2019-12,L12_native,12,2019,climatology,review,20.8378035694966,22.053459844657187,1.9405911024038192,0.09312839023228685,18.43572921289957,35.09000180610971,1.6882433548212892,0.4785067747031793,1.0
historical_reference,2019-12,L12_native,12,2019,climatology,focus,28.06957211383917,28.948353676526263,1.4465573611134603,0.051534713648173594,27.59422536235793,35.09000180610971,1.2709793860333296,0.89813732263278,1.0
historical_reference,2019-12,L12_native,12,2019,anomaly,review,4.398572281626322,4.248570920554218,1.4972719009557758,0.3403995217289408,4.094178009508507,7.002523292954928,9.960953319323009,0.3473177555611903,1.0
historical_reference,2019-12,L12_native,12,2019,anomaly,focus,4.072423218375028,3.2550504520820844,1.3505508296830413,0.33163322112232135,3.6843345470592865,6.691503983772761,9.951249404486108,0.4749187722354388,1.0
historical_reference,2019-12,L12_fine,12,2019,total,review,20.89557451810566,22.364650324443076,1.9036529407254568,0.09110316345099646,18.584593484844874,35.104794921780986,1.6471331929137767,0.4877485732513267,1.0
historical_reference,2019-12,L12_fine,12,2019,total,focus,26.734799648471775,28.564341912856726,2.1052752162252264,0.07874662402213173,26.035707834194568,35.104794921780986,0.8571487774270073,0.8134117487537492,1.0
historical_reference,2019-12,L12_fine,12,2019,climatology,review,20.846643280236652,22.167241186888415,1.9626804830208606,0.09414851382244116,18.462140008025862,35.13291014462927,1.6320755323360208,0.47590163032580024,1.0
historical_reference,2019-12,L12_fine,12,2019,climatology,focus,28.13381879528409,29.182197745702677,1.5208619691579903,0.054058141918967774,27.69038111559139,35.13291014462927,1.2357591015474403,0.9212005466151548,1.0
historical_reference,2019-12,L12_fine,12,2019,anomaly,review,4.401159717636746,4.302933548474761,1.5019889971139726,0.3412711861137553,4.098779358409737,7.012276784326226,9.601590117369701,0.35225450358160854,1.0
historical_reference,2019-12,L12_fine,12,2019,anomaly,focus,4.065405597494358,3.26729292986008,1.325272886682321,0.32598786391673434,3.6831678923948035,6.691503983772761,9.579424505184848,0.47146761873723575,1.0
historical_reference,2019-12,matched_hybrid_fine,12,2019,total,review,20.883077288811815,22.364650324443076,2.147621517853376,0.10284028010584303,18.706033159768506,33.17537276257851,1.8554285543354714,0.5035593483692374,1.0
historical_reference,2019-12,matched_hybrid_fine,12,2019,total,focus,26.712605224940454,28.564341912856726,2.133936898230295,0.07988501609112714,26.093874749976056,33.17537276257851,1.1152110057522842,0.8325356176202333,1.0
historical_reference,2019-12,matched_hybrid_fine,12,2019,climatology,review,20.87670260151469,22.167241186888415,2.049383016049645,0.09816603010386103,18.56462713148696,35.1835333664981,1.7436036884019082,0.4869408554914549,1.0
historical_reference,2019-12,matched_hybrid_fine,12,2019,climatology,focus,28.157527225414547,29.182197745702677,1.5969349931792678,0.056714319421412085,27.748309928110032,35.1835333664981,1.388750586448946,0.9269982827578521,1.0
historical_reference,2019-12,matched_hybrid_fine,12,2019,anomaly,review,4.401159717636747,4.302933548474761,1.5019889971139726,0.3412711861137552,4.098779358409737,7.012276784326226,9.599433987678372,0.36806527869951916,1.0
historical_reference,2019-12,matched_hybrid_fine,12,2019,anomaly,focus,4.065405597494359,3.26729292986008,1.325272886682321,0.3259878639167343,3.6831678923948035,6.691503983772761,9.427050246955543,0.49059148760371996,1.0
historical_reference,2020-12,native,12,2020,total,review,24.74591238066576,26.430208175336187,2.1895609550619892,0.08848172261260878,21.365366872432396,41.23934005910747,2.035348154533326,0.5500063338729401,1.0
historical_reference,2020-12,native,12,2020,total,focus,33.76022870161097,35.931437378789845,2.4355113914087574,0.07214143639058167,33.049255234375025,41.23934005910747,1.2137528228234824,0.9416604787395423,1.0
historical_reference,2020-12,native,12,2020,climatology,review,20.93376037028052,22.218115922411137,1.6107828529389114,0.07694665575830924,18.577280290383083,35.1835333664981,1.679733800628755,0.49036015863448457,1.0
historical_reference,2020-12,native,12,2020,climatology,focus,28.197285214755606,29.56891634539038,1.6571764314668065,0.05877077948623253,27.75060028307665,35.1835333664981,1.3658345286273423,0.9126737989222525,1.0
historical_reference,2020-12,native,12,2020,anomaly,review,5.1524897464086745,5.563463838558265,1.1883819912172582,0.23064228163589645,4.585360312975367,10.203053073810462,6.3713468466381675,0.4957707855804145,1.0
historical_reference,2020-12,native,12,2020,anomaly,focus,6.208307519566188,7.083024597049138,1.214178748803336,0.1955732290929071,5.655682047683907,10.203053073810462,5.3124877466354725,0.8633427912971122,1.0
historical_reference,2020-12,L12_native,12,2020,total,review,24.458294236618826,26.09878162393938,2.2521333686233094,0.09208055749249379,21.465151259920592,39.68606390834518,1.9287886871963966,0.543364228493918,1.0
historical_reference,2020-12,L12_native,12,2020,total,focus,32.88057273475428,34.85869541504032,2.2366547724066534,0.06802359528374463,32.308949282950714,39.68606390834518,1.0996495215496156,0.9373390327202491,1.0
historical_reference,2020-12,L12_native,12,2020,climatology,review,20.8378035694966,22.053459844657187,1.9405911024038192,0.09312839023228685,18.43572921289957,35.09000180610971,1.6882433548212892,0.4785067747031793,1.0
historical_reference,2020-12,L12_native,12,2020,climatology,focus,28.06957211383917,28.948353676526263,1.4465573611134603,0.051534713648173594,27.59422536235793,35.09000180610971,1.2709793860333296,0.89813732263278,1.0
historical_reference,2020-12,L12_native,12,2020,anomaly,review,4.5408448233820815,5.117685275850197,1.221713968622,0.2690499270820823,4.016294042207241,9.379818044255563,5.918325199527726,0.47064876941749456,1.0
historical_reference,2020-12,L12_native,12,2020,anomaly,focus,5.3041702671316795,6.438861636348303,1.450514927278949,0.27346688628518323,4.937012035624306,9.097974274046868,4.055868107501674,0.863141643140713,1.0
historical_reference,2020-12,L12_fine,12,2020,total,review,24.46255974108957,26.243575090697547,2.328878787342349,0.0952017618757431,21.479231227052253,39.687418527700196,1.858063835071706,0.5506933581042319,1.0
historical_reference,2020-12,L12_fine,12,2020,total,focus,32.955600390972506,35.15886461152963,2.4342173595278314,0.07386354157257696,32.42820323535904,39.687418527700196,1.0789370343323355,0.9616066327843866,1.0
historical_reference,2020-12,L12_fine,12,2020,climatology,review,20.846643280236652,22.167241186888415,1.9626804830208606,0.09414851382244116,18.462140008025862,35.13291014462927,1.6320755323360208,0.47590163032580024,1.0
historical_reference,2020-12,L12_fine,12,2020,climatology,focus,28.13381879528409,29.182197745702677,1.5208619691579903,0.054058141918967774,27.69038111559139,35.13291014462927,1.2357591015474403,0.9212005466151548,1.0
historical_reference,2020-12,L12_fine,12,2020,anomaly,review,4.533715731968258,5.168212921574177,1.268316525138621,0.27975210624597247,4.00722384802202,9.405725556004853,6.057617663024562,0.4805473107753598,1.0
historical_reference,2020-12,L12_fine,12,2020,anomaly,focus,5.311813817627034,6.509076600187266,1.5059866694059116,0.2835164636999055,4.946961208475285,9.097974274046868,4.034994306135474,0.8707074083551803,1.0
historical_reference,2020-12,matched_hybrid_fine,12,2020,total,review,24.450412889072524,26.243575090697547,2.4247830710238225,0.09917145702302296,21.543038203276407,39.01703380182753,1.9208840873929074,0.5644206813398285,1.0
historical_reference,2020-12,matched_hybrid_fine,12,2020,total,focus,32.96206509313094,35.15886461152963,2.5360284685396657,0.07693779080207436,32.48884353842013,39.01703380182753,1.0906927815443574,0.9659222978222518,1.0
historical_reference,2020-12,matched_hybrid_fine,12,2020,climatology,review,20.87670260151469,22.167241186888415,2.049383016049645,0.09816603010386103,18.56462713148696,35.1835333664981,1.7436036884019082,0.4869408554914549,1.0
historical_reference,2020-12,matched_hybrid_fine,12,2020,climatology,focus,28.157527225414547,29.182197745702677,1.5969349931792678,0.056714319421412085,27.748309928110032,35.1835333664981,1.388750586448946,0.9269982827578521,1.0
historical_reference,2020-12,matched_hybrid_fine,12,2020,anomaly,review,4.533715731968258,5.168212921574177,1.2683165251386213,0.2797521062459725,4.00722384802202,9.405725556004853,6.041399770518332,0.4883349583786127,1.0
historical_reference,2020-12,matched_hybrid_fine,12,2020,anomaly,focus,5.311813817627034,6.509076600187266,1.5059866694059119,0.2835164636999056,4.946961208475285,9.097974274046868,4.038330785919281,0.8728566976178749,1.0
historical_reference,2021-12,native,12,2021,total,review,19.402939537569765,20.93231414900073,2.2314838001362864,0.11500751191928837,17.178339057088213,34.359909874890796,1.4638955588119997,0.43639374812972775,1.0
historical_reference,2021-12,native,12,2021,total,focus,23.026928097774015,25.65828592926711,3.006388201358779,0.13055967294436477,21.845392205909636,34.359909874890796,1.5894380913047264,0.6099002080828935,1.0
historical_reference,2021-12,native,12,2021,climatology,review,20.93376037028052,22.218115922411137,1.6107828529389114,0.07694665575830924,18.577280290383083,35.1835333664981,1.679733800628755,0.49036015863448457,1.0
historical_reference,2021-12,native,12,2021,climatology,focus,28.197285214755606,29.56891634539038,1.6571764314668065,0.05877077948623253,27.75060028307665,35.1835333664981,1.3658345286273423,0.9126737989222525,1.0
historical_reference,2021-12,native,12,2021,anomaly,review,10.876541057273696,10.917771853608668,1.4534630119992904,0.13363283458827985,8.689806429888055,26.597500684877676,10.24135543712903,0.34468980824846746,1.0
historical_reference,2021-12,native,12,2021,anomaly,focus,10.166136245354277,10.052476232044166,1.6774615152888976,0.16500482334726374,8.786673901971131,22.97475268538856,16.090161805805447,0.48471817829620567,1.0
historical_reference,2021-12,L12_native,12,2021,total,review,19.049723299303082,20.69242998755191,2.4289769982445946,0.12750720627703063,16.929069668210815,32.47140771111438,1.868292709397272,0.428608057314307,1.0
historical_reference,2021-12,L12_native,12,2021,total,focus,22.65282760627422,25.17590648481144,2.9283630096471334,0.12927141196430844,21.565156555548498,32.47140771111438,1.8830611308293161,0.6240461450043066,1.0
historical_reference,2021-12,L12_native,12,2021,climatology,review,20.8378035694966,22.053459844657187,1.9405911024038192,0.09312839023228685,18.43572921289957,35.09000180610971,1.6882433548212892,0.4785067747031793,1.0
historical_reference,2021-12,L12_native,12,2021,climatology,focus,28.06957211383917,28.948353676526263,1.4465573611134603,0.051534713648173594,27.59422536235793,35.09000180610971,1.2709793860333296,0.89813732263278,1.0
historical_reference,2021-12,L12_native,12,2021,anomaly,review,10.527331967438961,10.551680107804318,1.5450225101922233,0.14676297042507808,8.428096036752997,23.76249223376317,10.52102177614645,0.3441191167884441,1.0
historical_reference,2021-12,L12_native,12,2021,anomaly,focus,9.669506029197844,9.24289139488837,1.9824990315279025,0.2050258850391725,8.43940703035741,20.711574605564532,18.526441693188634,0.522937366708052,1.0
historical_reference,2021-12,L12_fine,12,2021,total,review,19.059974560632863,20.786359602501907,2.4762060034873907,0.1299165429423937,16.950234156284854,32.713827386565235,1.8621229051143933,0.4292558924165555,1.0
historical_reference,2021-12,L12_fine,12,2021,total,focus,22.68720779899644,25.324758835283113,3.0205406063757763,0.13313849078022677,21.613479935049313,32.644124349628385,1.8634132733176922,0.6249826745330426,1.0
historical_reference,2021-12,L12_fine,12,2021,climatology,review,20.846643280236652,22.167241186888415,1.9626804830208606,0.09414851382244116,18.462140008025862,35.13291014462927,1.6320755323360208,0.47590163032580024,1.0
historical_reference,2021-12,L12_fine,12,2021,climatology,focus,28.13381879528409,29.182197745702677,1.5208619691579903,0.054058141918967774,27.69038111559139,35.13291014462927,1.2357591015474403,0.9212005466151548,1.0
historical_reference,2021-12,L12_fine,12,2021,anomaly,review,10.532248684140978,10.652990891325603,1.5358568941374524,0.14582421477097116,8.433318138185124,23.787128481884707,10.052215071028577,0.3420062554034465,1.0
historical_reference,2021-12,L12_fine,12,2021,anomaly,focus,9.671193201000618,9.32428131361537,1.9466829514464812,0.20128674001105368,8.450324054976287,20.711574605564532,17.854624304851285,0.5129447808643695,1.0
historical_reference,2021-12,matched_hybrid_fine,12,2021,total,review,19.14555499224133,20.786359602501907,2.6123524677738517,0.13644694389023973,17.034649196039812,32.43593786763157,2.0667408515499974,0.4392840096021632,1.0
historical_reference,2021-12,matched_hybrid_fine,12,2021,total,focus,22.69513391206248,25.324758835283113,3.0261358552052875,0.1333385326973944,21.664655233370507,32.28767221957692,1.9713340973777653,0.6283684348246238,1.0
historical_reference,2021-12,matched_hybrid_fine,12,2021,climatology,review,20.87670260151469,22.167241186888415,2.049383016049645,0.09816603010386103,18.56462713148696,35.1835333664981,1.7436036884019082,0.4869408554914549,1.0
historical_reference,2021-12,matched_hybrid_fine,12,2021,climatology,focus,28.157527225414547,29.182197745702677,1.5969349931792678,0.056714319421412085,27.748309928110032,35.1835333664981,1.388750586448946,0.9269982827578521,1.0
historical_reference,2021-12,matched_hybrid_fine,12,2021,anomaly,review,10.532248684140978,10.652990891325603,1.5358568941374524,0.14582421477097116,8.433318138185122,23.787128481884707,10.231128645383595,0.3490777132825379,1.0
historical_reference,2021-12,matched_hybrid_fine,12,2021,anomaly,focus,9.671193201000618,9.32428131361537,1.9466829514464812,0.20128674001105368,8.450324054976287,20.711574605564532,18.1019622208107,0.5136225714369874,1.0
historical_reference,2022-12,native,12,2022,total,review,21.111761373767088,22.494086428534153,2.1355742293636117,0.10115566349746731,18.359835302191357,37.10261572736945,2.592870324991928,0.4347793904332639,1.0
historical_reference,2022-12,native,12,2022,total,focus,28.705108881317557,30.0119871948054,1.9390373738019864,0.06755025322561971,27.93816147656721,37.10261572736945,1.785835027853656,0.861520317642919,1.0
historical_reference,2022-12,native,12,2022,climatology,review,20.93376037028052,22.218115922411137,1.6107828529389114,0.07694665575830924,18.577280290383083,35.1835333664981,1.679733800628755,0.49036015863448457,1.0
historical_reference,2022-12,native,12,2022,climatology,focus,28.197285214755606,29.56891634539038,1.6571764314668065,0.05877077948623253,27.75060028307665,35.1835333664981,1.3658345286273423,0.9126737989222525,1.0
historical_reference,2022-12,native,12,2022,anomaly,review,3.6559701069879984,3.7099201949061342,1.1537529257786996,0.31558051406750387,3.308384101152907,7.085679206964938,10.01437997865027,0.29761747634586355,1.0
historical_reference,2022-12,native,12,2022,anomaly,focus,3.4806537873855032,3.339965864199486,0.9542385150118065,0.27415496435472364,3.2503023981677615,6.36677054059874,8.980572230826839,0.6414522384331437,1.0
historical_reference,2022-12,L12_native,12,2022,total,review,21.01217246011198,22.295604340580418,2.921546255875778,0.13904065662043438,18.333822526297748,37.50451057063995,2.562753618844501,0.44462713277296506,1.0
historical_reference,2022-12,L12_native,12,2022,total,focus,28.553002125877217,29.256762449471267,1.9700892641010825,0.068997622576283,27.783984718071085,37.50451057063995,1.5421718786693348,0.8530181997947696,1.0
historical_reference,2022-12,L12_native,12,2022,climatology,review,20.8378035694966,22.053459844657187,1.9405911024038192,0.09312839023228685,18.43572921289957,35.09000180610971,1.6882433548212892,0.4785067747031793,1.0
historical_reference,2022-12,L12_native,12,2022,climatology,focus,28.06957211383917,28.948353676526263,1.4465573611134603,0.051534713648173594,27.59422536235793,35.09000180610971,1.2709793860333296,0.89813732263278,1.0
historical_reference,2022-12,L12_native,12,2022,anomaly,review,3.1664069607344385,3.2375568010531928,1.437124469361666,0.45386600243840086,2.8526019598659937,6.5566609101284525,19.40141634059827,0.3094188633698416,1.0
historical_reference,2022-12,L12_native,12,2022,anomaly,focus,2.9043876395000794,2.751982064218171,0.9736722222683195,0.3352418282691472,2.711468004011256,4.9113171798196005,12.785165214997129,0.5668147627581587,1.0
historical_reference,2022-12,L12_fine,12,2022,total,review,21.01773791174859,22.420659463286484,2.932563514872569,0.13952802757300117,18.346481393577704,37.52652119932005,2.487915910862558,0.4398419218569842,1.0
historical_reference,2022-12,L12_fine,12,2022,total,focus,28.61747865290417,29.499803379519125,1.9760940364131447,0.06905199652215364,27.890820996652963,37.52652119932005,1.554750153406146,0.8736557021911333,1.0
historical_reference,2022-12,L12_fine,12,2022,climatology,review,20.846643280236652,22.167241186888415,1.9626804830208606,0.09414851382244116,18.462140008025862,35.13291014462927,1.6320755323360208,0.47590163032580024,1.0
historical_reference,2022-12,L12_fine,12,2022,climatology,focus,28.13381879528409,29.182197745702677,1.5208619691579903,0.054058141918967774,27.69038111559139,35.13291014462927,1.2357591015474403,0.9212005466151548,1.0
historical_reference,2022-12,L12_fine,12,2022,anomaly,review,3.167318042986251,3.258971064894781,1.4502290732938248,0.45787289233717166,2.852020770818167,6.564364845025795,18.66082509243968,0.3013920139838098,1.0
historical_reference,2022-12,L12_fine,12,2022,anomaly,focus,2.8985681150418143,2.766925550734909,0.962301598473687,0.3319920596241724,2.7054532500576713,4.912133107836962,12.50794169969535,0.579721149561836,1.0
historical_reference,2022-12,matched_hybrid_fine,12,2022,total,review,21.05205197976989,22.420659463286484,2.8311560830648816,0.134483616408771,18.452126608604207,37.13891608516278,2.656817464541453,0.44744065299575925,1.0
historical_reference,2022-12,matched_hybrid_fine,12,2022,total,focus,28.620768994514073,29.499803379519125,1.8242917832803982,0.06374013862555797,27.947224120874576,37.13891608516278,1.6539340356132035,0.8810875257731822,1.0
historical_reference,2022-12,matched_hybrid_fine,12,2022,climatology,review,20.87670260151469,22.167241186888415,2.049383016049645,0.09816603010386103,18.56462713148696,35.1835333664981,1.7436036884019082,0.4869408554914549,1.0
historical_reference,2022-12,matched_hybrid_fine,12,2022,climatology,focus,28.157527225414547,29.182197745702677,1.5969349931792678,0.056714319421412085,27.748309928110032,35.1835333664981,1.388750586448946,0.9269982827578521,1.0
historical_reference,2022-12,matched_hybrid_fine,12,2022,anomaly,review,3.1673180429862504,3.258971064894781,1.4502290732938248,0.4578728923371717,2.852020770818167,6.564364845025795,19.960510755762986,0.30090377486186776,1.0
historical_reference,2022-12,matched_hybrid_fine,12,2022,anomaly,focus,2.8985681150418143,2.766925550734909,0.962301598473687,0.3319920596241724,2.705453250057672,4.912133107836962,12.498851611652231,0.5860697852562994,1.0
historical_reference,2023-12,native,12,2023,total,review,22.003670838629333,23.26925887876812,1.7018960489439667,0.07734600564720966,19.480703188196458,36.3814898245519,1.6978400775133768,0.5119730729675273,1.0
historical_reference,2023-12,native,12,2023,total,focus,28.788347265170778,30.34295632465925,1.7797974404786299,0.06182353658877443,27.796631569645914,36.3814898245519,0.940897100944007,0.85008674413389,1.0
historical_reference,2023-12,native,12,2023,climatology,review,20.93376037028052,22.218115922411137,1.6107828529389114,0.07694665575830924,18.577280290383083,35.1835333664981,1.679733800628755,0.49036015863448457,1.0
historical_reference,2023-12,native,12,2023,climatology,focus,28.197285214755606,29.56891634539038,1.6571764314668065,0.05877077948623253,27.75060028307665,35.1835333664981,1.3658345286273423,0.9126737989222525,1.0
historical_reference,2023-12,native,12,2023,anomaly,review,5.20410488914165,5.235782788649208,0.8469676643708464,0.16274992191991403,4.701655471828234,9.837163918135046,7.654293523762991,0.38140349247053384,1.0
historical_reference,2023-12,native,12,2023,anomaly,focus,4.819213223826775,4.859054768777148,1.015735934991124,0.21076800046306357,4.335835561789967,9.48933966157261,9.163844492535388,0.6711389852874677,1.0
historical_reference,2023-12,L12_native,12,2023,total,review,21.846059040866674,23.015155827853913,2.2974625349026767,0.1051659949561105,19.093805654550042,36.77541392086674,1.72274617223648,0.49283445618559185,1.0
historical_reference,2023-12,L12_native,12,2023,total,focus,28.59337179839116,29.47553054690846,1.8114214601522143,0.0633510966431086,27.56371278338247,36.77541392086674,0.7166025303614035,0.8293343199045144,1.0
historical_reference,2023-12,L12_native,12,2023,climatology,review,20.8378035694966,22.053459844657187,1.9405911024038192,0.09312839023228685,18.43572921289957,35.09000180610971,1.6882433548212892,0.4785067747031793,1.0
historical_reference,2023-12,L12_native,12,2023,climatology,focus,28.06957211383917,28.948353676526263,1.4465573611134603,0.051534713648173594,27.59422536235793,35.09000180610971,1.2709793860333296,0.89813732263278,1.0
historical_reference,2023-12,L12_native,12,2023,anomaly,review,4.953029273522031,4.6648352285183,1.077120639646048,0.2174670449464399,4.479015563196193,9.654588452876858,6.234499529806145,0.34860162650541404,1.0
historical_reference,2023-12,L12_native,12,2023,anomaly,focus,4.5028147359902455,3.519764623953809,1.265100991999734,0.28095781553879917,4.167470230354527,8.052395361130555,8.548165962270975,0.5619116266527445,1.0
historical_reference,2023-12,L12_fine,12,2023,total,review,21.848944735458943,23.12580534948471,2.2948601524006382,0.10503299725392591,19.094149281934122,36.918258954734924,1.7815909108815255,0.49560930332623243,1.0
historical_reference,2023-12,L12_fine,12,2023,total,focus,28.65118973012971,29.703241144743764,1.8342101675223421,0.06401863883486412,27.665930266216726,36.918258954734924,0.7376597811411332,0.8228065151194253,1.0
historical_reference,2023-12,L12_fine,12,2023,climatology,review,20.846643280236652,22.167241186888415,1.9626804830208606,0.09414851382244116,18.462140008025862,35.13291014462927,1.6320755323360208,0.47590163032580024,1.0
historical_reference,2023-12,L12_fine,12,2023,climatology,focus,28.13381879528409,29.182197745702677,1.5208619691579903,0.054058141918967774,27.69038111559139,35.13291014462927,1.2357591015474403,0.9212005466151548,1.0
historical_reference,2023-12,L12_fine,12,2023,anomaly,review,4.958662371571471,4.712933916613332,1.0648269237722214,0.21474075949937332,4.484693232264212,9.66278972813973,6.146041351625364,0.3528863145848648,1.0
historical_reference,2023-12,L12_fine,12,2023,anomaly,focus,4.493925248516765,3.540519667727455,1.238514383299176,0.2755974598616102,4.1635585369197905,8.052395361130555,8.279050635056773,0.5532066536301095,1.0
historical_reference,2023-12,matched_hybrid_fine,12,2023,total,review,21.83348187270855,23.12580534948471,2.3170569079215135,0.10612402187750879,19.222001679823443,35.60045588726441,2.000497405834527,0.5154202496153614,1.0
historical_reference,2023-12,matched_hybrid_fine,12,2023,total,focus,28.617368849311497,29.703241144743764,1.6822417660964775,0.05878394254043905,27.72468995461041,35.60045588726441,0.8694720036138258,0.8334071263656638,1.0
historical_reference,2023-12,matched_hybrid_fine,12,2023,climatology,review,20.87670260151469,22.167241186888415,2.049383016049645,0.09816603010386103,18.56462713148696,35.1835333664981,1.7436036884019082,0.4869408554914549,1.0
historical_reference,2023-12,matched_hybrid_fine,12,2023,climatology,focus,28.157527225414547,29.182197745702677,1.5969349931792678,0.056714319421412085,27.748309928110032,35.1835333664981,1.388750586448946,0.9269982827578521,1.0
historical_reference,2023-12,matched_hybrid_fine,12,2023,anomaly,review,4.958662371571471,4.712933916613332,1.0648269237722214,0.21474075949937332,4.484693232264212,9.662789728139732,6.180972555384958,0.36974060156747734,1.0
historical_reference,2023-12,matched_hybrid_fine,12,2023,anomaly,focus,4.493925248516765,3.540519667727455,1.2385143832991758,0.2755974598616102,4.1635585369197905,8.052395361130555,8.228750889873876,0.5638072648763479,1.0
historical_reference,2024-12,native,12,2024,total,review,24.985241032284936,26.452993533239532,2.078892295241774,0.08320481249532521,21.518458130365758,42.56115998656369,2.050417606943549,0.5310997701442894,1.0
historical_reference,2024-12,native,12,2024,total,focus,34.02655294060667,35.729038510455155,2.341046642932357,0.06880058191667704,33.238575282411,42.56115998656369,1.7789786002194825,0.9409998473496194,1.0
historical_reference,2024-12,native,12,2024,climatology,review,20.93376037028052,22.218115922411137,1.6107828529389114,0.07694665575830924,18.577280290383083,35.1835333664981,1.679733800628755,0.49036015863448457,1.0
historical_reference,2024-12,native,12,2024,climatology,focus,28.197285214755606,29.56891634539038,1.6571764314668065,0.05877077948623253,27.75060028307665,35.1835333664981,1.3658345286273423,0.9126737989222525,1.0
historical_reference,2024-12,native,12,2024,anomaly,review,6.397174251117088,6.319222288854067,1.10921042901964,0.17339068555557127,5.543200249540524,13.971102773143025,9.080109853123473,0.4783688828178129,1.0
historical_reference,2024-12,native,12,2024,anomaly,focus,7.074555967210065,6.979216161860923,1.5377113002761105,0.21735799496155872,6.193285264419489,13.021325344061196,12.412838696089864,0.8045985447459809,1.0
historical_reference,2024-12,L12_native,12,2024,total,review,24.695497198527473,26.125745537913122,2.2161791985241863,0.08974021380125649,21.401059432935114,40.1614517933177,2.1793728480239163,0.5358945893231354,1.0
historical_reference,2024-12,L12_native,12,2024,total,focus,33.25334726198173,34.849410964181665,2.1904043097989936,0.0658701902260307,32.5976148838357,40.1614517933177,1.6152539850979,0.9462169145441458,1.0
historical_reference,2024-12,L12_native,12,2024,climatology,review,20.8378035694966,22.053459844657187,1.9405911024038192,0.09312839023228685,18.43572921289957,35.09000180610971,1.6882433548212892,0.4785067747031793,1.0
historical_reference,2024-12,L12_native,12,2024,climatology,focus,28.06957211383917,28.948353676526263,1.4465573611134603,0.051534713648173594,27.59422536235793,35.09000180610971,1.2709793860333296,0.89813732263278,1.0
historical_reference,2024-12,L12_native,12,2024,anomaly,review,6.150553366423511,6.212966638388897,1.4864551404578328,0.24167827704293096,5.4146608360190225,13.334531916986407,8.986597862528418,0.4839681908735042,1.0
historical_reference,2024-12,L12_native,12,2024,anomaly,focus,6.386984273900038,6.49149357550279,1.8140818307400537,0.2840279156711207,5.781762623749031,11.80934188920814,10.974262000929432,0.8575915586487185,1.0
historical_reference,2024-12,L12_fine,12,2024,total,review,24.704744316199573,26.30433890736119,2.2983556625194117,0.0930329669921869,21.42703822637455,40.22864851520179,2.238234089157325,0.5363524789387871,1.0
historical_reference,2024-12,L12_fine,12,2024,total,focus,33.33267921498804,35.186017073034066,2.3973420514474357,0.07192167290199315,32.72493744908592,40.22864851520179,1.6303303072499309,0.9592563911398274,1.0
historical_reference,2024-12,L12_fine,12,2024,climatology,review,20.846643280236652,22.167241186888415,1.9626804830208606,0.09414851382244116,18.462140008025862,35.13291014462927,1.6320755323360208,0.47590163032580024,1.0
historical_reference,2024-12,L12_fine,12,2024,climatology,focus,28.13381879528409,29.182197745702677,1.5208619691579903,0.054058141918967774,27.69038111559139,35.13291014462927,1.2357591015474403,0.9212005466151548,1.0
historical_reference,2024-12,L12_fine,12,2024,anomaly,review,6.152500524996144,6.306190050096768,1.5303893066251923,0.24874265356135852,5.4216077526088045,13.438371557332491,9.143965976219297,0.4819119752899866,1.0
historical_reference,2024-12,L12_fine,12,2024,anomaly,focus,6.395128346818468,6.586059306382306,1.8643832333522743,0.2915317929904866,5.793682756382437,11.934669757732244,10.897298463788795,0.8640086233258152,1.0
historical_reference,2024-12,matched_hybrid_fine,12,2024,total,review,24.697793773539836,26.30433890736119,2.564466333065564,0.1038338224288286,21.42704781043293,40.37625757140744,2.2297285182183844,0.5469125981084356,1.0
historical_reference,2024-12,matched_hybrid_fine,12,2024,total,focus,33.36771197435505,35.186017073034066,2.599068943047193,0.07789173393263292,32.78260288672787,40.37625757140744,1.5986804172900948,0.9635841208040136,1.0
historical_reference,2024-12,matched_hybrid_fine,12,2024,climatology,review,20.87670260151469,22.167241186888415,2.049383016049645,0.09816603010386103,18.56462713148696,35.1835333664981,1.7436036884019082,0.4869408554914549,1.0
historical_reference,2024-12,matched_hybrid_fine,12,2024,climatology,focus,28.157527225414547,29.182197745702677,1.5969349931792678,0.056714319421412085,27.748309928110032,35.1835333664981,1.388750586448946,0.9269982827578521,1.0
historical_reference,2024-12,matched_hybrid_fine,12,2024,anomaly,review,6.152500524996145,6.306190050096768,1.5303893066251921,0.24874265356135847,5.421607752608805,13.438371557332491,9.2794351571171,0.48766683680724887,1.0
historical_reference,2024-12,matched_hybrid_fine,12,2024,anomaly,focus,6.395128346818469,6.586059306382306,1.8643832333522743,0.29153179299048654,5.793682756382437,11.934669757732244,10.874702136353132,0.8683363529900014,1.0
historical_reference,2025-12,native,12,2025,total,review,18.38587591470171,19.89015390989759,2.088694597210625,0.11360321405957402,16.810699236349837,30.093199456247042,1.776239819462448,0.33022369218177383,1.0
historical_reference,2025-12,native,12,2025,total,focus,21.149306778154532,22.702165994937836,2.1182892924287,0.10015880495036913,20.170509613526413,29.83970460836886,2.0093068346500265,0.5368549234736716,1.0
historical_reference,2025-12,native,12,2025,climatology,review,20.93376037028052,22.218115922411137,1.6107828529389114,0.07694665575830924,18.577280290383083,35.1835333664981,1.679733800628755,0.49036015863448457,1.0
historical_reference,2025-12,native,12,2025,climatology,focus,28.197285214755606,29.56891634539038,1.6571764314668065,0.05877077948623253,27.75060028307665,35.1835333664981,1.3658345286273423,0.9126737989222525,1.0
historical_reference,2025-12,native,12,2025,anomaly,review,10.17105989643289,10.335176153481436,1.364270647891837,0.13413259402496516,8.496257193010608,24.438261644501917,7.937197396573368,0.2908316755469537,1.0
historical_reference,2025-12,native,12,2025,anomaly,focus,10.553903779819418,10.954761533267789,1.4253825886841502,0.13505737956505598,9.158295955175783,21.01325310672274,10.27993604907036,0.5107188699805919,1.0
historical_reference,2025-12,L12_native,12,2025,total,review,18.284359843954075,19.717508302173705,1.9918214676402062,0.10893580549930075,16.679815568523544,32.66775811875086,1.9488957793391388,0.293383338066692,1.0
historical_reference,2025-12,L12_native,12,2025,total,focus,21.626250298522947,22.998915126889486,1.9878057443660095,0.09191633856664347,20.382282669152023,32.66775811875086,2.205762867612146,0.5149873591266092,1.0
historical_reference,2025-12,L12_native,12,2025,climatology,review,20.8378035694966,22.053459844657187,1.9405911024038192,0.09312839023228685,18.43572921289957,35.09000180610971,1.6882433548212892,0.4785067747031793,1.0
historical_reference,2025-12,L12_native,12,2025,climatology,focus,28.06957211383917,28.948353676526263,1.4465573611134603,0.051534713648173594,27.59422536235793,35.09000180610971,1.2709793860333296,0.89813732263278,1.0
historical_reference,2025-12,L12_native,12,2025,anomaly,review,9.937046836769658,9.822700925026462,1.3444421791903651,0.13529594871341244,8.082173877868653,22.168165447600185,12.136417774305215,0.18716607555228473,1.0
historical_reference,2025-12,L12_native,12,2025,anomaly,focus,10.533654477597015,10.279972654347354,1.3920729325490397,0.13215479352485898,8.701230558088744,22.168165447600185,15.2153130727115,0.4608115677726982,1.0
historical_reference,2025-12,L12_fine,12,2025,total,review,18.29543386218668,19.81838541943215,2.044941600812928,0.11177333187159058,16.703419829967352,32.66775811875086,1.9355200730402664,0.29841069720728775,1.0
historical_reference,2025-12,L12_fine,12,2025,total,focus,21.665020369918107,23.175942488491195,2.072511946167762,0.09566166616881865,20.42720757125861,32.66775811875086,2.197017723743857,0.5431778810936543,1.0
historical_reference,2025-12,L12_fine,12,2025,climatology,review,20.846643280236652,22.167241186888415,1.9626804830208606,0.09414851382244116,18.462140008025862,35.13291014462927,1.6320755323360208,0.47590163032580024,1.0
historical_reference,2025-12,L12_fine,12,2025,climatology,focus,28.13381879528409,29.182197745702677,1.5208619691579903,0.054058141918967774,27.69038111559139,35.13291014462927,1.2357591015474403,0.9212005466151548,1.0
historical_reference,2025-12,L12_fine,12,2025,anomaly,review,9.935914336206165,9.89823481681706,1.3242562981391903,0.1332797620158259,8.081131275432858,22.250645259865806,12.117441051947106,0.18984375809043505,1.0
historical_reference,2025-12,L12_fine,12,2025,anomaly,focus,10.541496201836011,10.366662450306517,1.362611350537987,0.12926166499027542,8.69568051304759,22.250645259865806,14.611075790279525,0.4784461823847412,1.0
historical_reference,2025-12,matched_hybrid_fine,12,2025,total,review,18.405004289683678,19.81838541943215,2.373579700164257,0.12896382216518631,16.829496680310776,31.95760544814449,1.9198783365871754,0.31436722499360215,1.0
historical_reference,2025-12,matched_hybrid_fine,12,2025,total,focus,21.70631407486063,23.175942488491195,2.334838748244978,0.10756495737565566,20.478483665221635,31.95760544814449,2.1233168831848626,0.5518240609505587,1.0
historical_reference,2025-12,matched_hybrid_fine,12,2025,climatology,review,20.87670260151469,22.167241186888415,2.049383016049645,0.09816603010386103,18.56462713148696,35.1835333664981,1.7436036884019082,0.4869408554914549,1.0
historical_reference,2025-12,matched_hybrid_fine,12,2025,climatology,focus,28.157527225414547,29.182197745702677,1.5969349931792678,0.056714319421412085,27.748309928110032,35.1835333664981,1.388750586448946,0.9269982827578521,1.0
historical_reference,2025-12,matched_hybrid_fine,12,2025,anomaly,review,9.935914336206165,9.89823481681706,1.3242562981391903,0.1332797620158259,8.081131275432858,22.250645259865806,12.109923265474192,0.19690687949559063,1.0
historical_reference,2025-12,matched_hybrid_fine,12,2025,anomaly,focus,10.541496201836011,10.366662450306517,1.362611350537987,0.12926166499027542,8.69568051304759,22.250645259865806,14.543832805161394,0.4870923622416455,1.0
forecast,2026-01 linked frame,matched_hybrid_fine,1,2026,total,review,22.579390703337385,24.016159679223374,2.2452417736585764,0.09943765990668271,19.95810995959708,37.69118777441733,2.2202473343064972,0.5299189560707367,1.0
forecast,2026-01 linked frame,matched_hybrid_fine,1,2026,total,focus,30.363297909489766,31.632299459020498,1.91849820980435,0.06318477707932843,29.762962737934284,37.69118777441733,1.828923935665784,0.9040934867253151,1.0
forecast,2026-01 linked frame,matched_hybrid_fine,1,2026,climatology,review,22.7312972707376,24.200295743706473,2.169449797303906,0.09543889077094941,20.043125737481535,37.71058126644694,1.866432048715158,0.5340282685663454,1.0
forecast,2026-01 linked frame,matched_hybrid_fine,1,2026,climatology,focus,30.53599083757599,31.90598831206731,1.8532368243548705,0.060690246935572636,29.956257871271372,37.71058126644694,1.531116837587034,0.9129276400575144,1.0
forecast,2026-01 linked frame,matched_hybrid_fine,1,2026,anomaly,review,0.7003674465192109,0.7474563435715441,0.29568690785339946,0.4221882517854702,0.6014579647856829,1.4698882910261233,,0.0,1.0
forecast,2026-01 linked frame,matched_hybrid_fine,1,2026,anomaly,focus,0.6443465667556082,0.6886249773596607,0.26232032587626536,0.4071106131551095,0.5202585721589823,1.4278201830666053,,0.0,1.0
forecast,2026-01 native-mean decomposition,physical_native_mean_baseline,1,2026,total,review,22.579390703337385,24.016159679223374,2.2452417736585764,0.09943765990668271,19.95810995959708,37.69118777441733,2.2202473343064972,0.5299189560707367,1.0
forecast,2026-01 native-mean decomposition,physical_native_mean_baseline,1,2026,total,focus,30.363297909489766,31.632299459020498,1.91849820980435,0.06318477707932843,29.762962737934284,37.69118777441733,1.828923935665784,0.9040934867253151,1.0
forecast,2026-01 native-mean decomposition,physical_native_mean_baseline,1,2026,climatology,review,22.7312972707376,24.297823879301042,1.8429347869120007,0.08107477391026174,20.043125737481535,37.71058126644694,1.6932006185691848,0.5340282685663454,1.0
forecast,2026-01 native-mean decomposition,physical_native_mean_baseline,1,2026,climatology,focus,30.53599083757599,32.48953590964139,2.176725141413169,0.0712839204396998,29.956257871271372,37.71058126644694,1.338993797325606,0.9129276400575144,1.0
forecast,2026-01 native-mean decomposition,physical_native_mean_baseline,1,2026,anomaly,review,0.7003674465192109,1.7627239240112453,1.5410525973100584,2.2003486954869307,0.6014579647856829,1.4698882910261233,,0.0,1.0
forecast,2026-01 native-mean decomposition,physical_native_mean_baseline,1,2026,anomaly,focus,0.6443465667556082,1.6190918781401014,1.309252205439398,2.03190685415102,0.5202585721589823,1.4278201830666053,,0.0,1.0
display_sensitivity,2026-01 quantized grid,quantized_display_input,1,2026,total,review,22.5856212323812,24.121924051384593,3.2504494409412694,0.14391676046887175,19.966770934825778,38.01315561749642,3.529591224391282,0.5355251459079292,1.0
display_sensitivity,2026-01 quantized grid,quantized_display_input,1,2026,total,focus,30.373185303827572,31.71097410411919,2.9477062643729584,0.09704962567760365,29.768370791725495,38.01315561749642,3.04313291082235,0.905860317391755,1.0
display_sensitivity,2026-01 quantized grid,quantized_display_input,1,2026,climatology,review,22.7312972707376,24.200295743706473,2.169449797303906,0.09543889077094941,20.043125737481535,37.71058126644694,1.866432048715158,0.5340282685663454,1.0
display_sensitivity,2026-01 quantized grid,quantized_display_input,1,2026,climatology,focus,30.53599083757599,31.90598831206731,1.8532368243548705,0.060690246935572636,29.956257871271372,37.71058126644694,1.531116837587034,0.9129276400575144,1.0
display_sensitivity,2026-01 quantized grid,quantized_display_input,1,2026,anomaly,review,0.81540799392112,2.4152601249053265,2.348954636052227,2.8807108264374675,0.7185380368086655,1.9932286988245083,,0.0,1.0
display_sensitivity,2026-01 quantized grid,quantized_display_input,1,2026,anomaly,focus,0.7582145477364264,2.278184276581464,2.213226103890747,2.9189971499466894,0.6562082322623016,1.9932286988245083,,0.0,1.0
forecast,2026-01 both variables L12,L12_fine,1,2026,total,review,22.540637978178342,24.01615969776354,2.06032510183056,0.09140491515036828,19.875666469746513,38.05919292462694,2.1095142568389194,0.5305343276928691,1.0
forecast,2026-01 both variables L12,L12_fine,1,2026,total,focus,30.32755847484904,31.632299410913138,1.836373722015377,0.06055132079090049,29.70538937105567,38.05919292462694,1.6274268416523956,0.9040934867253151,1.0
forecast,2026-01 both variables L12,L12_fine,1,2026,climatology,review,22.697684413356143,24.200295743706473,2.0326062273329835,0.08955125951689256,19.964936550268654,38.09074514087267,1.7661067612648982,0.5300573823850415,1.0
forecast,2026-01 both variables L12,L12_fine,1,2026,climatology,focus,30.5004428191247,31.90598831206731,1.8076188733994953,0.05926533211727876,29.898188512093373,38.09074514087267,1.3252295735688653,0.9173447167236141,1.0
forecast,2026-01 both variables L12,L12_fine,1,2026,anomaly,review,0.7003674520570135,0.7474569751398993,0.2956872294817261,0.4221887076752043,0.6014579791573162,1.4698886177070976,,0.0,1.0
forecast,2026-01 both variables L12,L12_fine,1,2026,anomaly,focus,0.6443465992216079,0.6886255888133483,0.2623197365510186,0.40710967803339004,0.5202586060955556,1.4278198634549182,,0.0,1.0
