{
  "zot": {
    "schema": "adva.external.zot-prefix-machine.evidence.v0",
    "contract": "adva.external.zot-prefix-machine.contract.v0",
    "attempt": 1,
    "verdict": "Completed",
    "modes": {
      "direct": {
        "actualTransitions": 125845,
        "elapsedMs": 26,
        "hits": 0,
        "misses": 9217,
        "cacheEntries": 0,
        "arenaNodes": 921,
        "rows": [
          {
            "word": "",
            "code": "0",
            "weightExponent": 1,
            "status": "Accepted",
            "items": [],
            "cost": 10
          },
          {
            "word": "0",
            "code": "100",
            "weightExponent": 3,
            "status": "Accepted",
            "items": [],
            "cost": 23
          },
          {
            "word": "1",
            "code": "101",
            "weightExponent": 3,
            "status": "Accepted",
            "items": [],
            "cost": 17
          },
          {
            "word": "00",
            "code": "11000",
            "weightExponent": 5,
            "status": "Accepted",
            "items": [],
            "cost": 45
          },
          {
            "word": "01",
            "code": "11001",
            "weightExponent": 5,
            "status": "Accepted",
            "items": [],
            "cost": 30
          },
          {
            "word": "10",
            "code": "11010",
            "weightExponent": 5,
            "status": "Accepted",
            "items": [],
            "cost": 27
          },
          {
            "word": "11",
            "code": "11011",
            "weightExponent": 5,
            "status": "Accepted",
            "items": [],
            "cost": 24
          },
          {
            "word": "000",
            "code": "1110000",
            "weightExponent": 7,
            "status": "Accepted",
            "items": [],
            "cost": 76
          },
          {
            "word": "001",
            "code": "1110001",
            "weightExponent": 7,
            "status": "RejectedNonBitOutput",
            "items": [
              "<non-bit>"
            ],
            "cost": 90
          },
          {
            "word": "010",
            "code": "1110010",
            "weightExponent": 7,
            "status": "RejectedNonBitOutput",
            "items": [
              "<non-bit>"
            ],
            "cost": 72
          },
          {
            "word": "011",
            "code": "1110011",
            "weightExponent": 7,
            "status": "RejectedNonBitOutput",
            "items": [
              "<non-bit>"
            ],
            "cost": 72
          },
          {
            "word": "100",
            "code": "1110100",
            "weightExponent": 7,
            "status": "Accepted",
            "items": [],
            "cost": 70
          },
          {
            "word": "101",
            "code": "1110101",
            "weightExponent": 7,
            "status": "Accepted",
            "items": [],
            "cost": 34
          },
          {
            "word": "110",
            "code": "1110110",
            "weightExponent": 7,
            "status": "Accepted",
            "items": [],
            "cost": 34
          },
          {
            "word": "111",
            "code": "1110111",
            "weightExponent": 7,
            "status": "Accepted",
            "items": [],
            "cost": 31
          },
          {
            "word": "0000",
            "code": "111100000",
            "weightExponent": 9,
            "status": "Accepted",
            "items": [],
            "cost": 98
          },
          {
            "word": "0001",
            "code": "111100001",
            "weightExponent": 9,
            "status": "Accepted",
            "items": [],
            "cost": 83
          },
          {
            "word": "0010",
            "code": "111100010",
            "weightExponent": 9,
            "status": "Accepted",
            "items": [],
            "cost": 59
          },
          {
            "word": "0011",
            "code": "111100011",
            "weightExponent": 9,
            "status": "Accepted",
            "items": [],
            "cost": 59
          },
          {
            "word": "0100",
            "code": "111100100",
            "weightExponent": 9,
            "status": "Accepted",
            "items": [],
            "cost": 41
          },
          {
            "word": "0101",
            "code": "111100101",
            "weightExponent": 9,
            "status": "Accepted",
            "items": [],
            "cost": 41
          },
          {
            "word": "0110",
            "code": "111100110",
            "weightExponent": 9,
            "status": "Accepted",
            "items": [],
            "cost": 41
          },
          {
            "word": "0111",
            "code": "111100111",
            "weightExponent": 9,
            "status": "Accepted",
            "items": [],
            "cost": 41
          },
          {
            "word": "1000",
            "code": "111101000",
            "weightExponent": 9,
            "status": "Accepted",
            "items": [],
            "cost": 77
          },
          {
            "word": "1001",
            "code": "111101001",
            "weightExponent": 9,
            "status": "RejectedNonBitOutput",
            "items": [
              "<non-bit>"
            ],
            "cost": 106
          },
          {
            "word": "1010",
            "code": "111101010",
            "weightExponent": 9,
            "status": "Accepted",
            "items": [],
            "cost": 44
          },
          {
            "word": "1011",
            "code": "111101011",
            "weightExponent": 9,
            "status": "Accepted",
            "items": [],
            "cost": 41
          },
          {
            "word": "1100",
            "code": "111101100",
            "weightExponent": 9,
            "status": "Accepted",
            "items": [],
            "cost": 71
          },
          {
            "word": "1101",
            "code": "111101101",
            "weightExponent": 9,
            "status": "Accepted",
            "items": [],
            "cost": 41
          },
          {
            "word": "1110",
            "code": "111101110",
            "weightExponent": 9,
            "status": "Accepted",
            "items": [],
            "cost": 41
          },
          {
            "word": "1111",
            "code": "111101111",
            "weightExponent": 9,
            "status": "Accepted",
            "items": [],
            "cost": 38
          },
          {
            "word": "00000",
            "code": "11111000000",
            "weightExponent": 11,
            "status": "Accepted",
            "items": [],
            "cost": 129
          },
          {
            "word": "00001",
            "code": "11111000001",
            "weightExponent": 11,
            "status": "RejectedNonBitOutput",
            "items": [
              "<non-bit>"
            ],
            "cost": 143
          },
          {
            "word": "00010",
            "code": "11111000010",
            "weightExponent": 11,
            "status": "RejectedNonBitOutput",
            "items": [
              "<non-bit>"
            ],
            "cost": 125
          },
          {
            "word": "00011",
            "code": "11111000011",
            "weightExponent": 11,
            "status": "RejectedNonBitOutput",
            "items": [
              "<non-bit>"
            ],
            "cost": 125
          },
          {
            "word": "00100",
            "code": "11111000100",
            "weightExponent": 11,
            "status": "Accepted",
            "items": [
              "1"
            ],
            "cost": 134
          },
          {
            "word": "00101",
            "code": "11111000101",
            "weightExponent": 11,
            "status": "Accepted",
            "items": [],
            "cost": 66
          },
          {
            "word": "00110",
            "code": "11111000110",
            "weightExponent": 11,
            "status": "RejectedTypeError",
            "items": [],
            "cost": 121
          },
          {
            "word": "00111",
            "code": "11111000111",
            "weightExponent": 11,
            "status": "Accepted",
            "items": [],
            "cost": 66
          },
          {
            "word": "01000",
            "code": "11111001000",
            "weightExponent": 11,
            "status": "Accepted",
            "items": [
              "1"
            ],
            "cost": 116
          },
          {
            "word": "01001",
            "code": "11111001001",
            "weightExponent": 11,
            "status": "Accepted",
            "items": [],
            "cost": 48
          },
          {
            "word": "01010",
            "code": "11111001010",
            "weightExponent": 11,
            "status": "RejectedTypeError",
            "items": [],
            "cost": 103
          },
          {
            "word": "01011",
            "code": "11111001011",
            "weightExponent": 11,
            "status": "Accepted",
            "items": [],
            "cost": 48
          },
          {
            "word": "01100",
            "code": "11111001100",
            "weightExponent": 11,
            "status": "Accepted",
            "items": [
              "1"
            ],
            "cost": 116
          },
          {
            "word": "01101",
            "code": "11111001101",
            "weightExponent": 11,
            "status": "Accepted",
            "items": [],
            "cost": 48
          },
          {
            "word": "01110",
            "code": "11111001110",
            "weightExponent": 11,
            "status": "RejectedTypeError",
            "items": [],
            "cost": 103
          },
          {
            "word": "01111",
            "code": "11111001111",
            "weightExponent": 11,
            "status": "Accepted",
            "items": [],
            "cost": 48
          },
          {
            "word": "10000",
            "code": "11111010000",
            "weightExponent": 11,
            "status": "Accepted",
            "items": [],
            "cost": 114
          },
          {
            "word": "10001",
            "code": "11111010001",
            "weightExponent": 11,
            "status": "Accepted",
            "items": [],
            "cost": 84
          },
          {
            "word": "10010",
            "code": "11111010010",
            "weightExponent": 11,
            "status": "Accepted",
            "items": [],
            "cost": 81
          },
          {
            "word": "10011",
            "code": "11111010011",
            "weightExponent": 11,
            "status": "Accepted",
            "items": [],
            "cost": 81
          },
          {
            "word": "10100",
            "code": "11111010100",
            "weightExponent": 11,
            "status": "Accepted",
            "items": [],
            "cost": 108
          },
          {
            "word": "10101",
            "code": "11111010101",
            "weightExponent": 11,
            "status": "Accepted",
            "items": [],
            "cost": 51
          },
          {
            "word": "10110",
            "code": "11111010110",
            "weightExponent": 11,
            "status": "Accepted",
            "items": [],
            "cost": 51
          },
          {
            "word": "10111",
            "code": "11111010111",
            "weightExponent": 11,
            "status": "Accepted",
            "items": [],
            "cost": 48
          },
          {
            "word": "11000",
            "code": "11111011000",
            "weightExponent": 11,
            "status": "Accepted",
            "items": [],
            "cost": 99
          },
          {
            "word": "11001",
            "code": "11111011001",
            "weightExponent": 11,
            "status": "Accepted",
            "items": [],
            "cost": 78
          },
          {
            "word": "11010",
            "code": "11111011010",
            "weightExponent": 11,
            "status": "Accepted",
            "items": [],
            "cost": 51
          },
          {
            "word": "11011",
            "code": "11111011011",
            "weightExponent": 11,
            "status": "Accepted",
            "items": [],
            "cost": 48
          },
          {
            "word": "11100",
            "code": "11111011100",
            "weightExponent": 11,
            "status": "Accepted",
            "items": [],
            "cost": 78
          },
          {
            "word": "11101",
            "code": "11111011101",
            "weightExponent": 11,
            "status": "Accepted",
            "items": [],
            "cost": 48
          },
          {
            "word": "11110",
            "code": "11111011110",
            "weightExponent": 11,
            "status": "Accepted",
            "items": [],
            "cost": 48
          },
          {
            "word": "11111",
            "code": "11111011111",
            "weightExponent": 11,
            "status": "Accepted",
            "items": [],
            "cost": 45
          },
          {
            "word": "000000",
            "code": "1111110000000",
            "weightExponent": 13,
            "status": "Accepted",
            "items": [],
            "cost": 151
          },
          {
            "word": "000001",
            "code": "1111110000001",
            "weightExponent": 13,
            "status": "Accepted",
            "items": [],
            "cost": 136
          },
          {
            "word": "000010",
            "code": "1111110000010",
            "weightExponent": 13,
            "status": "Accepted",
            "items": [],
            "cost": 112
          },
          {
            "word": "000011",
            "code": "1111110000011",
            "weightExponent": 13,
            "status": "Accepted",
            "items": [],
            "cost": 112
          },
          {
            "word": "000100",
            "code": "1111110000100",
            "weightExponent": 13,
            "status": "Accepted",
            "items": [],
            "cost": 94
          },
          {
            "word": "000101",
            "code": "1111110000101",
            "weightExponent": 13,
            "status": "Accepted",
            "items": [],
            "cost": 94
          },
          {
            "word": "000110",
            "code": "1111110000110",
            "weightExponent": 13,
            "status": "Accepted",
            "items": [],
            "cost": 94
          },
          {
            "word": "000111",
            "code": "1111110000111",
            "weightExponent": 13,
            "status": "Accepted",
            "items": [],
            "cost": 94
          },
          {
            "word": "001000",
            "code": "1111110001000",
            "weightExponent": 13,
            "status": "Accepted",
            "items": [],
            "cost": 121
          },
          {
            "word": "001001",
            "code": "1111110001001",
            "weightExponent": 13,
            "status": "Accepted",
            "items": [],
            "cost": 118
          },
          {
            "word": "001010",
            "code": "1111110001010",
            "weightExponent": 13,
            "status": "Accepted",
            "items": [],
            "cost": 76
          },
          {
            "word": "001011",
            "code": "1111110001011",
            "weightExponent": 13,
            "status": "Accepted",
            "items": [],
            "cost": 73
          },
          {
            "word": "001100",
            "code": "1111110001100",
            "weightExponent": 13,
            "status": "Accepted",
            "items": [],
            "cost": 91
          },
          {
            "word": "001101",
            "code": "1111110001101",
            "weightExponent": 13,
            "status": "Accepted",
            "items": [],
            "cost": 88
          },
          {
            "word": "001110",
            "code": "1111110001110",
            "weightExponent": 13,
            "status": "Accepted",
            "items": [],
            "cost": 76
          },
          {
            "word": "001111",
            "code": "1111110001111",
            "weightExponent": 13,
            "status": "Accepted",
            "items": [],
            "cost": 73
          },
          {
            "word": "010000",
            "code": "1111110010000",
            "weightExponent": 13,
            "status": "Accepted",
            "items": [],
            "cost": 103
          },
          {
            "word": "010001",
            "code": "1111110010001",
            "weightExponent": 13,
            "status": "Accepted",
            "items": [],
            "cost": 100
          },
          {
            "word": "010010",
            "code": "1111110010010",
            "weightExponent": 13,
            "status": "Accepted",
            "items": [],
            "cost": 58
          },
          {
            "word": "010011",
            "code": "1111110010011",
            "weightExponent": 13,
            "status": "Accepted",
            "items": [],
            "cost": 55
          },
          {
            "word": "010100",
            "code": "1111110010100",
            "weightExponent": 13,
            "status": "Accepted",
            "items": [],
            "cost": 73
          },
          {
            "word": "010101",
            "code": "1111110010101",
            "weightExponent": 13,
            "status": "Accepted",
            "items": [],
            "cost": 70
          },
          {
            "word": "010110",
            "code": "1111110010110",
            "weightExponent": 13,
            "status": "Accepted",
            "items": [],
            "cost": 58
          },
          {
            "word": "010111",
            "code": "1111110010111",
            "weightExponent": 13,
            "status": "Accepted",
            "items": [],
            "cost": 55
          },
          {
            "word": "011000",
            "code": "1111110011000",
            "weightExponent": 13,
            "status": "Accepted",
            "items": [],
            "cost": 103
          },
          {
            "word": "011001",
            "code": "1111110011001",
            "weightExponent": 13,
            "status": "Accepted",
            "items": [],
            "cost": 100
          },
          {
            "word": "011010",
            "code": "1111110011010",
            "weightExponent": 13,
            "status": "Accepted",
            "items": [],
            "cost": 58
          },
          {
            "word": "011011",
            "code": "1111110011011",
            "weightExponent": 13,
            "status": "Accepted",
            "items": [],
            "cost": 55
          },
          {
            "word": "011100",
            "code": "1111110011100",
            "weightExponent": 13,
            "status": "Accepted",
            "items": [],
            "cost": 73
          },
          {
            "word": "011101",
            "code": "1111110011101",
            "weightExponent": 13,
            "status": "Accepted",
            "items": [],
            "cost": 70
          },
          {
            "word": "011110",
            "code": "1111110011110",
            "weightExponent": 13,
            "status": "Accepted",
            "items": [],
            "cost": 58
          },
          {
            "word": "011111",
            "code": "1111110011111",
            "weightExponent": 13,
            "status": "Accepted",
            "items": [],
            "cost": 55
          },
          {
            "word": "100000",
            "code": "1111110100000",
            "weightExponent": 13,
            "status": "Accepted",
            "items": [],
            "cost": 121
          },
          {
            "word": "100001",
            "code": "1111110100001",
            "weightExponent": 13,
            "status": "RejectedNonBitOutput",
            "items": [
              "<non-bit>"
            ],
            "cost": 150
          },
          {
            "word": "100010",
            "code": "1111110100010",
            "weightExponent": 13,
            "status": "Accepted",
            "items": [],
            "cost": 94
          },
          {
            "word": "100011",
            "code": "1111110100011",
            "weightExponent": 13,
            "status": "Accepted",
            "items": [],
            "cost": 91
          },
          {
            "word": "100100",
            "code": "1111110100100",
            "weightExponent": 13,
            "status": "Accepted",
            "items": [],
            "cost": 91
          },
          {
            "word": "100101",
            "code": "1111110100101",
            "weightExponent": 13,
            "status": "Accepted",
            "items": [],
            "cost": 88
          },
          {
            "word": "100110",
            "code": "1111110100110",
            "weightExponent": 13,
            "status": "Accepted",
            "items": [],
            "cost": 91
          },
          {
            "word": "100111",
            "code": "1111110100111",
            "weightExponent": 13,
            "status": "Accepted",
            "items": [],
            "cost": 88
          },
          {
            "word": "101000",
            "code": "1111110101000",
            "weightExponent": 13,
            "status": "Accepted",
            "items": [],
            "cost": 115
          },
          {
            "word": "101001",
            "code": "1111110101001",
            "weightExponent": 13,
            "status": "Accepted",
            "items": [],
            "cost": 112
          },
          {
            "word": "101010",
            "code": "1111110101010",
            "weightExponent": 13,
            "status": "Accepted",
            "items": [],
            "cost": 61
          },
          {
            "word": "101011",
            "code": "1111110101011",
            "weightExponent": 13,
            "status": "Accepted",
            "items": [],
            "cost": 58
          },
          {
            "word": "101100",
            "code": "1111110101100",
            "weightExponent": 13,
            "status": "Accepted",
            "items": [],
            "cost": 88
          },
          {
            "word": "101101",
            "code": "1111110101101",
            "weightExponent": 13,
            "status": "Accepted",
            "items": [],
            "cost": 58
          },
          {
            "word": "101110",
            "code": "1111110101110",
            "weightExponent": 13,
            "status": "Accepted",
            "items": [],
            "cost": 58
          },
          {
            "word": "101111",
            "code": "1111110101111",
            "weightExponent": 13,
            "status": "Accepted",
            "items": [],
            "cost": 55
          },
          {
            "word": "110000",
            "code": "1111110110000",
            "weightExponent": 13,
            "status": "Accepted",
            "items": [],
            "cost": 121
          },
          {
            "word": "110001",
            "code": "1111110110001",
            "weightExponent": 13,
            "status": "Accepted",
            "items": [],
            "cost": 106
          },
          {
            "word": "110010",
            "code": "1111110110010",
            "weightExponent": 13,
            "status": "Accepted",
            "items": [],
            "cost": 88
          },
          {
            "word": "110011",
            "code": "1111110110011",
            "weightExponent": 13,
            "status": "Accepted",
            "items": [],
            "cost": 85
          },
          {
            "word": "110100",
            "code": "1111110110100",
            "weightExponent": 13,
            "status": "Accepted",
            "items": [],
            "cost": 109
          },
          {
            "word": "110101",
            "code": "1111110110101",
            "weightExponent": 13,
            "status": "Accepted",
            "items": [],
            "cost": 58
          },
          {
            "word": "110110",
            "code": "1111110110110",
            "weightExponent": 13,
            "status": "Accepted",
            "items": [],
            "cost": 58
          },
          {
            "word": "110111",
            "code": "1111110110111",
            "weightExponent": 13,
            "status": "Accepted",
            "items": [],
            "cost": 55
          },
          {
            "word": "111000",
            "code": "1111110111000",
            "weightExponent": 13,
            "status": "Accepted",
            "items": [],
            "cost": 103
          },
          {
            "word": "111001",
            "code": "1111110111001",
            "weightExponent": 13,
            "status": "Accepted",
            "items": [],
            "cost": 85
          },
          {
            "word": "111010",
            "code": "1111110111010",
            "weightExponent": 13,
            "status": "Accepted",
            "items": [],
            "cost": 58
          },
          {
            "word": "111011",
            "code": "1111110111011",
            "weightExponent": 13,
            "status": "Accepted",
            "items": [],
            "cost": 55
          },
          {
            "word": "111100",
            "code": "1111110111100",
            "weightExponent": 13,
            "status": "Accepted",
            "items": [],
            "cost": 85
          },
          {
            "word": "111101",
            "code": "1111110111101",
            "weightExponent": 13,
            "status": "Accepted",
            "items": [],
            "cost": 55
          },
          {
            "word": "111110",
            "code": "1111110111110",
            "weightExponent": 13,
            "status": "Accepted",
            "items": [],
            "cost": 55
          },
          {
            "word": "111111",
            "code": "1111110111111",
            "weightExponent": 13,
            "status": "Accepted",
            "items": [],
            "cost": 52
          },
          {
            "word": "0000000",
            "code": "111111100000000",
            "weightExponent": 15,
            "status": "Accepted",
            "items": [],
            "cost": 182
          },
          {
            "word": "0000001",
            "code": "111111100000001",
            "weightExponent": 15,
            "status": "RejectedNonBitOutput",
            "items": [
              "<non-bit>"
            ],
            "cost": 196
          },
          {
            "word": "0000010",
            "code": "111111100000010",
            "weightExponent": 15,
            "status": "RejectedNonBitOutput",
            "items": [
              "<non-bit>"
            ],
            "cost": 178
          },
          {
            "word": "0000011",
            "code": "111111100000011",
            "weightExponent": 15,
            "status": "RejectedNonBitOutput",
            "items": [
              "<non-bit>"
            ],
            "cost": 178
          },
          {
            "word": "0000100",
            "code": "111111100000100",
            "weightExponent": 15,
            "status": "Accepted",
            "items": [
              "1"
            ],
            "cost": 187
          },
          {
            "word": "0000101",
            "code": "111111100000101",
            "weightExponent": 15,
            "status": "Accepted",
            "items": [],
            "cost": 119
          },
          {
            "word": "0000110",
            "code": "111111100000110",
            "weightExponent": 15,
            "status": "RejectedTypeError",
            "items": [],
            "cost": 174
          },
          {
            "word": "0000111",
            "code": "111111100000111",
            "weightExponent": 15,
            "status": "Accepted",
            "items": [],
            "cost": 119
          },
          {
            "word": "0001000",
            "code": "111111100001000",
            "weightExponent": 15,
            "status": "Accepted",
            "items": [
              "1"
            ],
            "cost": 169
          },
          {
            "word": "0001001",
            "code": "111111100001001",
            "weightExponent": 15,
            "status": "Accepted",
            "items": [],
            "cost": 101
          },
          {
            "word": "0001010",
            "code": "111111100001010",
            "weightExponent": 15,
            "status": "RejectedTypeError",
            "items": [],
            "cost": 156
          },
          {
            "word": "0001011",
            "code": "111111100001011",
            "weightExponent": 15,
            "status": "Accepted",
            "items": [],
            "cost": 101
          },
          {
            "word": "0001100",
            "code": "111111100001100",
            "weightExponent": 15,
            "status": "Accepted",
            "items": [
              "1"
            ],
            "cost": 169
          },
          {
            "word": "0001101",
            "code": "111111100001101",
            "weightExponent": 15,
            "status": "Accepted",
            "items": [],
            "cost": 101
          },
          {
            "word": "0001110",
            "code": "111111100001110",
            "weightExponent": 15,
            "status": "RejectedTypeError",
            "items": [],
            "cost": 156
          },
          {
            "word": "0001111",
            "code": "111111100001111",
            "weightExponent": 15,
            "status": "Accepted",
            "items": [],
            "cost": 101
          },
          {
            "word": "0010000",
            "code": "111111100010000",
            "weightExponent": 15,
            "status": "Accepted",
            "items": [],
            "cost": 167
          },
          {
            "word": "0010001",
            "code": "111111100010001",
            "weightExponent": 15,
            "status": "Accepted",
            "items": [],
            "cost": 128
          },
          {
            "word": "0010010",
            "code": "111111100010010",
            "weightExponent": 15,
            "status": "Accepted",
            "items": [],
            "cost": 146
          },
          {
            "word": "0010011",
            "code": "111111100010011",
            "weightExponent": 15,
            "status": "Accepted",
            "items": [],
            "cost": 125
          },
          {
            "word": "0010100",
            "code": "111111100010100",
            "weightExponent": 15,
            "status": "Accepted",
            "items": [
              "0",
              "0",
              "1"
            ],
            "cost": 212
          },
          {
            "word": "0010101",
            "code": "111111100010101",
            "weightExponent": 15,
            "status": "Accepted",
            "items": [],
            "cost": 83
          },
          {
            "word": "0010110",
            "code": "111111100010110",
            "weightExponent": 15,
            "status": "Accepted",
            "items": [],
            "cost": 83
          },
          {
            "word": "0010111",
            "code": "111111100010111",
            "weightExponent": 15,
            "status": "Accepted",
            "items": [],
            "cost": 80
          },
          {
            "word": "0011000",
            "code": "111111100011000",
            "weightExponent": 15,
            "status": "Accepted",
            "items": [],
            "cost": 152
          },
          {
            "word": "0011001",
            "code": "111111100011001",
            "weightExponent": 15,
            "status": "Accepted",
            "items": [],
            "cost": 104
          },
          {
            "word": "0011010",
            "code": "111111100011010",
            "weightExponent": 15,
            "status": "Accepted",
            "items": [],
            "cost": 146
          },
          {
            "word": "0011011",
            "code": "111111100011011",
            "weightExponent": 15,
            "status": "Accepted",
            "items": [],
            "cost": 101
          },
          {
            "word": "0011100",
            "code": "111111100011100",
            "weightExponent": 15,
            "status": "Accepted",
            "items": [
              "0",
              "1"
            ],
            "cost": 186
          },
          {
            "word": "0011101",
            "code": "111111100011101",
            "weightExponent": 15,
            "status": "Accepted",
            "items": [],
            "cost": 83
          },
          {
            "word": "0011110",
            "code": "111111100011110",
            "weightExponent": 15,
            "status": "Accepted",
            "items": [],
            "cost": 83
          },
          {
            "word": "0011111",
            "code": "111111100011111",
            "weightExponent": 15,
            "status": "Accepted",
            "items": [],
            "cost": 80
          },
          {
            "word": "0100000",
            "code": "111111100100000",
            "weightExponent": 15,
            "status": "Accepted",
            "items": [],
            "cost": 149
          },
          {
            "word": "0100001",
            "code": "111111100100001",
            "weightExponent": 15,
            "status": "Accepted",
            "items": [],
            "cost": 110
          },
          {
            "word": "0100010",
            "code": "111111100100010",
            "weightExponent": 15,
            "status": "Accepted",
            "items": [],
            "cost": 128
          },
          {
            "word": "0100011",
            "code": "111111100100011",
            "weightExponent": 15,
            "status": "Accepted",
            "items": [],
            "cost": 107
          },
          {
            "word": "0100100",
            "code": "111111100100100",
            "weightExponent": 15,
            "status": "Accepted",
            "items": [
              "0",
              "0",
              "1"
            ],
            "cost": 194
          },
          {
            "word": "0100101",
            "code": "111111100100101",
            "weightExponent": 15,
            "status": "Accepted",
            "items": [],
            "cost": 65
          },
          {
            "word": "0100110",
            "code": "111111100100110",
            "weightExponent": 15,
            "status": "Accepted",
            "items": [],
            "cost": 65
          },
          {
            "word": "0100111",
            "code": "111111100100111",
            "weightExponent": 15,
            "status": "Accepted",
            "items": [],
            "cost": 62
          },
          {
            "word": "0101000",
            "code": "111111100101000",
            "weightExponent": 15,
            "status": "Accepted",
            "items": [],
            "cost": 134
          },
          {
            "word": "0101001",
            "code": "111111100101001",
            "weightExponent": 15,
            "status": "Accepted",
            "items": [],
            "cost": 86
          },
          {
            "word": "0101010",
            "code": "111111100101010",
            "weightExponent": 15,
            "status": "Accepted",
            "items": [],
            "cost": 128
          },
          {
            "word": "0101011",
            "code": "111111100101011",
            "weightExponent": 15,
            "status": "Accepted",
            "items": [],
            "cost": 83
          },
          {
            "word": "0101100",
            "code": "111111100101100",
            "weightExponent": 15,
            "status": "Accepted",
            "items": [
              "0",
              "1"
            ],
            "cost": 168
          },
          {
            "word": "0101101",
            "code": "111111100101101",
            "weightExponent": 15,
            "status": "Accepted",
            "items": [],
            "cost": 65
          },
          {
            "word": "0101110",
            "code": "111111100101110",
            "weightExponent": 15,
            "status": "Accepted",
            "items": [],
            "cost": 65
          },
          {
            "word": "0101111",
            "code": "111111100101111",
            "weightExponent": 15,
            "status": "Accepted",
            "items": [],
            "cost": 62
          },
          {
            "word": "0110000",
            "code": "111111100110000",
            "weightExponent": 15,
            "status": "Accepted",
            "items": [],
            "cost": 149
          },
          {
            "word": "0110001",
            "code": "111111100110001",
            "weightExponent": 15,
            "status": "Accepted",
            "items": [],
            "cost": 110
          },
          {
            "word": "0110010",
            "code": "111111100110010",
            "weightExponent": 15,
            "status": "Accepted",
            "items": [],
            "cost": 128
          },
          {
            "word": "0110011",
            "code": "111111100110011",
            "weightExponent": 15,
            "status": "Accepted",
            "items": [],
            "cost": 107
          },
          {
            "word": "0110100",
            "code": "111111100110100",
            "weightExponent": 15,
            "status": "Accepted",
            "items": [
              "0",
              "0",
              "1"
            ],
            "cost": 194
          },
          {
            "word": "0110101",
            "code": "111111100110101",
            "weightExponent": 15,
            "status": "Accepted",
            "items": [],
            "cost": 65
          },
          {
            "word": "0110110",
            "code": "111111100110110",
            "weightExponent": 15,
            "status": "Accepted",
            "items": [],
            "cost": 65
          },
          {
            "word": "0110111",
            "code": "111111100110111",
            "weightExponent": 15,
            "status": "Accepted",
            "items": [],
            "cost": 62
          },
          {
            "word": "0111000",
            "code": "111111100111000",
            "weightExponent": 15,
            "status": "Accepted",
            "items": [],
            "cost": 134
          },
          {
            "word": "0111001",
            "code": "111111100111001",
            "weightExponent": 15,
            "status": "Accepted",
            "items": [],
            "cost": 86
          },
          {
            "word": "0111010",
            "code": "111111100111010",
            "weightExponent": 15,
            "status": "Accepted",
            "items": [],
            "cost": 128
          },
          {
            "word": "0111011",
            "code": "111111100111011",
            "weightExponent": 15,
            "status": "Accepted",
            "items": [],
            "cost": 83
          },
          {
            "word": "0111100",
            "code": "111111100111100",
            "weightExponent": 15,
            "status": "Accepted",
            "items": [
              "0",
              "1"
            ],
            "cost": 168
          },
          {
            "word": "0111101",
            "code": "111111100111101",
            "weightExponent": 15,
            "status": "Accepted",
            "items": [],
            "cost": 65
          },
          {
            "word": "0111110",
            "code": "111111100111110",
            "weightExponent": 15,
            "status": "Accepted",
            "items": [],
            "cost": 65
          },
          {
            "word": "0111111",
            "code": "111111100111111",
            "weightExponent": 15,
            "status": "Accepted",
            "items": [],
            "cost": 62
          },
          {
            "word": "1000000",
            "code": "111111101000000",
            "weightExponent": 15,
            "status": "Accepted",
            "items": [],
            "cost": 158
          },
          {
            "word": "1000001",
            "code": "111111101000001",
            "weightExponent": 15,
            "status": "Accepted",
            "items": [],
            "cost": 128
          },
          {
            "word": "1000010",
            "code": "111111101000010",
            "weightExponent": 15,
            "status": "Accepted",
            "items": [],
            "cost": 125
          },
          {
            "word": "1000011",
            "code": "111111101000011",
            "weightExponent": 15,
            "status": "Accepted",
            "items": [],
            "cost": 125
          },
          {
            "word": "1000100",
            "code": "111111101000100",
            "weightExponent": 15,
            "status": "Accepted",
            "items": [],
            "cost": 152
          },
          {
            "word": "1000101",
            "code": "111111101000101",
            "weightExponent": 15,
            "status": "Accepted",
            "items": [],
            "cost": 101
          },
          {
            "word": "1000110",
            "code": "111111101000110",
            "weightExponent": 15,
            "status": "Accepted",
            "items": [],
            "cost": 101
          },
          {
            "word": "1000111",
            "code": "111111101000111",
            "weightExponent": 15,
            "status": "Accepted",
            "items": [],
            "cost": 98
          },
          {
            "word": "1001000",
            "code": "111111101001000",
            "weightExponent": 15,
            "status": "Accepted",
            "items": [],
            "cost": 143
          },
          {
            "word": "1001001",
            "code": "111111101001001",
            "weightExponent": 15,
            "status": "Accepted",
            "items": [],
            "cost": 98
          },
          {
            "word": "1001010",
            "code": "111111101001010",
            "weightExponent": 15,
            "status": "Accepted",
            "items": [],
            "cost": 98
          },
          {
            "word": "1001011",
            "code": "111111101001011",
            "weightExponent": 15,
            "status": "Accepted",
            "items": [],
            "cost": 95
          },
          {
            "word": "1001100",
            "code": "111111101001100",
            "weightExponent": 15,
            "status": "Accepted",
            "items": [],
            "cost": 128
          },
          {
            "word": "1001101",
            "code": "111111101001101",
            "weightExponent": 15,
            "status": "Accepted",
            "items": [],
            "cost": 98
          },
          {
            "word": "1001110",
            "code": "111111101001110",
            "weightExponent": 15,
            "status": "Accepted",
            "items": [],
            "cost": 98
          },
          {
            "word": "1001111",
            "code": "111111101001111",
            "weightExponent": 15,
            "status": "Accepted",
            "items": [],
            "cost": 95
          },
          {
            "word": "1010000",
            "code": "111111101010000",
            "weightExponent": 15,
            "status": "Accepted",
            "items": [],
            "cost": 146
          },
          {
            "word": "1010001",
            "code": "111111101010001",
            "weightExponent": 15,
            "status": "RejectedNonBitOutput",
            "items": [
              "<non-bit>"
            ],
            "cost": 151
          },
          {
            "word": "1010010",
            "code": "111111101010010",
            "weightExponent": 15,
            "status": "Accepted",
            "items": [],
            "cost": 119
          },
          {
            "word": "1010011",
            "code": "111111101010011",
            "weightExponent": 15,
            "status": "RejectedNonBitOutput",
            "items": [
              "<non-bit>"
            ],
            "cost": 148
          },
          {
            "word": "1010100",
            "code": "111111101010100",
            "weightExponent": 15,
            "status": "Accepted",
            "items": [],
            "cost": 137
          },
          {
            "word": "1010101",
            "code": "111111101010101",
            "weightExponent": 15,
            "status": "Accepted",
            "items": [],
            "cost": 68
          },
          {
            "word": "1010110",
            "code": "111111101010110",
            "weightExponent": 15,
            "status": "Accepted",
            "items": [],
            "cost": 68
          },
          {
            "word": "1010111",
            "code": "111111101010111",
            "weightExponent": 15,
            "status": "Accepted",
            "items": [],
            "cost": 65
          },
          {
            "word": "1011000",
            "code": "111111101011000",
            "weightExponent": 15,
            "status": "Accepted",
            "items": [],
            "cost": 146
          },
          {
            "word": "1011001",
            "code": "111111101011001",
            "weightExponent": 15,
            "status": "Accepted",
            "items": [],
            "cost": 95
          },
          {
            "word": "1011010",
            "code": "111111101011010",
            "weightExponent": 15,
            "status": "Accepted",
            "items": [],
            "cost": 68
          },
          {
            "word": "1011011",
            "code": "111111101011011",
            "weightExponent": 15,
            "status": "Accepted",
            "items": [],
            "cost": 65
          },
          {
            "word": "1011100",
            "code": "111111101011100",
            "weightExponent": 15,
            "status": "Accepted",
            "items": [],
            "cost": 95
          },
          {
            "word": "1011101",
            "code": "111111101011101",
            "weightExponent": 15,
            "status": "Accepted",
            "items": [],
            "cost": 65
          },
          {
            "word": "1011110",
            "code": "111111101011110",
            "weightExponent": 15,
            "status": "Accepted",
            "items": [],
            "cost": 65
          },
          {
            "word": "1011111",
            "code": "111111101011111",
            "weightExponent": 15,
            "status": "Accepted",
            "items": [],
            "cost": 62
          },
          {
            "word": "1100000",
            "code": "111111101100000",
            "weightExponent": 15,
            "status": "Accepted",
            "items": [],
            "cost": 152
          },
          {
            "word": "1100001",
            "code": "111111101100001",
            "weightExponent": 15,
            "status": "RejectedNonBitOutput",
            "items": [
              "<non-bit>"
            ],
            "cost": 166
          },
          {
            "word": "1100010",
            "code": "111111101100010",
            "weightExponent": 15,
            "status": "RejectedNonBitOutput",
            "items": [
              "<non-bit>"
            ],
            "cost": 148
          },
          {
            "word": "1100011",
            "code": "111111101100011",
            "weightExponent": 15,
            "status": "RejectedNonBitOutput",
            "items": [
              "<non-bit>"
            ],
            "cost": 148
          },
          {
            "word": "1100100",
            "code": "111111101100100",
            "weightExponent": 15,
            "status": "Accepted",
            "items": [],
            "cost": 146
          },
          {
            "word": "1100101",
            "code": "111111101100101",
            "weightExponent": 15,
            "status": "Accepted",
            "items": [],
            "cost": 95
          },
          {
            "word": "1100110",
            "code": "111111101100110",
            "weightExponent": 15,
            "status": "Accepted",
            "items": [],
            "cost": 95
          },
          {
            "word": "1100111",
            "code": "111111101100111",
            "weightExponent": 15,
            "status": "Accepted",
            "items": [],
            "cost": 92
          },
          {
            "word": "1101000",
            "code": "111111101101000",
            "weightExponent": 15,
            "status": "Accepted",
            "items": [],
            "cost": 137
          },
          {
            "word": "1101001",
            "code": "111111101101001",
            "weightExponent": 15,
            "status": "Accepted",
            "items": [],
            "cost": 116
          },
          {
            "word": "1101010",
            "code": "111111101101010",
            "weightExponent": 15,
            "status": "Accepted",
            "items": [],
            "cost": 68
          },
          {
            "word": "1101011",
            "code": "111111101101011",
            "weightExponent": 15,
            "status": "Accepted",
            "items": [],
            "cost": 65
          },
          {
            "word": "1101100",
            "code": "111111101101100",
            "weightExponent": 15,
            "status": "Accepted",
            "items": [],
            "cost": 95
          },
          {
            "word": "1101101",
            "code": "111111101101101",
            "weightExponent": 15,
            "status": "Accepted",
            "items": [],
            "cost": 65
          },
          {
            "word": "1101110",
            "code": "111111101101110",
            "weightExponent": 15,
            "status": "Accepted",
            "items": [],
            "cost": 65
          },
          {
            "word": "1101111",
            "code": "111111101101111",
            "weightExponent": 15,
            "status": "Accepted",
            "items": [],
            "cost": 62
          },
          {
            "word": "1110000",
            "code": "111111101110000",
            "weightExponent": 15,
            "status": "Accepted",
            "items": [],
            "cost": 146
          },
          {
            "word": "1110001",
            "code": "111111101110001",
            "weightExponent": 15,
            "status": "Accepted",
            "items": [],
            "cost": 110
          },
          {
            "word": "1110010",
            "code": "111111101110010",
            "weightExponent": 15,
            "status": "Accepted",
            "items": [],
            "cost": 95
          },
          {
            "word": "1110011",
            "code": "111111101110011",
            "weightExponent": 15,
            "status": "Accepted",
            "items": [],
            "cost": 92
          },
          {
            "word": "1110100",
            "code": "111111101110100",
            "weightExponent": 15,
            "status": "Accepted",
            "items": [],
            "cost": 116
          },
          {
            "word": "1110101",
            "code": "111111101110101",
            "weightExponent": 15,
            "status": "Accepted",
            "items": [],
            "cost": 65
          },
          {
            "word": "1110110",
            "code": "111111101110110",
            "weightExponent": 15,
            "status": "Accepted",
            "items": [],
            "cost": 65
          },
          {
            "word": "1110111",
            "code": "111111101110111",
            "weightExponent": 15,
            "status": "Accepted",
            "items": [],
            "cost": 62
          },
          {
            "word": "1111000",
            "code": "111111101111000",
            "weightExponent": 15,
            "status": "Accepted",
            "items": [],
            "cost": 110
          },
          {
            "word": "1111001",
            "code": "111111101111001",
            "weightExponent": 15,
            "status": "Accepted",
            "items": [],
            "cost": 92
          },
          {
            "word": "1111010",
            "code": "111111101111010",
            "weightExponent": 15,
            "status": "Accepted",
            "items": [],
            "cost": 65
          },
          {
            "word": "1111011",
            "code": "111111101111011",
            "weightExponent": 15,
            "status": "Accepted",
            "items": [],
            "cost": 62
          },
          {
            "word": "1111100",
            "code": "111111101111100",
            "weightExponent": 15,
            "status": "Accepted",
            "items": [],
            "cost": 92
          },
          {
            "word": "1111101",
            "code": "111111101111101",
            "weightExponent": 15,
            "status": "Accepted",
            "items": [],
            "cost": 62
          },
          {
            "word": "1111110",
            "code": "111111101111110",
            "weightExponent": 15,
            "status": "Accepted",
            "items": [],
            "cost": 62
          },
          {
            "word": "1111111",
            "code": "111111101111111",
            "weightExponent": 15,
            "status": "Accepted",
            "items": [],
            "cost": 59
          },
          {
            "word": "00000000",
            "code": "11111111000000000",
            "weightExponent": 17,
            "status": "Accepted",
            "items": [],
            "cost": 204
          },
          {
            "word": "00000001",
            "code": "11111111000000001",
            "weightExponent": 17,
            "status": "Accepted",
            "items": [],
            "cost": 189
          },
          {
            "word": "00000010",
            "code": "11111111000000010",
            "weightExponent": 17,
            "status": "Accepted",
            "items": [],
            "cost": 165
          },
          {
            "word": "00000011",
            "code": "11111111000000011",
            "weightExponent": 17,
            "status": "Accepted",
            "items": [],
            "cost": 165
          },
          {
            "word": "00000100",
            "code": "11111111000000100",
            "weightExponent": 17,
            "status": "Accepted",
            "items": [],
            "cost": 147
          },
          {
            "word": "00000101",
            "code": "11111111000000101",
            "weightExponent": 17,
            "status": "Accepted",
            "items": [],
            "cost": 147
          },
          {
            "word": "00000110",
            "code": "11111111000000110",
            "weightExponent": 17,
            "status": "Accepted",
            "items": [],
            "cost": 147
          },
          {
            "word": "00000111",
            "code": "11111111000000111",
            "weightExponent": 17,
            "status": "Accepted",
            "items": [],
            "cost": 147
          },
          {
            "word": "00001000",
            "code": "11111111000001000",
            "weightExponent": 17,
            "status": "Accepted",
            "items": [],
            "cost": 174
          },
          {
            "word": "00001001",
            "code": "11111111000001001",
            "weightExponent": 17,
            "status": "Accepted",
            "items": [],
            "cost": 171
          },
          {
            "word": "00001010",
            "code": "11111111000001010",
            "weightExponent": 17,
            "status": "Accepted",
            "items": [],
            "cost": 129
          },
          {
            "word": "00001011",
            "code": "11111111000001011",
            "weightExponent": 17,
            "status": "Accepted",
            "items": [],
            "cost": 126
          },
          {
            "word": "00001100",
            "code": "11111111000001100",
            "weightExponent": 17,
            "status": "Accepted",
            "items": [],
            "cost": 144
          },
          {
            "word": "00001101",
            "code": "11111111000001101",
            "weightExponent": 17,
            "status": "Accepted",
            "items": [],
            "cost": 141
          },
          {
            "word": "00001110",
            "code": "11111111000001110",
            "weightExponent": 17,
            "status": "Accepted",
            "items": [],
            "cost": 129
          },
          {
            "word": "00001111",
            "code": "11111111000001111",
            "weightExponent": 17,
            "status": "Accepted",
            "items": [],
            "cost": 126
          },
          {
            "word": "00010000",
            "code": "11111111000010000",
            "weightExponent": 17,
            "status": "Accepted",
            "items": [],
            "cost": 156
          },
          {
            "word": "00010001",
            "code": "11111111000010001",
            "weightExponent": 17,
            "status": "Accepted",
            "items": [],
            "cost": 153
          },
          {
            "word": "00010010",
            "code": "11111111000010010",
            "weightExponent": 17,
            "status": "Accepted",
            "items": [],
            "cost": 111
          },
          {
            "word": "00010011",
            "code": "11111111000010011",
            "weightExponent": 17,
            "status": "Accepted",
            "items": [],
            "cost": 108
          },
          {
            "word": "00010100",
            "code": "11111111000010100",
            "weightExponent": 17,
            "status": "Accepted",
            "items": [],
            "cost": 126
          },
          {
            "word": "00010101",
            "code": "11111111000010101",
            "weightExponent": 17,
            "status": "Accepted",
            "items": [],
            "cost": 123
          },
          {
            "word": "00010110",
            "code": "11111111000010110",
            "weightExponent": 17,
            "status": "Accepted",
            "items": [],
            "cost": 111
          },
          {
            "word": "00010111",
            "code": "11111111000010111",
            "weightExponent": 17,
            "status": "Accepted",
            "items": [],
            "cost": 108
          },
          {
            "word": "00011000",
            "code": "11111111000011000",
            "weightExponent": 17,
            "status": "Accepted",
            "items": [],
            "cost": 156
          },
          {
            "word": "00011001",
            "code": "11111111000011001",
            "weightExponent": 17,
            "status": "Accepted",
            "items": [],
            "cost": 153
          },
          {
            "word": "00011010",
            "code": "11111111000011010",
            "weightExponent": 17,
            "status": "Accepted",
            "items": [],
            "cost": 111
          },
          {
            "word": "00011011",
            "code": "11111111000011011",
            "weightExponent": 17,
            "status": "Accepted",
            "items": [],
            "cost": 108
          },
          {
            "word": "00011100",
            "code": "11111111000011100",
            "weightExponent": 17,
            "status": "Accepted",
            "items": [],
            "cost": 126
          },
          {
            "word": "00011101",
            "code": "11111111000011101",
            "weightExponent": 17,
            "status": "Accepted",
            "items": [],
            "cost": 123
          },
          {
            "word": "00011110",
            "code": "11111111000011110",
            "weightExponent": 17,
            "status": "Accepted",
            "items": [],
            "cost": 111
          },
          {
            "word": "00011111",
            "code": "11111111000011111",
            "weightExponent": 17,
            "status": "Accepted",
            "items": [],
            "cost": 108
          },
          {
            "word": "00100000",
            "code": "11111111000100000",
            "weightExponent": 17,
            "status": "Accepted",
            "items": [],
            "cost": 189
          },
          {
            "word": "00100001",
            "code": "11111111000100001",
            "weightExponent": 17,
            "status": "Accepted",
            "items": [],
            "cost": 174
          },
          {
            "word": "00100010",
            "code": "11111111000100010",
            "weightExponent": 17,
            "status": "Accepted",
            "items": [],
            "cost": 138
          },
          {
            "word": "00100011",
            "code": "11111111000100011",
            "weightExponent": 17,
            "status": "Accepted",
            "items": [],
            "cost": 135
          },
          {
            "word": "00100100",
            "code": "11111111000100100",
            "weightExponent": 17,
            "status": "Accepted",
            "items": [
              "0",
              "0"
            ],
            "cost": 214
          },
          {
            "word": "00100101",
            "code": "11111111000100101",
            "weightExponent": 17,
            "status": "Accepted",
            "items": [
              "0",
              "0"
            ],
            "cost": 214
          },
          {
            "word": "00100110",
            "code": "11111111000100110",
            "weightExponent": 17,
            "status": "Accepted",
            "items": [],
            "cost": 135
          },
          {
            "word": "00100111",
            "code": "11111111000100111",
            "weightExponent": 17,
            "status": "Accepted",
            "items": [],
            "cost": 132
          },
          {
            "word": "00101000",
            "code": "11111111000101000",
            "weightExponent": 17,
            "status": "Accepted",
            "items": [],
            "cost": 150
          },
          {
            "word": "00101001",
            "code": "11111111000101001",
            "weightExponent": 17,
            "status": "Accepted",
            "items": [],
            "cost": 147
          },
          {
            "word": "00101010",
            "code": "11111111000101010",
            "weightExponent": 17,
            "status": "Accepted",
            "items": [],
            "cost": 93
          },
          {
            "word": "00101011",
            "code": "11111111000101011",
            "weightExponent": 17,
            "status": "Accepted",
            "items": [],
            "cost": 90
          },
          {
            "word": "00101100",
            "code": "11111111000101100",
            "weightExponent": 17,
            "status": "Accepted",
            "items": [],
            "cost": 120
          },
          {
            "word": "00101101",
            "code": "11111111000101101",
            "weightExponent": 17,
            "status": "Accepted",
            "items": [],
            "cost": 90
          },
          {
            "word": "00101110",
            "code": "11111111000101110",
            "weightExponent": 17,
            "status": "Accepted",
            "items": [],
            "cost": 90
          },
          {
            "word": "00101111",
            "code": "11111111000101111",
            "weightExponent": 17,
            "status": "Accepted",
            "items": [],
            "cost": 87
          },
          {
            "word": "00110000",
            "code": "11111111000110000",
            "weightExponent": 17,
            "status": "Accepted",
            "items": [],
            "cost": 201
          },
          {
            "word": "00110001",
            "code": "11111111000110001",
            "weightExponent": 17,
            "status": "Accepted",
            "items": [],
            "cost": 162
          },
          {
            "word": "00110010",
            "code": "11111111000110010",
            "weightExponent": 17,
            "status": "Accepted",
            "items": [],
            "cost": 120
          },
          {
            "word": "00110011",
            "code": "11111111000110011",
            "weightExponent": 17,
            "status": "Accepted",
            "items": [],
            "cost": 111
          },
          {
            "word": "00110100",
            "code": "11111111000110100",
            "weightExponent": 17,
            "status": "Accepted",
            "items": [],
            "cost": 156
          },
          {
            "word": "00110101",
            "code": "11111111000110101",
            "weightExponent": 17,
            "status": "RejectedNonBitOutput",
            "items": [
              "<non-bit>"
            ],
            "cost": 185
          },
          {
            "word": "00110110",
            "code": "11111111000110110",
            "weightExponent": 17,
            "status": "Accepted",
            "items": [],
            "cost": 117
          },
          {
            "word": "00110111",
            "code": "11111111000110111",
            "weightExponent": 17,
            "status": "Accepted",
            "items": [],
            "cost": 108
          },
          {
            "word": "00111000",
            "code": "11111111000111000",
            "weightExponent": 17,
            "status": "Accepted",
            "items": [],
            "cost": 135
          },
          {
            "word": "00111001",
            "code": "11111111000111001",
            "weightExponent": 17,
            "status": "Accepted",
            "items": [],
            "cost": 132
          },
          {
            "word": "00111010",
            "code": "11111111000111010",
            "weightExponent": 17,
            "status": "Accepted",
            "items": [],
            "cost": 93
          },
          {
            "word": "00111011",
            "code": "11111111000111011",
            "weightExponent": 17,
            "status": "Accepted",
            "items": [],
            "cost": 90
          },
          {
            "word": "00111100",
            "code": "11111111000111100",
            "weightExponent": 17,
            "status": "Accepted",
            "items": [],
            "cost": 120
          },
          {
            "word": "00111101",
            "code": "11111111000111101",
            "weightExponent": 17,
            "status": "Accepted",
            "items": [],
            "cost": 90
          },
          {
            "word": "00111110",
            "code": "11111111000111110",
            "weightExponent": 17,
            "status": "Accepted",
            "items": [],
            "cost": 90
          },
          {
            "word": "00111111",
            "code": "11111111000111111",
            "weightExponent": 17,
            "status": "Accepted",
            "items": [],
            "cost": 87
          },
          {
            "word": "01000000",
            "code": "11111111001000000",
            "weightExponent": 17,
            "status": "Accepted",
            "items": [],
            "cost": 171
          },
          {
            "word": "01000001",
            "code": "11111111001000001",
            "weightExponent": 17,
            "status": "Accepted",
            "items": [],
            "cost": 156
          },
          {
            "word": "01000010",
            "code": "11111111001000010",
            "weightExponent": 17,
            "status": "Accepted",
            "items": [],
            "cost": 120
          },
          {
            "word": "01000011",
            "code": "11111111001000011",
            "weightExponent": 17,
            "status": "Accepted",
            "items": [],
            "cost": 117
          },
          {
            "word": "01000100",
            "code": "11111111001000100",
            "weightExponent": 17,
            "status": "Accepted",
            "items": [
              "0",
              "0"
            ],
            "cost": 196
          },
          {
            "word": "01000101",
            "code": "11111111001000101",
            "weightExponent": 17,
            "status": "Accepted",
            "items": [
              "0",
              "0"
            ],
            "cost": 196
          },
          {
            "word": "01000110",
            "code": "11111111001000110",
            "weightExponent": 17,
            "status": "Accepted",
            "items": [],
            "cost": 117
          },
          {
            "word": "01000111",
            "code": "11111111001000111",
            "weightExponent": 17,
            "status": "Accepted",
            "items": [],
            "cost": 114
          },
          {
            "word": "01001000",
            "code": "11111111001001000",
            "weightExponent": 17,
            "status": "Accepted",
            "items": [],
            "cost": 132
          },
          {
            "word": "01001001",
            "code": "11111111001001001",
            "weightExponent": 17,
            "status": "Accepted",
            "items": [],
            "cost": 129
          },
          {
            "word": "01001010",
            "code": "11111111001001010",
            "weightExponent": 17,
            "status": "Accepted",
            "items": [],
            "cost": 75
          },
          {
            "word": "01001011",
            "code": "11111111001001011",
            "weightExponent": 17,
            "status": "Accepted",
            "items": [],
            "cost": 72
          },
          {
            "word": "01001100",
            "code": "11111111001001100",
            "weightExponent": 17,
            "status": "Accepted",
            "items": [],
            "cost": 102
          },
          {
            "word": "01001101",
            "code": "11111111001001101",
            "weightExponent": 17,
            "status": "Accepted",
            "items": [],
            "cost": 72
          },
          {
            "word": "01001110",
            "code": "11111111001001110",
            "weightExponent": 17,
            "status": "Accepted",
            "items": [],
            "cost": 72
          },
          {
            "word": "01001111",
            "code": "11111111001001111",
            "weightExponent": 17,
            "status": "Accepted",
            "items": [],
            "cost": 69
          },
          {
            "word": "01010000",
            "code": "11111111001010000",
            "weightExponent": 17,
            "status": "Accepted",
            "items": [],
            "cost": 183
          },
          {
            "word": "01010001",
            "code": "11111111001010001",
            "weightExponent": 17,
            "status": "Accepted",
            "items": [],
            "cost": 144
          },
          {
            "word": "01010010",
            "code": "11111111001010010",
            "weightExponent": 17,
            "status": "Accepted",
            "items": [],
            "cost": 102
          },
          {
            "word": "01010011",
            "code": "11111111001010011",
            "weightExponent": 17,
            "status": "Accepted",
            "items": [],
            "cost": 93
          },
          {
            "word": "01010100",
            "code": "11111111001010100",
            "weightExponent": 17,
            "status": "Accepted",
            "items": [],
            "cost": 138
          },
          {
            "word": "01010101",
            "code": "11111111001010101",
            "weightExponent": 17,
            "status": "RejectedNonBitOutput",
            "items": [
              "<non-bit>"
            ],
            "cost": 167
          },
          {
            "word": "01010110",
            "code": "11111111001010110",
            "weightExponent": 17,
            "status": "Accepted",
            "items": [],
            "cost": 99
          },
          {
            "word": "01010111",
            "code": "11111111001010111",
            "weightExponent": 17,
            "status": "Accepted",
            "items": [],
            "cost": 90
          },
          {
            "word": "01011000",
            "code": "11111111001011000",
            "weightExponent": 17,
            "status": "Accepted",
            "items": [],
            "cost": 117
          },
          {
            "word": "01011001",
            "code": "11111111001011001",
            "weightExponent": 17,
            "status": "Accepted",
            "items": [],
            "cost": 114
          },
          {
            "word": "01011010",
            "code": "11111111001011010",
            "weightExponent": 17,
            "status": "Accepted",
            "items": [],
            "cost": 75
          },
          {
            "word": "01011011",
            "code": "11111111001011011",
            "weightExponent": 17,
            "status": "Accepted",
            "items": [],
            "cost": 72
          },
          {
            "word": "01011100",
            "code": "11111111001011100",
            "weightExponent": 17,
            "status": "Accepted",
            "items": [],
            "cost": 102
          },
          {
            "word": "01011101",
            "code": "11111111001011101",
            "weightExponent": 17,
            "status": "Accepted",
            "items": [],
            "cost": 72
          },
          {
            "word": "01011110",
            "code": "11111111001011110",
            "weightExponent": 17,
            "status": "Accepted",
            "items": [],
            "cost": 72
          },
          {
            "word": "01011111",
            "code": "11111111001011111",
            "weightExponent": 17,
            "status": "Accepted",
            "items": [],
            "cost": 69
          },
          {
            "word": "01100000",
            "code": "11111111001100000",
            "weightExponent": 17,
            "status": "Accepted",
            "items": [],
            "cost": 171
          },
          {
            "word": "01100001",
            "code": "11111111001100001",
            "weightExponent": 17,
            "status": "Accepted",
            "items": [],
            "cost": 156
          },
          {
            "word": "01100010",
            "code": "11111111001100010",
            "weightExponent": 17,
            "status": "Accepted",
            "items": [],
            "cost": 120
          },
          {
            "word": "01100011",
            "code": "11111111001100011",
            "weightExponent": 17,
            "status": "Accepted",
            "items": [],
            "cost": 117
          },
          {
            "word": "01100100",
            "code": "11111111001100100",
            "weightExponent": 17,
            "status": "Accepted",
            "items": [
              "0",
              "0"
            ],
            "cost": 196
          },
          {
            "word": "01100101",
            "code": "11111111001100101",
            "weightExponent": 17,
            "status": "Accepted",
            "items": [
              "0",
              "0"
            ],
            "cost": 196
          },
          {
            "word": "01100110",
            "code": "11111111001100110",
            "weightExponent": 17,
            "status": "Accepted",
            "items": [],
            "cost": 117
          },
          {
            "word": "01100111",
            "code": "11111111001100111",
            "weightExponent": 17,
            "status": "Accepted",
            "items": [],
            "cost": 114
          },
          {
            "word": "01101000",
            "code": "11111111001101000",
            "weightExponent": 17,
            "status": "Accepted",
            "items": [],
            "cost": 132
          },
          {
            "word": "01101001",
            "code": "11111111001101001",
            "weightExponent": 17,
            "status": "Accepted",
            "items": [],
            "cost": 129
          },
          {
            "word": "01101010",
            "code": "11111111001101010",
            "weightExponent": 17,
            "status": "Accepted",
            "items": [],
            "cost": 75
          },
          {
            "word": "01101011",
            "code": "11111111001101011",
            "weightExponent": 17,
            "status": "Accepted",
            "items": [],
            "cost": 72
          },
          {
            "word": "01101100",
            "code": "11111111001101100",
            "weightExponent": 17,
            "status": "Accepted",
            "items": [],
            "cost": 102
          },
          {
            "word": "01101101",
            "code": "11111111001101101",
            "weightExponent": 17,
            "status": "Accepted",
            "items": [],
            "cost": 72
          },
          {
            "word": "01101110",
            "code": "11111111001101110",
            "weightExponent": 17,
            "status": "Accepted",
            "items": [],
            "cost": 72
          },
          {
            "word": "01101111",
            "code": "11111111001101111",
            "weightExponent": 17,
            "status": "Accepted",
            "items": [],
            "cost": 69
          },
          {
            "word": "01110000",
            "code": "11111111001110000",
            "weightExponent": 17,
            "status": "Accepted",
            "items": [],
            "cost": 183
          },
          {
            "word": "01110001",
            "code": "11111111001110001",
            "weightExponent": 17,
            "status": "Accepted",
            "items": [],
            "cost": 144
          },
          {
            "word": "01110010",
            "code": "11111111001110010",
            "weightExponent": 17,
            "status": "Accepted",
            "items": [],
            "cost": 102
          },
          {
            "word": "01110011",
            "code": "11111111001110011",
            "weightExponent": 17,
            "status": "Accepted",
            "items": [],
            "cost": 93
          },
          {
            "word": "01110100",
            "code": "11111111001110100",
            "weightExponent": 17,
            "status": "Accepted",
            "items": [],
            "cost": 138
          },
          {
            "word": "01110101",
            "code": "11111111001110101",
            "weightExponent": 17,
            "status": "RejectedNonBitOutput",
            "items": [
              "<non-bit>"
            ],
            "cost": 167
          },
          {
            "word": "01110110",
            "code": "11111111001110110",
            "weightExponent": 17,
            "status": "Accepted",
            "items": [],
            "cost": 99
          },
          {
            "word": "01110111",
            "code": "11111111001110111",
            "weightExponent": 17,
            "status": "Accepted",
            "items": [],
            "cost": 90
          },
          {
            "word": "01111000",
            "code": "11111111001111000",
            "weightExponent": 17,
            "status": "Accepted",
            "items": [],
            "cost": 117
          },
          {
            "word": "01111001",
            "code": "11111111001111001",
            "weightExponent": 17,
            "status": "Accepted",
            "items": [],
            "cost": 114
          },
          {
            "word": "01111010",
            "code": "11111111001111010",
            "weightExponent": 17,
            "status": "Accepted",
            "items": [],
            "cost": 75
          },
          {
            "word": "01111011",
            "code": "11111111001111011",
            "weightExponent": 17,
            "status": "Accepted",
            "items": [],
            "cost": 72
          },
          {
            "word": "01111100",
            "code": "11111111001111100",
            "weightExponent": 17,
            "status": "Accepted",
            "items": [],
            "cost": 102
          },
          {
            "word": "01111101",
            "code": "11111111001111101",
            "weightExponent": 17,
            "status": "Accepted",
            "items": [],
            "cost": 72
          },
          {
            "word": "01111110",
            "code": "11111111001111110",
            "weightExponent": 17,
            "status": "Accepted",
            "items": [],
            "cost": 72
          },
          {
            "word": "01111111",
            "code": "11111111001111111",
            "weightExponent": 17,
            "status": "Accepted",
            "items": [],
            "cost": 69
          },
          {
            "word": "10000000",
            "code": "11111111010000000",
            "weightExponent": 17,
            "status": "Accepted",
            "items": [],
            "cost": 165
          },
          {
            "word": "10000001",
            "code": "11111111010000001",
            "weightExponent": 17,
            "status": "RejectedNonBitOutput",
            "items": [
              "<non-bit>"
            ],
            "cost": 194
          },
          {
            "word": "10000010",
            "code": "11111111010000010",
            "weightExponent": 17,
            "status": "Accepted",
            "items": [],
            "cost": 138
          },
          {
            "word": "10000011",
            "code": "11111111010000011",
            "weightExponent": 17,
            "status": "Accepted",
            "items": [],
            "cost": 135
          },
          {
            "word": "10000100",
            "code": "11111111010000100",
            "weightExponent": 17,
            "status": "Accepted",
            "items": [],
            "cost": 135
          },
          {
            "word": "10000101",
            "code": "11111111010000101",
            "weightExponent": 17,
            "status": "Accepted",
            "items": [],
            "cost": 132
          },
          {
            "word": "10000110",
            "code": "11111111010000110",
            "weightExponent": 17,
            "status": "Accepted",
            "items": [],
            "cost": 135
          },
          {
            "word": "10000111",
            "code": "11111111010000111",
            "weightExponent": 17,
            "status": "Accepted",
            "items": [],
            "cost": 132
          },
          {
            "word": "10001000",
            "code": "11111111010001000",
            "weightExponent": 17,
            "status": "Accepted",
            "items": [],
            "cost": 159
          },
          {
            "word": "10001001",
            "code": "11111111010001001",
            "weightExponent": 17,
            "status": "Accepted",
            "items": [],
            "cost": 156
          },
          {
            "word": "10001010",
            "code": "11111111010001010",
            "weightExponent": 17,
            "status": "Accepted",
            "items": [],
            "cost": 111
          },
          {
            "word": "10001011",
            "code": "11111111010001011",
            "weightExponent": 17,
            "status": "Accepted",
            "items": [],
            "cost": 108
          },
          {
            "word": "10001100",
            "code": "11111111010001100",
            "weightExponent": 17,
            "status": "Accepted",
            "items": [],
            "cost": 138
          },
          {
            "word": "10001101",
            "code": "11111111010001101",
            "weightExponent": 17,
            "status": "Accepted",
            "items": [],
            "cost": 108
          },
          {
            "word": "10001110",
            "code": "11111111010001110",
            "weightExponent": 17,
            "status": "Accepted",
            "items": [],
            "cost": 108
          },
          {
            "word": "10001111",
            "code": "11111111010001111",
            "weightExponent": 17,
            "status": "Accepted",
            "items": [],
            "cost": 105
          },
          {
            "word": "10010000",
            "code": "11111111010010000",
            "weightExponent": 17,
            "status": "Accepted",
            "items": [],
            "cost": 165
          },
          {
            "word": "10010001",
            "code": "11111111010010001",
            "weightExponent": 17,
            "status": "Accepted",
            "items": [],
            "cost": 150
          },
          {
            "word": "10010010",
            "code": "11111111010010010",
            "weightExponent": 17,
            "status": "Accepted",
            "items": [],
            "cost": 108
          },
          {
            "word": "10010011",
            "code": "11111111010010011",
            "weightExponent": 17,
            "status": "Accepted",
            "items": [],
            "cost": 105
          },
          {
            "word": "10010100",
            "code": "11111111010010100",
            "weightExponent": 17,
            "status": "Accepted",
            "items": [],
            "cost": 135
          },
          {
            "word": "10010101",
            "code": "11111111010010101",
            "weightExponent": 17,
            "status": "Accepted",
            "items": [],
            "cost": 105
          },
          {
            "word": "10010110",
            "code": "11111111010010110",
            "weightExponent": 17,
            "status": "Accepted",
            "items": [],
            "cost": 105
          },
          {
            "word": "10010111",
            "code": "11111111010010111",
            "weightExponent": 17,
            "status": "Accepted",
            "items": [],
            "cost": 102
          },
          {
            "word": "10011000",
            "code": "11111111010011000",
            "weightExponent": 17,
            "status": "Accepted",
            "items": [],
            "cost": 138
          },
          {
            "word": "10011001",
            "code": "11111111010011001",
            "weightExponent": 17,
            "status": "Accepted",
            "items": [],
            "cost": 135
          },
          {
            "word": "10011010",
            "code": "11111111010011010",
            "weightExponent": 17,
            "status": "Accepted",
            "items": [],
            "cost": 108
          },
          {
            "word": "10011011",
            "code": "11111111010011011",
            "weightExponent": 17,
            "status": "Accepted",
            "items": [],
            "cost": 105
          },
          {
            "word": "10011100",
            "code": "11111111010011100",
            "weightExponent": 17,
            "status": "Accepted",
            "items": [],
            "cost": 135
          },
          {
            "word": "10011101",
            "code": "11111111010011101",
            "weightExponent": 17,
            "status": "Accepted",
            "items": [],
            "cost": 105
          },
          {
            "word": "10011110",
            "code": "11111111010011110",
            "weightExponent": 17,
            "status": "Accepted",
            "items": [],
            "cost": 105
          },
          {
            "word": "10011111",
            "code": "11111111010011111",
            "weightExponent": 17,
            "status": "Accepted",
            "items": [],
            "cost": 102
          },
          {
            "word": "10100000",
            "code": "11111111010100000",
            "weightExponent": 17,
            "status": "Accepted",
            "items": [],
            "cost": 183
          },
          {
            "word": "10100001",
            "code": "11111111010100001",
            "weightExponent": 17,
            "status": "Accepted",
            "items": [],
            "cost": 153
          },
          {
            "word": "10100010",
            "code": "11111111010100010",
            "weightExponent": 17,
            "status": "Accepted",
            "items": [],
            "cost": 126
          },
          {
            "word": "10100011",
            "code": "11111111010100011",
            "weightExponent": 17,
            "status": "Accepted",
            "items": [],
            "cost": 126
          },
          {
            "word": "10100100",
            "code": "11111111010100100",
            "weightExponent": 17,
            "status": "Accepted",
            "items": [],
            "cost": 156
          },
          {
            "word": "10100101",
            "code": "11111111010100101",
            "weightExponent": 17,
            "status": "Accepted",
            "items": [],
            "cost": 126
          },
          {
            "word": "10100110",
            "code": "11111111010100110",
            "weightExponent": 17,
            "status": "Accepted",
            "items": [],
            "cost": 123
          },
          {
            "word": "10100111",
            "code": "11111111010100111",
            "weightExponent": 17,
            "status": "Accepted",
            "items": [],
            "cost": 123
          },
          {
            "word": "10101000",
            "code": "11111111010101000",
            "weightExponent": 17,
            "status": "Accepted",
            "items": [
              "0"
            ],
            "cost": 179
          },
          {
            "word": "10101001",
            "code": "11111111010101001",
            "weightExponent": 17,
            "status": "Accepted",
            "items": [],
            "cost": 141
          },
          {
            "word": "10101010",
            "code": "11111111010101010",
            "weightExponent": 17,
            "status": "Accepted",
            "items": [],
            "cost": 78
          },
          {
            "word": "10101011",
            "code": "11111111010101011",
            "weightExponent": 17,
            "status": "Accepted",
            "items": [],
            "cost": 75
          },
          {
            "word": "10101100",
            "code": "11111111010101100",
            "weightExponent": 17,
            "status": "Accepted",
            "items": [],
            "cost": 105
          },
          {
            "word": "10101101",
            "code": "11111111010101101",
            "weightExponent": 17,
            "status": "Accepted",
            "items": [],
            "cost": 75
          },
          {
            "word": "10101110",
            "code": "11111111010101110",
            "weightExponent": 17,
            "status": "Accepted",
            "items": [],
            "cost": 75
          },
          {
            "word": "10101111",
            "code": "11111111010101111",
            "weightExponent": 17,
            "status": "Accepted",
            "items": [],
            "cost": 72
          },
          {
            "word": "10110000",
            "code": "11111111010110000",
            "weightExponent": 17,
            "status": "Accepted",
            "items": [],
            "cost": 153
          },
          {
            "word": "10110001",
            "code": "11111111010110001",
            "weightExponent": 17,
            "status": "RejectedNonBitOutput",
            "items": [
              "<non-bit>"
            ],
            "cost": 182
          },
          {
            "word": "10110010",
            "code": "11111111010110010",
            "weightExponent": 17,
            "status": "Accepted",
            "items": [],
            "cost": 105
          },
          {
            "word": "10110011",
            "code": "11111111010110011",
            "weightExponent": 17,
            "status": "Accepted",
            "items": [],
            "cost": 102
          },
          {
            "word": "10110100",
            "code": "11111111010110100",
            "weightExponent": 17,
            "status": "Accepted",
            "items": [],
            "cost": 126
          },
          {
            "word": "10110101",
            "code": "11111111010110101",
            "weightExponent": 17,
            "status": "Accepted",
            "items": [],
            "cost": 75
          },
          {
            "word": "10110110",
            "code": "11111111010110110",
            "weightExponent": 17,
            "status": "Accepted",
            "items": [],
            "cost": 75
          },
          {
            "word": "10110111",
            "code": "11111111010110111",
            "weightExponent": 17,
            "status": "Accepted",
            "items": [],
            "cost": 72
          },
          {
            "word": "10111000",
            "code": "11111111010111000",
            "weightExponent": 17,
            "status": "Accepted",
            "items": [],
            "cost": 120
          },
          {
            "word": "10111001",
            "code": "11111111010111001",
            "weightExponent": 17,
            "status": "Accepted",
            "items": [],
            "cost": 102
          },
          {
            "word": "10111010",
            "code": "11111111010111010",
            "weightExponent": 17,
            "status": "Accepted",
            "items": [],
            "cost": 75
          },
          {
            "word": "10111011",
            "code": "11111111010111011",
            "weightExponent": 17,
            "status": "Accepted",
            "items": [],
            "cost": 72
          },
          {
            "word": "10111100",
            "code": "11111111010111100",
            "weightExponent": 17,
            "status": "Accepted",
            "items": [],
            "cost": 102
          },
          {
            "word": "10111101",
            "code": "11111111010111101",
            "weightExponent": 17,
            "status": "Accepted",
            "items": [],
            "cost": 72
          },
          {
            "word": "10111110",
            "code": "11111111010111110",
            "weightExponent": 17,
            "status": "Accepted",
            "items": [],
            "cost": 72
          },
          {
            "word": "10111111",
            "code": "11111111010111111",
            "weightExponent": 17,
            "status": "Accepted",
            "items": [],
            "cost": 69
          },
          {
            "word": "11000000",
            "code": "11111111011000000",
            "weightExponent": 17,
            "status": "Accepted",
            "items": [],
            "cost": 174
          },
          {
            "word": "11000001",
            "code": "11111111011000001",
            "weightExponent": 17,
            "status": "Accepted",
            "items": [],
            "cost": 159
          },
          {
            "word": "11000010",
            "code": "11111111011000010",
            "weightExponent": 17,
            "status": "Accepted",
            "items": [],
            "cost": 135
          },
          {
            "word": "11000011",
            "code": "11111111011000011",
            "weightExponent": 17,
            "status": "Accepted",
            "items": [],
            "cost": 135
          },
          {
            "word": "11000100",
            "code": "11111111011000100",
            "weightExponent": 17,
            "status": "Accepted",
            "items": [],
            "cost": 117
          },
          {
            "word": "11000101",
            "code": "11111111011000101",
            "weightExponent": 17,
            "status": "Accepted",
            "items": [],
            "cost": 117
          },
          {
            "word": "11000110",
            "code": "11111111011000110",
            "weightExponent": 17,
            "status": "Accepted",
            "items": [],
            "cost": 117
          },
          {
            "word": "11000111",
            "code": "11111111011000111",
            "weightExponent": 17,
            "status": "Accepted",
            "items": [],
            "cost": 117
          },
          {
            "word": "11001000",
            "code": "11111111011001000",
            "weightExponent": 17,
            "status": "Accepted",
            "items": [],
            "cost": 153
          },
          {
            "word": "11001001",
            "code": "11111111011001001",
            "weightExponent": 17,
            "status": "RejectedNonBitOutput",
            "items": [
              "<non-bit>"
            ],
            "cost": 182
          },
          {
            "word": "11001010",
            "code": "11111111011001010",
            "weightExponent": 17,
            "status": "Accepted",
            "items": [],
            "cost": 105
          },
          {
            "word": "11001011",
            "code": "11111111011001011",
            "weightExponent": 17,
            "status": "Accepted",
            "items": [],
            "cost": 102
          },
          {
            "word": "11001100",
            "code": "11111111011001100",
            "weightExponent": 17,
            "status": "Accepted",
            "items": [],
            "cost": 132
          },
          {
            "word": "11001101",
            "code": "11111111011001101",
            "weightExponent": 17,
            "status": "Accepted",
            "items": [],
            "cost": 102
          },
          {
            "word": "11001110",
            "code": "11111111011001110",
            "weightExponent": 17,
            "status": "Accepted",
            "items": [],
            "cost": 102
          },
          {
            "word": "11001111",
            "code": "11111111011001111",
            "weightExponent": 17,
            "status": "Accepted",
            "items": [],
            "cost": 99
          },
          {
            "word": "11010000",
            "code": "11111111011010000",
            "weightExponent": 17,
            "status": "Accepted",
            "items": [],
            "cost": 147
          },
          {
            "word": "11010001",
            "code": "11111111011010001",
            "weightExponent": 17,
            "status": "RejectedNonBitOutput",
            "items": [
              "<non-bit>"
            ],
            "cost": 176
          },
          {
            "word": "11010010",
            "code": "11111111011010010",
            "weightExponent": 17,
            "status": "Accepted",
            "items": [],
            "cost": 126
          },
          {
            "word": "11010011",
            "code": "11111111011010011",
            "weightExponent": 17,
            "status": "Accepted",
            "items": [],
            "cost": 123
          },
          {
            "word": "11010100",
            "code": "11111111011010100",
            "weightExponent": 17,
            "status": "Accepted",
            "items": [],
            "cost": 147
          },
          {
            "word": "11010101",
            "code": "11111111011010101",
            "weightExponent": 17,
            "status": "Accepted",
            "items": [],
            "cost": 75
          },
          {
            "word": "11010110",
            "code": "11111111011010110",
            "weightExponent": 17,
            "status": "Accepted",
            "items": [],
            "cost": 75
          },
          {
            "word": "11010111",
            "code": "11111111011010111",
            "weightExponent": 17,
            "status": "Accepted",
            "items": [],
            "cost": 72
          },
          {
            "word": "11011000",
            "code": "11111111011011000",
            "weightExponent": 17,
            "status": "Accepted",
            "items": [],
            "cost": 147
          },
          {
            "word": "11011001",
            "code": "11111111011011001",
            "weightExponent": 17,
            "status": "Accepted",
            "items": [],
            "cost": 102
          },
          {
            "word": "11011010",
            "code": "11111111011011010",
            "weightExponent": 17,
            "status": "Accepted",
            "items": [],
            "cost": 75
          },
          {
            "word": "11011011",
            "code": "11111111011011011",
            "weightExponent": 17,
            "status": "Accepted",
            "items": [],
            "cost": 72
          },
          {
            "word": "11011100",
            "code": "11111111011011100",
            "weightExponent": 17,
            "status": "Accepted",
            "items": [],
            "cost": 102
          },
          {
            "word": "11011101",
            "code": "11111111011011101",
            "weightExponent": 17,
            "status": "Accepted",
            "items": [],
            "cost": 72
          },
          {
            "word": "11011110",
            "code": "11111111011011110",
            "weightExponent": 17,
            "status": "Accepted",
            "items": [],
            "cost": 72
          },
          {
            "word": "11011111",
            "code": "11111111011011111",
            "weightExponent": 17,
            "status": "Accepted",
            "items": [],
            "cost": 69
          },
          {
            "word": "11100000",
            "code": "11111111011100000",
            "weightExponent": 17,
            "status": "Accepted",
            "items": [],
            "cost": 153
          },
          {
            "word": "11100001",
            "code": "11111111011100001",
            "weightExponent": 17,
            "status": "RejectedNonBitOutput",
            "items": [
              "<non-bit>"
            ],
            "cost": 182
          },
          {
            "word": "11100010",
            "code": "11111111011100010",
            "weightExponent": 17,
            "status": "Accepted",
            "items": [],
            "cost": 120
          },
          {
            "word": "11100011",
            "code": "11111111011100011",
            "weightExponent": 17,
            "status": "Accepted",
            "items": [],
            "cost": 117
          },
          {
            "word": "11100100",
            "code": "11111111011100100",
            "weightExponent": 17,
            "status": "Accepted",
            "items": [],
            "cost": 147
          },
          {
            "word": "11100101",
            "code": "11111111011100101",
            "weightExponent": 17,
            "status": "Accepted",
            "items": [],
            "cost": 102
          },
          {
            "word": "11100110",
            "code": "11111111011100110",
            "weightExponent": 17,
            "status": "Accepted",
            "items": [],
            "cost": 102
          },
          {
            "word": "11100111",
            "code": "11111111011100111",
            "weightExponent": 17,
            "status": "Accepted",
            "items": [],
            "cost": 99
          },
          {
            "word": "11101000",
            "code": "11111111011101000",
            "weightExponent": 17,
            "status": "Accepted",
            "items": [],
            "cost": 132
          },
          {
            "word": "11101001",
            "code": "11111111011101001",
            "weightExponent": 17,
            "status": "Accepted",
            "items": [],
            "cost": 123
          },
          {
            "word": "11101010",
            "code": "11111111011101010",
            "weightExponent": 17,
            "status": "Accepted",
            "items": [],
            "cost": 75
          },
          {
            "word": "11101011",
            "code": "11111111011101011",
            "weightExponent": 17,
            "status": "Accepted",
            "items": [],
            "cost": 72
          },
          {
            "word": "11101100",
            "code": "11111111011101100",
            "weightExponent": 17,
            "status": "Accepted",
            "items": [],
            "cost": 102
          },
          {
            "word": "11101101",
            "code": "11111111011101101",
            "weightExponent": 17,
            "status": "Accepted",
            "items": [],
            "cost": 72
          },
          {
            "word": "11101110",
            "code": "11111111011101110",
            "weightExponent": 17,
            "status": "Accepted",
            "items": [],
            "cost": 72
          },
          {
            "word": "11101111",
            "code": "11111111011101111",
            "weightExponent": 17,
            "status": "Accepted",
            "items": [],
            "cost": 69
          },
          {
            "word": "11110000",
            "code": "11111111011110000",
            "weightExponent": 17,
            "status": "Accepted",
            "items": [],
            "cost": 147
          },
          {
            "word": "11110001",
            "code": "11111111011110001",
            "weightExponent": 17,
            "status": "Accepted",
            "items": [],
            "cost": 117
          },
          {
            "word": "11110010",
            "code": "11111111011110010",
            "weightExponent": 17,
            "status": "Accepted",
            "items": [],
            "cost": 102
          },
          {
            "word": "11110011",
            "code": "11111111011110011",
            "weightExponent": 17,
            "status": "Accepted",
            "items": [],
            "cost": 99
          },
          {
            "word": "11110100",
            "code": "11111111011110100",
            "weightExponent": 17,
            "status": "Accepted",
            "items": [],
            "cost": 123
          },
          {
            "word": "11110101",
            "code": "11111111011110101",
            "weightExponent": 17,
            "status": "Accepted",
            "items": [],
            "cost": 72
          },
          {
            "word": "11110110",
            "code": "11111111011110110",
            "weightExponent": 17,
            "status": "Accepted",
            "items": [],
            "cost": 72
          },
          {
            "word": "11110111",
            "code": "11111111011110111",
            "weightExponent": 17,
            "status": "Accepted",
            "items": [],
            "cost": 69
          },
          {
            "word": "11111000",
            "code": "11111111011111000",
            "weightExponent": 17,
            "status": "Accepted",
            "items": [],
            "cost": 117
          },
          {
            "word": "11111001",
            "code": "11111111011111001",
            "weightExponent": 17,
            "status": "Accepted",
            "items": [],
            "cost": 99
          },
          {
            "word": "11111010",
            "code": "11111111011111010",
            "weightExponent": 17,
            "status": "Accepted",
            "items": [],
            "cost": 72
          },
          {
            "word": "11111011",
            "code": "11111111011111011",
            "weightExponent": 17,
            "status": "Accepted",
            "items": [],
            "cost": 69
          },
          {
            "word": "11111100",
            "code": "11111111011111100",
            "weightExponent": 17,
            "status": "Accepted",
            "items": [],
            "cost": 99
          },
          {
            "word": "11111101",
            "code": "11111111011111101",
            "weightExponent": 17,
            "status": "Accepted",
            "items": [],
            "cost": 69
          },
          {
            "word": "11111110",
            "code": "11111111011111110",
            "weightExponent": 17,
            "status": "Accepted",
            "items": [],
            "cost": 69
          },
          {
            "word": "11111111",
            "code": "11111111011111111",
            "weightExponent": 17,
            "status": "Accepted",
            "items": [],
            "cost": 66
          },
          {
            "word": "000000000",
            "code": "1111111110000000000",
            "weightExponent": 19,
            "status": "Accepted",
            "items": [],
            "cost": 235
          },
          {
            "word": "000000001",
            "code": "1111111110000000001",
            "weightExponent": 19,
            "status": "RejectedNonBitOutput",
            "items": [
              "<non-bit>"
            ],
            "cost": 249
          },
          {
            "word": "000000010",
            "code": "1111111110000000010",
            "weightExponent": 19,
            "status": "RejectedNonBitOutput",
            "items": [
              "<non-bit>"
            ],
            "cost": 231
          },
          {
            "word": "000000011",
            "code": "1111111110000000011",
            "weightExponent": 19,
            "status": "RejectedNonBitOutput",
            "items": [
              "<non-bit>"
            ],
            "cost": 231
          },
          {
            "word": "000000100",
            "code": "1111111110000000100",
            "weightExponent": 19,
            "status": "Accepted",
            "items": [
              "1"
            ],
            "cost": 240
          },
          {
            "word": "000000101",
            "code": "1111111110000000101",
            "weightExponent": 19,
            "status": "Accepted",
            "items": [],
            "cost": 172
          },
          {
            "word": "000000110",
            "code": "1111111110000000110",
            "weightExponent": 19,
            "status": "RejectedTypeError",
            "items": [],
            "cost": 227
          },
          {
            "word": "000000111",
            "code": "1111111110000000111",
            "weightExponent": 19,
            "status": "Accepted",
            "items": [],
            "cost": 172
          },
          {
            "word": "000001000",
            "code": "1111111110000001000",
            "weightExponent": 19,
            "status": "Accepted",
            "items": [
              "1"
            ],
            "cost": 222
          },
          {
            "word": "000001001",
            "code": "1111111110000001001",
            "weightExponent": 19,
            "status": "Accepted",
            "items": [],
            "cost": 154
          },
          {
            "word": "000001010",
            "code": "1111111110000001010",
            "weightExponent": 19,
            "status": "RejectedTypeError",
            "items": [],
            "cost": 209
          },
          {
            "word": "000001011",
            "code": "1111111110000001011",
            "weightExponent": 19,
            "status": "Accepted",
            "items": [],
            "cost": 154
          },
          {
            "word": "000001100",
            "code": "1111111110000001100",
            "weightExponent": 19,
            "status": "Accepted",
            "items": [
              "1"
            ],
            "cost": 222
          },
          {
            "word": "000001101",
            "code": "1111111110000001101",
            "weightExponent": 19,
            "status": "Accepted",
            "items": [],
            "cost": 154
          },
          {
            "word": "000001110",
            "code": "1111111110000001110",
            "weightExponent": 19,
            "status": "RejectedTypeError",
            "items": [],
            "cost": 209
          },
          {
            "word": "000001111",
            "code": "1111111110000001111",
            "weightExponent": 19,
            "status": "Accepted",
            "items": [],
            "cost": 154
          },
          {
            "word": "000010000",
            "code": "1111111110000010000",
            "weightExponent": 19,
            "status": "Accepted",
            "items": [],
            "cost": 220
          },
          {
            "word": "000010001",
            "code": "1111111110000010001",
            "weightExponent": 19,
            "status": "Accepted",
            "items": [],
            "cost": 181
          },
          {
            "word": "000010010",
            "code": "1111111110000010010",
            "weightExponent": 19,
            "status": "Accepted",
            "items": [],
            "cost": 199
          },
          {
            "word": "000010011",
            "code": "1111111110000010011",
            "weightExponent": 19,
            "status": "Accepted",
            "items": [],
            "cost": 178
          },
          {
            "word": "000010100",
            "code": "1111111110000010100",
            "weightExponent": 19,
            "status": "Accepted",
            "items": [
              "0",
              "0",
              "1"
            ],
            "cost": 265
          },
          {
            "word": "000010101",
            "code": "1111111110000010101",
            "weightExponent": 19,
            "status": "Accepted",
            "items": [],
            "cost": 136
          },
          {
            "word": "000010110",
            "code": "1111111110000010110",
            "weightExponent": 19,
            "status": "Accepted",
            "items": [],
            "cost": 136
          },
          {
            "word": "000010111",
            "code": "1111111110000010111",
            "weightExponent": 19,
            "status": "Accepted",
            "items": [],
            "cost": 133
          },
          {
            "word": "000011000",
            "code": "1111111110000011000",
            "weightExponent": 19,
            "status": "Accepted",
            "items": [],
            "cost": 205
          },
          {
            "word": "000011001",
            "code": "1111111110000011001",
            "weightExponent": 19,
            "status": "Accepted",
            "items": [],
            "cost": 157
          },
          {
            "word": "000011010",
            "code": "1111111110000011010",
            "weightExponent": 19,
            "status": "Accepted",
            "items": [],
            "cost": 199
          },
          {
            "word": "000011011",
            "code": "1111111110000011011",
            "weightExponent": 19,
            "status": "Accepted",
            "items": [],
            "cost": 154
          },
          {
            "word": "000011100",
            "code": "1111111110000011100",
            "weightExponent": 19,
            "status": "Accepted",
            "items": [
              "0",
              "1"
            ],
            "cost": 239
          },
          {
            "word": "000011101",
            "code": "1111111110000011101",
            "weightExponent": 19,
            "status": "Accepted",
            "items": [],
            "cost": 136
          },
          {
            "word": "000011110",
            "code": "1111111110000011110",
            "weightExponent": 19,
            "status": "Accepted",
            "items": [],
            "cost": 136
          },
          {
            "word": "000011111",
            "code": "1111111110000011111",
            "weightExponent": 19,
            "status": "Accepted",
            "items": [],
            "cost": 133
          },
          {
            "word": "000100000",
            "code": "1111111110000100000",
            "weightExponent": 19,
            "status": "Accepted",
            "items": [],
            "cost": 202
          },
          {
            "word": "000100001",
            "code": "1111111110000100001",
            "weightExponent": 19,
            "status": "Accepted",
            "items": [],
            "cost": 163
          },
          {
            "word": "000100010",
            "code": "1111111110000100010",
            "weightExponent": 19,
            "status": "Accepted",
            "items": [],
            "cost": 181
          },
          {
            "word": "000100011",
            "code": "1111111110000100011",
            "weightExponent": 19,
            "status": "Accepted",
            "items": [],
            "cost": 160
          },
          {
            "word": "000100100",
            "code": "1111111110000100100",
            "weightExponent": 19,
            "status": "Accepted",
            "items": [
              "0",
              "0",
              "1"
            ],
            "cost": 247
          },
          {
            "word": "000100101",
            "code": "1111111110000100101",
            "weightExponent": 19,
            "status": "Accepted",
            "items": [],
            "cost": 118
          },
          {
            "word": "000100110",
            "code": "1111111110000100110",
            "weightExponent": 19,
            "status": "Accepted",
            "items": [],
            "cost": 118
          },
          {
            "word": "000100111",
            "code": "1111111110000100111",
            "weightExponent": 19,
            "status": "Accepted",
            "items": [],
            "cost": 115
          },
          {
            "word": "000101000",
            "code": "1111111110000101000",
            "weightExponent": 19,
            "status": "Accepted",
            "items": [],
            "cost": 187
          },
          {
            "word": "000101001",
            "code": "1111111110000101001",
            "weightExponent": 19,
            "status": "Accepted",
            "items": [],
            "cost": 139
          },
          {
            "word": "000101010",
            "code": "1111111110000101010",
            "weightExponent": 19,
            "status": "Accepted",
            "items": [],
            "cost": 181
          },
          {
            "word": "000101011",
            "code": "1111111110000101011",
            "weightExponent": 19,
            "status": "Accepted",
            "items": [],
            "cost": 136
          },
          {
            "word": "000101100",
            "code": "1111111110000101100",
            "weightExponent": 19,
            "status": "Accepted",
            "items": [
              "0",
              "1"
            ],
            "cost": 221
          },
          {
            "word": "000101101",
            "code": "1111111110000101101",
            "weightExponent": 19,
            "status": "Accepted",
            "items": [],
            "cost": 118
          },
          {
            "word": "000101110",
            "code": "1111111110000101110",
            "weightExponent": 19,
            "status": "Accepted",
            "items": [],
            "cost": 118
          },
          {
            "word": "000101111",
            "code": "1111111110000101111",
            "weightExponent": 19,
            "status": "Accepted",
            "items": [],
            "cost": 115
          },
          {
            "word": "000110000",
            "code": "1111111110000110000",
            "weightExponent": 19,
            "status": "Accepted",
            "items": [],
            "cost": 202
          },
          {
            "word": "000110001",
            "code": "1111111110000110001",
            "weightExponent": 19,
            "status": "Accepted",
            "items": [],
            "cost": 163
          },
          {
            "word": "000110010",
            "code": "1111111110000110010",
            "weightExponent": 19,
            "status": "Accepted",
            "items": [],
            "cost": 181
          },
          {
            "word": "000110011",
            "code": "1111111110000110011",
            "weightExponent": 19,
            "status": "Accepted",
            "items": [],
            "cost": 160
          },
          {
            "word": "000110100",
            "code": "1111111110000110100",
            "weightExponent": 19,
            "status": "Accepted",
            "items": [
              "0",
              "0",
              "1"
            ],
            "cost": 247
          },
          {
            "word": "000110101",
            "code": "1111111110000110101",
            "weightExponent": 19,
            "status": "Accepted",
            "items": [],
            "cost": 118
          },
          {
            "word": "000110110",
            "code": "1111111110000110110",
            "weightExponent": 19,
            "status": "Accepted",
            "items": [],
            "cost": 118
          },
          {
            "word": "000110111",
            "code": "1111111110000110111",
            "weightExponent": 19,
            "status": "Accepted",
            "items": [],
            "cost": 115
          },
          {
            "word": "000111000",
            "code": "1111111110000111000",
            "weightExponent": 19,
            "status": "Accepted",
            "items": [],
            "cost": 187
          },
          {
            "word": "000111001",
            "code": "1111111110000111001",
            "weightExponent": 19,
            "status": "Accepted",
            "items": [],
            "cost": 139
          },
          {
            "word": "000111010",
            "code": "1111111110000111010",
            "weightExponent": 19,
            "status": "Accepted",
            "items": [],
            "cost": 181
          },
          {
            "word": "000111011",
            "code": "1111111110000111011",
            "weightExponent": 19,
            "status": "Accepted",
            "items": [],
            "cost": 136
          },
          {
            "word": "000111100",
            "code": "1111111110000111100",
            "weightExponent": 19,
            "status": "Accepted",
            "items": [
              "0",
              "1"
            ],
            "cost": 221
          },
          {
            "word": "000111101",
            "code": "1111111110000111101",
            "weightExponent": 19,
            "status": "Accepted",
            "items": [],
            "cost": 118
          },
          {
            "word": "000111110",
            "code": "1111111110000111110",
            "weightExponent": 19,
            "status": "Accepted",
            "items": [],
            "cost": 118
          },
          {
            "word": "000111111",
            "code": "1111111110000111111",
            "weightExponent": 19,
            "status": "Accepted",
            "items": [],
            "cost": 115
          },
          {
            "word": "001000000",
            "code": "1111111110001000000",
            "weightExponent": 19,
            "status": "Accepted",
            "items": [],
            "cost": 220
          },
          {
            "word": "001000001",
            "code": "1111111110001000001",
            "weightExponent": 19,
            "status": "RejectedNonBitOutput",
            "items": [
              "<non-bit>"
            ],
            "cost": 234
          },
          {
            "word": "001000010",
            "code": "1111111110001000010",
            "weightExponent": 19,
            "status": "RejectedNonBitOutput",
            "items": [
              "<non-bit>"
            ],
            "cost": 216
          },
          {
            "word": "001000011",
            "code": "1111111110001000011",
            "weightExponent": 19,
            "status": "RejectedNonBitOutput",
            "items": [
              "<non-bit>"
            ],
            "cost": 216
          },
          {
            "word": "001000100",
            "code": "1111111110001000100",
            "weightExponent": 19,
            "status": "RejectedTypeError",
            "items": [],
            "cost": 217
          },
          {
            "word": "001000101",
            "code": "1111111110001000101",
            "weightExponent": 19,
            "status": "Accepted",
            "items": [],
            "cost": 145
          },
          {
            "word": "001000110",
            "code": "1111111110001000110",
            "weightExponent": 19,
            "status": "Accepted",
            "items": [],
            "cost": 145
          },
          {
            "word": "001000111",
            "code": "1111111110001000111",
            "weightExponent": 19,
            "status": "Accepted",
            "items": [],
            "cost": 142
          },
          {
            "word": "001001000",
            "code": "1111111110001001000",
            "weightExponent": 19,
            "status": "Accepted",
            "items": [],
            "cost": 172
          },
          {
            "word": "001001001",
            "code": "1111111110001001001",
            "weightExponent": 19,
            "status": "Accepted",
            "items": [],
            "cost": 172
          },
          {
            "word": "001001010",
            "code": "1111111110001001010",
            "weightExponent": 19,
            "status": "Accepted",
            "items": [],
            "cost": 172
          },
          {
            "word": "001001011",
            "code": "1111111110001001011",
            "weightExponent": 19,
            "status": "Accepted",
            "items": [],
            "cost": 172
          },
          {
            "word": "001001100",
            "code": "1111111110001001100",
            "weightExponent": 19,
            "status": "RejectedNonBitOutput",
            "items": [
              "<non-bit>"
            ],
            "cost": 222
          },
          {
            "word": "001001101",
            "code": "1111111110001001101",
            "weightExponent": 19,
            "status": "Accepted",
            "items": [],
            "cost": 142
          },
          {
            "word": "001001110",
            "code": "1111111110001001110",
            "weightExponent": 19,
            "status": "Accepted",
            "items": [],
            "cost": 142
          },
          {
            "word": "001001111",
            "code": "1111111110001001111",
            "weightExponent": 19,
            "status": "Accepted",
            "items": [],
            "cost": 139
          },
          {
            "word": "001010000",
            "code": "1111111110001010000",
            "weightExponent": 19,
            "status": "Accepted",
            "items": [],
            "cost": 214
          },
          {
            "word": "001010001",
            "code": "1111111110001010001",
            "weightExponent": 19,
            "status": "RejectedNonBitOutput",
            "items": [
              "<non-bit>"
            ],
            "cost": 195
          },
          {
            "word": "001010010",
            "code": "1111111110001010010",
            "weightExponent": 19,
            "status": "RejectedNonBitOutput",
            "items": [
              "<non-bit>"
            ],
            "cost": 225
          },
          {
            "word": "001010011",
            "code": "1111111110001010011",
            "weightExponent": 19,
            "status": "RejectedNonBitOutput",
            "items": [
              "<non-bit>"
            ],
            "cost": 192
          },
          {
            "word": "001010100",
            "code": "1111111110001010100",
            "weightExponent": 19,
            "status": "Accepted",
            "items": [
              "0",
              "0",
              "1"
            ],
            "cost": 250
          },
          {
            "word": "001010101",
            "code": "1111111110001010101",
            "weightExponent": 19,
            "status": "Accepted",
            "items": [],
            "cost": 100
          },
          {
            "word": "001010110",
            "code": "1111111110001010110",
            "weightExponent": 19,
            "status": "Accepted",
            "items": [],
            "cost": 100
          },
          {
            "word": "001010111",
            "code": "1111111110001010111",
            "weightExponent": 19,
            "status": "Accepted",
            "items": [],
            "cost": 97
          },
          {
            "word": "001011000",
            "code": "1111111110001011000",
            "weightExponent": 19,
            "status": "Accepted",
            "items": [
              "1"
            ],
            "cost": 210
          },
          {
            "word": "001011001",
            "code": "1111111110001011001",
            "weightExponent": 19,
            "status": "Accepted",
            "items": [],
            "cost": 127
          },
          {
            "word": "001011010",
            "code": "1111111110001011010",
            "weightExponent": 19,
            "status": "Accepted",
            "items": [],
            "cost": 100
          },
          {
            "word": "001011011",
            "code": "1111111110001011011",
            "weightExponent": 19,
            "status": "Accepted",
            "items": [],
            "cost": 97
          },
          {
            "word": "001011100",
            "code": "1111111110001011100",
            "weightExponent": 19,
            "status": "Accepted",
            "items": [],
            "cost": 127
          },
          {
            "word": "001011101",
            "code": "1111111110001011101",
            "weightExponent": 19,
            "status": "Accepted",
            "items": [],
            "cost": 97
          },
          {
            "word": "001011110",
            "code": "1111111110001011110",
            "weightExponent": 19,
            "status": "Accepted",
            "items": [],
            "cost": 97
          },
          {
            "word": "001011111",
            "code": "1111111110001011111",
            "weightExponent": 19,
            "status": "Accepted",
            "items": [],
            "cost": 94
          },
          {
            "word": "001100000",
            "code": "1111111110001100000",
            "weightExponent": 19,
            "status": "Accepted",
            "items": [],
            "cost": 208
          },
          {
            "word": "001100001",
            "code": "1111111110001100001",
            "weightExponent": 19,
            "status": "Accepted",
            "items": [],
            "cost": 205
          },
          {
            "word": "001100010",
            "code": "1111111110001100010",
            "weightExponent": 19,
            "status": "Accepted",
            "items": [],
            "cost": 190
          },
          {
            "word": "001100011",
            "code": "1111111110001100011",
            "weightExponent": 19,
            "status": "Accepted",
            "items": [],
            "cost": 169
          },
          {
            "word": "001100100",
            "code": "1111111110001100100",
            "weightExponent": 19,
            "status": "Accepted",
            "items": [],
            "cost": 193
          },
          {
            "word": "001100101",
            "code": "1111111110001100101",
            "weightExponent": 19,
            "status": "Accepted",
            "items": [],
            "cost": 127
          },
          {
            "word": "001100110",
            "code": "1111111110001100110",
            "weightExponent": 19,
            "status": "Accepted",
            "items": [],
            "cost": 121
          },
          {
            "word": "001100111",
            "code": "1111111110001100111",
            "weightExponent": 19,
            "status": "Accepted",
            "items": [],
            "cost": 118
          },
          {
            "word": "001101000",
            "code": "1111111110001101000",
            "weightExponent": 19,
            "status": "Accepted",
            "items": [],
            "cost": 193
          },
          {
            "word": "001101001",
            "code": "1111111110001101001",
            "weightExponent": 19,
            "status": "Accepted",
            "items": [],
            "cost": 163
          },
          {
            "word": "001101010",
            "code": "1111111110001101010",
            "weightExponent": 19,
            "status": "Accepted",
            "items": [],
            "cost": 160
          },
          {
            "word": "001101011",
            "code": "1111111110001101011",
            "weightExponent": 19,
            "status": "Accepted",
            "items": [],
            "cost": 160
          },
          {
            "word": "001101100",
            "code": "1111111110001101100",
            "weightExponent": 19,
            "status": "Accepted",
            "items": [],
            "cost": 163
          },
          {
            "word": "001101101",
            "code": "1111111110001101101",
            "weightExponent": 19,
            "status": "Accepted",
            "items": [],
            "cost": 124
          },
          {
            "word": "001101110",
            "code": "1111111110001101110",
            "weightExponent": 19,
            "status": "Accepted",
            "items": [],
            "cost": 118
          },
          {
            "word": "001101111",
            "code": "1111111110001101111",
            "weightExponent": 19,
            "status": "Accepted",
            "items": [],
            "cost": 115
          },
          {
            "word": "001110000",
            "code": "1111111110001110000",
            "weightExponent": 19,
            "status": "Accepted",
            "items": [],
            "cost": 199
          },
          {
            "word": "001110001",
            "code": "1111111110001110001",
            "weightExponent": 19,
            "status": "Accepted",
            "items": [],
            "cost": 148
          },
          {
            "word": "001110010",
            "code": "1111111110001110010",
            "weightExponent": 19,
            "status": "Accepted",
            "items": [],
            "cost": 178
          },
          {
            "word": "001110011",
            "code": "1111111110001110011",
            "weightExponent": 19,
            "status": "Accepted",
            "items": [],
            "cost": 145
          },
          {
            "word": "001110100",
            "code": "1111111110001110100",
            "weightExponent": 19,
            "status": "Accepted",
            "items": [
              "0",
              "1"
            ],
            "cost": 224
          },
          {
            "word": "001110101",
            "code": "1111111110001110101",
            "weightExponent": 19,
            "status": "Accepted",
            "items": [],
            "cost": 100
          },
          {
            "word": "001110110",
            "code": "1111111110001110110",
            "weightExponent": 19,
            "status": "Accepted",
            "items": [],
            "cost": 100
          },
          {
            "word": "001110111",
            "code": "1111111110001110111",
            "weightExponent": 19,
            "status": "Accepted",
            "items": [],
            "cost": 97
          },
          {
            "word": "001111000",
            "code": "1111111110001111000",
            "weightExponent": 19,
            "status": "RejectedTypeError",
            "items": [],
            "cost": 197
          },
          {
            "word": "001111001",
            "code": "1111111110001111001",
            "weightExponent": 19,
            "status": "Accepted",
            "items": [],
            "cost": 127
          },
          {
            "word": "001111010",
            "code": "1111111110001111010",
            "weightExponent": 19,
            "status": "Accepted",
            "items": [],
            "cost": 100
          },
          {
            "word": "001111011",
            "code": "1111111110001111011",
            "weightExponent": 19,
            "status": "Accepted",
            "items": [],
            "cost": 97
          },
          {
            "word": "001111100",
            "code": "1111111110001111100",
            "weightExponent": 19,
            "status": "Accepted",
            "items": [],
            "cost": 127
          },
          {
            "word": "001111101",
            "code": "1111111110001111101",
            "weightExponent": 19,
            "status": "Accepted",
            "items": [],
            "cost": 97
          },
          {
            "word": "001111110",
            "code": "1111111110001111110",
            "weightExponent": 19,
            "status": "Accepted",
            "items": [],
            "cost": 97
          },
          {
            "word": "001111111",
            "code": "1111111110001111111",
            "weightExponent": 19,
            "status": "Accepted",
            "items": [],
            "cost": 94
          },
          {
            "word": "010000000",
            "code": "1111111110010000000",
            "weightExponent": 19,
            "status": "Accepted",
            "items": [],
            "cost": 202
          },
          {
            "word": "010000001",
            "code": "1111111110010000001",
            "weightExponent": 19,
            "status": "RejectedNonBitOutput",
            "items": [
              "<non-bit>"
            ],
            "cost": 216
          },
          {
            "word": "010000010",
            "code": "1111111110010000010",
            "weightExponent": 19,
            "status": "RejectedNonBitOutput",
            "items": [
              "<non-bit>"
            ],
            "cost": 198
          },
          {
            "word": "010000011",
            "code": "1111111110010000011",
            "weightExponent": 19,
            "status": "RejectedNonBitOutput",
            "items": [
              "<non-bit>"
            ],
            "cost": 198
          },
          {
            "word": "010000100",
            "code": "1111111110010000100",
            "weightExponent": 19,
            "status": "RejectedTypeError",
            "items": [],
            "cost": 199
          },
          {
            "word": "010000101",
            "code": "1111111110010000101",
            "weightExponent": 19,
            "status": "Accepted",
            "items": [],
            "cost": 127
          },
          {
            "word": "010000110",
            "code": "1111111110010000110",
            "weightExponent": 19,
            "status": "Accepted",
            "items": [],
            "cost": 127
          },
          {
            "word": "010000111",
            "code": "1111111110010000111",
            "weightExponent": 19,
            "status": "Accepted",
            "items": [],
            "cost": 124
          },
          {
            "word": "010001000",
            "code": "1111111110010001000",
            "weightExponent": 19,
            "status": "Accepted",
            "items": [],
            "cost": 154
          },
          {
            "word": "010001001",
            "code": "1111111110010001001",
            "weightExponent": 19,
            "status": "Accepted",
            "items": [],
            "cost": 154
          },
          {
            "word": "010001010",
            "code": "1111111110010001010",
            "weightExponent": 19,
            "status": "Accepted",
            "items": [],
            "cost": 154
          },
          {
            "word": "010001011",
            "code": "1111111110010001011",
            "weightExponent": 19,
            "status": "Accepted",
            "items": [],
            "cost": 154
          },
          {
            "word": "010001100",
            "code": "1111111110010001100",
            "weightExponent": 19,
            "status": "RejectedNonBitOutput",
            "items": [
              "<non-bit>"
            ],
            "cost": 204
          },
          {
            "word": "010001101",
            "code": "1111111110010001101",
            "weightExponent": 19,
            "status": "Accepted",
            "items": [],
            "cost": 124
          },
          {
            "word": "010001110",
            "code": "1111111110010001110",
            "weightExponent": 19,
            "status": "Accepted",
            "items": [],
            "cost": 124
          },
          {
            "word": "010001111",
            "code": "1111111110010001111",
            "weightExponent": 19,
            "status": "Accepted",
            "items": [],
            "cost": 121
          },
          {
            "word": "010010000",
            "code": "1111111110010010000",
            "weightExponent": 19,
            "status": "Accepted",
            "items": [],
            "cost": 196
          },
          {
            "word": "010010001",
            "code": "1111111110010010001",
            "weightExponent": 19,
            "status": "RejectedNonBitOutput",
            "items": [
              "<non-bit>"
            ],
            "cost": 177
          },
          {
            "word": "010010010",
            "code": "1111111110010010010",
            "weightExponent": 19,
            "status": "RejectedNonBitOutput",
            "items": [
              "<non-bit>"
            ],
            "cost": 207
          },
          {
            "word": "010010011",
            "code": "1111111110010010011",
            "weightExponent": 19,
            "status": "RejectedNonBitOutput",
            "items": [
              "<non-bit>"
            ],
            "cost": 174
          },
          {
            "word": "010010100",
            "code": "1111111110010010100",
            "weightExponent": 19,
            "status": "Accepted",
            "items": [
              "0",
              "0",
              "1"
            ],
            "cost": 232
          },
          {
            "word": "010010101",
            "code": "1111111110010010101",
            "weightExponent": 19,
            "status": "Accepted",
            "items": [],
            "cost": 82
          },
          {
            "word": "010010110",
            "code": "1111111110010010110",
            "weightExponent": 19,
            "status": "Accepted",
            "items": [],
            "cost": 82
          },
          {
            "word": "010010111",
            "code": "1111111110010010111",
            "weightExponent": 19,
            "status": "Accepted",
            "items": [],
            "cost": 79
          },
          {
            "word": "010011000",
            "code": "1111111110010011000",
            "weightExponent": 19,
            "status": "Accepted",
            "items": [
              "1"
            ],
            "cost": 192
          },
          {
            "word": "010011001",
            "code": "1111111110010011001",
            "weightExponent": 19,
            "status": "Accepted",
            "items": [],
            "cost": 109
          },
          {
            "word": "010011010",
            "code": "1111111110010011010",
            "weightExponent": 19,
            "status": "Accepted",
            "items": [],
            "cost": 82
          },
          {
            "word": "010011011",
            "code": "1111111110010011011",
            "weightExponent": 19,
            "status": "Accepted",
            "items": [],
            "cost": 79
          },
          {
            "word": "010011100",
            "code": "1111111110010011100",
            "weightExponent": 19,
            "status": "Accepted",
            "items": [],
            "cost": 109
          },
          {
            "word": "010011101",
            "code": "1111111110010011101",
            "weightExponent": 19,
            "status": "Accepted",
            "items": [],
            "cost": 79
          },
          {
            "word": "010011110",
            "code": "1111111110010011110",
            "weightExponent": 19,
            "status": "Accepted",
            "items": [],
            "cost": 79
          },
          {
            "word": "010011111",
            "code": "1111111110010011111",
            "weightExponent": 19,
            "status": "Accepted",
            "items": [],
            "cost": 76
          },
          {
            "word": "010100000",
            "code": "1111111110010100000",
            "weightExponent": 19,
            "status": "Accepted",
            "items": [],
            "cost": 190
          },
          {
            "word": "010100001",
            "code": "1111111110010100001",
            "weightExponent": 19,
            "status": "Accepted",
            "items": [],
            "cost": 187
          },
          {
            "word": "010100010",
            "code": "1111111110010100010",
            "weightExponent": 19,
            "status": "Accepted",
            "items": [],
            "cost": 172
          },
          {
            "word": "010100011",
            "code": "1111111110010100011",
            "weightExponent": 19,
            "status": "Accepted",
            "items": [],
            "cost": 151
          },
          {
            "word": "010100100",
            "code": "1111111110010100100",
            "weightExponent": 19,
            "status": "Accepted",
            "items": [],
            "cost": 175
          },
          {
            "word": "010100101",
            "code": "1111111110010100101",
            "weightExponent": 19,
            "status": "Accepted",
            "items": [],
            "cost": 109
          },
          {
            "word": "010100110",
            "code": "1111111110010100110",
            "weightExponent": 19,
            "status": "Accepted",
            "items": [],
            "cost": 103
          },
          {
            "word": "010100111",
            "code": "1111111110010100111",
            "weightExponent": 19,
            "status": "Accepted",
            "items": [],
            "cost": 100
          },
          {
            "word": "010101000",
            "code": "1111111110010101000",
            "weightExponent": 19,
            "status": "Accepted",
            "items": [],
            "cost": 175
          },
          {
            "word": "010101001",
            "code": "1111111110010101001",
            "weightExponent": 19,
            "status": "Accepted",
            "items": [],
            "cost": 145
          },
          {
            "word": "010101010",
            "code": "1111111110010101010",
            "weightExponent": 19,
            "status": "Accepted",
            "items": [],
            "cost": 142
          },
          {
            "word": "010101011",
            "code": "1111111110010101011",
            "weightExponent": 19,
            "status": "Accepted",
            "items": [],
            "cost": 142
          },
          {
            "word": "010101100",
            "code": "1111111110010101100",
            "weightExponent": 19,
            "status": "Accepted",
            "items": [],
            "cost": 145
          },
          {
            "word": "010101101",
            "code": "1111111110010101101",
            "weightExponent": 19,
            "status": "Accepted",
            "items": [],
            "cost": 106
          },
          {
            "word": "010101110",
            "code": "1111111110010101110",
            "weightExponent": 19,
            "status": "Accepted",
            "items": [],
            "cost": 100
          },
          {
            "word": "010101111",
            "code": "1111111110010101111",
            "weightExponent": 19,
            "status": "Accepted",
            "items": [],
            "cost": 97
          },
          {
            "word": "010110000",
            "code": "1111111110010110000",
            "weightExponent": 19,
            "status": "Accepted",
            "items": [],
            "cost": 181
          },
          {
            "word": "010110001",
            "code": "1111111110010110001",
            "weightExponent": 19,
            "status": "Accepted",
            "items": [],
            "cost": 130
          },
          {
            "word": "010110010",
            "code": "1111111110010110010",
            "weightExponent": 19,
            "status": "Accepted",
            "items": [],
            "cost": 160
          },
          {
            "word": "010110011",
            "code": "1111111110010110011",
            "weightExponent": 19,
            "status": "Accepted",
            "items": [],
            "cost": 127
          },
          {
            "word": "010110100",
            "code": "1111111110010110100",
            "weightExponent": 19,
            "status": "Accepted",
            "items": [
              "0",
              "1"
            ],
            "cost": 206
          },
          {
            "word": "010110101",
            "code": "1111111110010110101",
            "weightExponent": 19,
            "status": "Accepted",
            "items": [],
            "cost": 82
          },
          {
            "word": "010110110",
            "code": "1111111110010110110",
            "weightExponent": 19,
            "status": "Accepted",
            "items": [],
            "cost": 82
          },
          {
            "word": "010110111",
            "code": "1111111110010110111",
            "weightExponent": 19,
            "status": "Accepted",
            "items": [],
            "cost": 79
          },
          {
            "word": "010111000",
            "code": "1111111110010111000",
            "weightExponent": 19,
            "status": "RejectedTypeError",
            "items": [],
            "cost": 179
          },
          {
            "word": "010111001",
            "code": "1111111110010111001",
            "weightExponent": 19,
            "status": "Accepted",
            "items": [],
            "cost": 109
          },
          {
            "word": "010111010",
            "code": "1111111110010111010",
            "weightExponent": 19,
            "status": "Accepted",
            "items": [],
            "cost": 82
          },
          {
            "word": "010111011",
            "code": "1111111110010111011",
            "weightExponent": 19,
            "status": "Accepted",
            "items": [],
            "cost": 79
          },
          {
            "word": "010111100",
            "code": "1111111110010111100",
            "weightExponent": 19,
            "status": "Accepted",
            "items": [],
            "cost": 109
          },
          {
            "word": "010111101",
            "code": "1111111110010111101",
            "weightExponent": 19,
            "status": "Accepted",
            "items": [],
            "cost": 79
          },
          {
            "word": "010111110",
            "code": "1111111110010111110",
            "weightExponent": 19,
            "status": "Accepted",
            "items": [],
            "cost": 79
          },
          {
            "word": "010111111",
            "code": "1111111110010111111",
            "weightExponent": 19,
            "status": "Accepted",
            "items": [],
            "cost": 76
          },
          {
            "word": "011000000",
            "code": "1111111110011000000",
            "weightExponent": 19,
            "status": "Accepted",
            "items": [],
            "cost": 202
          },
          {
            "word": "011000001",
            "code": "1111111110011000001",
            "weightExponent": 19,
            "status": "RejectedNonBitOutput",
            "items": [
              "<non-bit>"
            ],
            "cost": 216
          },
          {
            "word": "011000010",
            "code": "1111111110011000010",
            "weightExponent": 19,
            "status": "RejectedNonBitOutput",
            "items": [
              "<non-bit>"
            ],
            "cost": 198
          },
          {
            "word": "011000011",
            "code": "1111111110011000011",
            "weightExponent": 19,
            "status": "RejectedNonBitOutput",
            "items": [
              "<non-bit>"
            ],
            "cost": 198
          },
          {
            "word": "011000100",
            "code": "1111111110011000100",
            "weightExponent": 19,
            "status": "RejectedTypeError",
            "items": [],
            "cost": 199
          },
          {
            "word": "011000101",
            "code": "1111111110011000101",
            "weightExponent": 19,
            "status": "Accepted",
            "items": [],
            "cost": 127
          },
          {
            "word": "011000110",
            "code": "1111111110011000110",
            "weightExponent": 19,
            "status": "Accepted",
            "items": [],
            "cost": 127
          },
          {
            "word": "011000111",
            "code": "1111111110011000111",
            "weightExponent": 19,
            "status": "Accepted",
            "items": [],
            "cost": 124
          },
          {
            "word": "011001000",
            "code": "1111111110011001000",
            "weightExponent": 19,
            "status": "Accepted",
            "items": [],
            "cost": 154
          },
          {
            "word": "011001001",
            "code": "1111111110011001001",
            "weightExponent": 19,
            "status": "Accepted",
            "items": [],
            "cost": 154
          },
          {
            "word": "011001010",
            "code": "1111111110011001010",
            "weightExponent": 19,
            "status": "Accepted",
            "items": [],
            "cost": 154
          },
          {
            "word": "011001011",
            "code": "1111111110011001011",
            "weightExponent": 19,
            "status": "Accepted",
            "items": [],
            "cost": 154
          },
          {
            "word": "011001100",
            "code": "1111111110011001100",
            "weightExponent": 19,
            "status": "RejectedNonBitOutput",
            "items": [
              "<non-bit>"
            ],
            "cost": 204
          },
          {
            "word": "011001101",
            "code": "1111111110011001101",
            "weightExponent": 19,
            "status": "Accepted",
            "items": [],
            "cost": 124
          },
          {
            "word": "011001110",
            "code": "1111111110011001110",
            "weightExponent": 19,
            "status": "Accepted",
            "items": [],
            "cost": 124
          },
          {
            "word": "011001111",
            "code": "1111111110011001111",
            "weightExponent": 19,
            "status": "Accepted",
            "items": [],
            "cost": 121
          },
          {
            "word": "011010000",
            "code": "1111111110011010000",
            "weightExponent": 19,
            "status": "Accepted",
            "items": [],
            "cost": 196
          },
          {
            "word": "011010001",
            "code": "1111111110011010001",
            "weightExponent": 19,
            "status": "RejectedNonBitOutput",
            "items": [
              "<non-bit>"
            ],
            "cost": 177
          },
          {
            "word": "011010010",
            "code": "1111111110011010010",
            "weightExponent": 19,
            "status": "RejectedNonBitOutput",
            "items": [
              "<non-bit>"
            ],
            "cost": 207
          },
          {
            "word": "011010011",
            "code": "1111111110011010011",
            "weightExponent": 19,
            "status": "RejectedNonBitOutput",
            "items": [
              "<non-bit>"
            ],
            "cost": 174
          },
          {
            "word": "011010100",
            "code": "1111111110011010100",
            "weightExponent": 19,
            "status": "Accepted",
            "items": [
              "0",
              "0",
              "1"
            ],
            "cost": 232
          },
          {
            "word": "011010101",
            "code": "1111111110011010101",
            "weightExponent": 19,
            "status": "Accepted",
            "items": [],
            "cost": 82
          },
          {
            "word": "011010110",
            "code": "1111111110011010110",
            "weightExponent": 19,
            "status": "Accepted",
            "items": [],
            "cost": 82
          },
          {
            "word": "011010111",
            "code": "1111111110011010111",
            "weightExponent": 19,
            "status": "Accepted",
            "items": [],
            "cost": 79
          },
          {
            "word": "011011000",
            "code": "1111111110011011000",
            "weightExponent": 19,
            "status": "Accepted",
            "items": [
              "1"
            ],
            "cost": 192
          },
          {
            "word": "011011001",
            "code": "1111111110011011001",
            "weightExponent": 19,
            "status": "Accepted",
            "items": [],
            "cost": 109
          },
          {
            "word": "011011010",
            "code": "1111111110011011010",
            "weightExponent": 19,
            "status": "Accepted",
            "items": [],
            "cost": 82
          },
          {
            "word": "011011011",
            "code": "1111111110011011011",
            "weightExponent": 19,
            "status": "Accepted",
            "items": [],
            "cost": 79
          },
          {
            "word": "011011100",
            "code": "1111111110011011100",
            "weightExponent": 19,
            "status": "Accepted",
            "items": [],
            "cost": 109
          },
          {
            "word": "011011101",
            "code": "1111111110011011101",
            "weightExponent": 19,
            "status": "Accepted",
            "items": [],
            "cost": 79
          },
          {
            "word": "011011110",
            "code": "1111111110011011110",
            "weightExponent": 19,
            "status": "Accepted",
            "items": [],
            "cost": 79
          },
          {
            "word": "011011111",
            "code": "1111111110011011111",
            "weightExponent": 19,
            "status": "Accepted",
            "items": [],
            "cost": 76
          },
          {
            "word": "011100000",
            "code": "1111111110011100000",
            "weightExponent": 19,
            "status": "Accepted",
            "items": [],
            "cost": 190
          },
          {
            "word": "011100001",
            "code": "1111111110011100001",
            "weightExponent": 19,
            "status": "Accepted",
            "items": [],
            "cost": 187
          },
          {
            "word": "011100010",
            "code": "1111111110011100010",
            "weightExponent": 19,
            "status": "Accepted",
            "items": [],
            "cost": 172
          },
          {
            "word": "011100011",
            "code": "1111111110011100011",
            "weightExponent": 19,
            "status": "Accepted",
            "items": [],
            "cost": 151
          },
          {
            "word": "011100100",
            "code": "1111111110011100100",
            "weightExponent": 19,
            "status": "Accepted",
            "items": [],
            "cost": 175
          },
          {
            "word": "011100101",
            "code": "1111111110011100101",
            "weightExponent": 19,
            "status": "Accepted",
            "items": [],
            "cost": 109
          },
          {
            "word": "011100110",
            "code": "1111111110011100110",
            "weightExponent": 19,
            "status": "Accepted",
            "items": [],
            "cost": 103
          },
          {
            "word": "011100111",
            "code": "1111111110011100111",
            "weightExponent": 19,
            "status": "Accepted",
            "items": [],
            "cost": 100
          },
          {
            "word": "011101000",
            "code": "1111111110011101000",
            "weightExponent": 19,
            "status": "Accepted",
            "items": [],
            "cost": 175
          },
          {
            "word": "011101001",
            "code": "1111111110011101001",
            "weightExponent": 19,
            "status": "Accepted",
            "items": [],
            "cost": 145
          },
          {
            "word": "011101010",
            "code": "1111111110011101010",
            "weightExponent": 19,
            "status": "Accepted",
            "items": [],
            "cost": 142
          },
          {
            "word": "011101011",
            "code": "1111111110011101011",
            "weightExponent": 19,
            "status": "Accepted",
            "items": [],
            "cost": 142
          },
          {
            "word": "011101100",
            "code": "1111111110011101100",
            "weightExponent": 19,
            "status": "Accepted",
            "items": [],
            "cost": 145
          },
          {
            "word": "011101101",
            "code": "1111111110011101101",
            "weightExponent": 19,
            "status": "Accepted",
            "items": [],
            "cost": 106
          },
          {
            "word": "011101110",
            "code": "1111111110011101110",
            "weightExponent": 19,
            "status": "Accepted",
            "items": [],
            "cost": 100
          },
          {
            "word": "011101111",
            "code": "1111111110011101111",
            "weightExponent": 19,
            "status": "Accepted",
            "items": [],
            "cost": 97
          },
          {
            "word": "011110000",
            "code": "1111111110011110000",
            "weightExponent": 19,
            "status": "Accepted",
            "items": [],
            "cost": 181
          },
          {
            "word": "011110001",
            "code": "1111111110011110001",
            "weightExponent": 19,
            "status": "Accepted",
            "items": [],
            "cost": 130
          },
          {
            "word": "011110010",
            "code": "1111111110011110010",
            "weightExponent": 19,
            "status": "Accepted",
            "items": [],
            "cost": 160
          },
          {
            "word": "011110011",
            "code": "1111111110011110011",
            "weightExponent": 19,
            "status": "Accepted",
            "items": [],
            "cost": 127
          },
          {
            "word": "011110100",
            "code": "1111111110011110100",
            "weightExponent": 19,
            "status": "Accepted",
            "items": [
              "0",
              "1"
            ],
            "cost": 206
          },
          {
            "word": "011110101",
            "code": "1111111110011110101",
            "weightExponent": 19,
            "status": "Accepted",
            "items": [],
            "cost": 82
          },
          {
            "word": "011110110",
            "code": "1111111110011110110",
            "weightExponent": 19,
            "status": "Accepted",
            "items": [],
            "cost": 82
          },
          {
            "word": "011110111",
            "code": "1111111110011110111",
            "weightExponent": 19,
            "status": "Accepted",
            "items": [],
            "cost": 79
          },
          {
            "word": "011111000",
            "code": "1111111110011111000",
            "weightExponent": 19,
            "status": "RejectedTypeError",
            "items": [],
            "cost": 179
          },
          {
            "word": "011111001",
            "code": "1111111110011111001",
            "weightExponent": 19,
            "status": "Accepted",
            "items": [],
            "cost": 109
          },
          {
            "word": "011111010",
            "code": "1111111110011111010",
            "weightExponent": 19,
            "status": "Accepted",
            "items": [],
            "cost": 82
          },
          {
            "word": "011111011",
            "code": "1111111110011111011",
            "weightExponent": 19,
            "status": "Accepted",
            "items": [],
            "cost": 79
          },
          {
            "word": "011111100",
            "code": "1111111110011111100",
            "weightExponent": 19,
            "status": "Accepted",
            "items": [],
            "cost": 109
          },
          {
            "word": "011111101",
            "code": "1111111110011111101",
            "weightExponent": 19,
            "status": "Accepted",
            "items": [],
            "cost": 79
          },
          {
            "word": "011111110",
            "code": "1111111110011111110",
            "weightExponent": 19,
            "status": "Accepted",
            "items": [],
            "cost": 79
          },
          {
            "word": "011111111",
            "code": "1111111110011111111",
            "weightExponent": 19,
            "status": "Accepted",
            "items": [],
            "cost": 76
          },
          {
            "word": "100000000",
            "code": "1111111110100000000",
            "weightExponent": 19,
            "status": "Accepted",
            "items": [],
            "cost": 202
          },
          {
            "word": "100000001",
            "code": "1111111110100000001",
            "weightExponent": 19,
            "status": "Accepted",
            "items": [],
            "cost": 172
          },
          {
            "word": "100000010",
            "code": "1111111110100000010",
            "weightExponent": 19,
            "status": "Accepted",
            "items": [],
            "cost": 169
          },
          {
            "word": "100000011",
            "code": "1111111110100000011",
            "weightExponent": 19,
            "status": "Accepted",
            "items": [],
            "cost": 169
          },
          {
            "word": "100000100",
            "code": "1111111110100000100",
            "weightExponent": 19,
            "status": "Accepted",
            "items": [],
            "cost": 196
          },
          {
            "word": "100000101",
            "code": "1111111110100000101",
            "weightExponent": 19,
            "status": "Accepted",
            "items": [],
            "cost": 145
          },
          {
            "word": "100000110",
            "code": "1111111110100000110",
            "weightExponent": 19,
            "status": "Accepted",
            "items": [],
            "cost": 145
          },
          {
            "word": "100000111",
            "code": "1111111110100000111",
            "weightExponent": 19,
            "status": "Accepted",
            "items": [],
            "cost": 142
          },
          {
            "word": "100001000",
            "code": "1111111110100001000",
            "weightExponent": 19,
            "status": "Accepted",
            "items": [],
            "cost": 187
          },
          {
            "word": "100001001",
            "code": "1111111110100001001",
            "weightExponent": 19,
            "status": "Accepted",
            "items": [],
            "cost": 142
          },
          {
            "word": "100001010",
            "code": "1111111110100001010",
            "weightExponent": 19,
            "status": "Accepted",
            "items": [],
            "cost": 142
          },
          {
            "word": "100001011",
            "code": "1111111110100001011",
            "weightExponent": 19,
            "status": "Accepted",
            "items": [],
            "cost": 139
          },
          {
            "word": "100001100",
            "code": "1111111110100001100",
            "weightExponent": 19,
            "status": "Accepted",
            "items": [],
            "cost": 172
          },
          {
            "word": "100001101",
            "code": "1111111110100001101",
            "weightExponent": 19,
            "status": "Accepted",
            "items": [],
            "cost": 142
          },
          {
            "word": "100001110",
            "code": "1111111110100001110",
            "weightExponent": 19,
            "status": "Accepted",
            "items": [],
            "cost": 142
          },
          {
            "word": "100001111",
            "code": "1111111110100001111",
            "weightExponent": 19,
            "status": "Accepted",
            "items": [],
            "cost": 139
          },
          {
            "word": "100010000",
            "code": "1111111110100010000",
            "weightExponent": 19,
            "status": "Accepted",
            "items": [],
            "cost": 190
          },
          {
            "word": "100010001",
            "code": "1111111110100010001",
            "weightExponent": 19,
            "status": "RejectedNonBitOutput",
            "items": [
              "<non-bit>"
            ],
            "cost": 195
          },
          {
            "word": "100010010",
            "code": "1111111110100010010",
            "weightExponent": 19,
            "status": "Accepted",
            "items": [],
            "cost": 163
          },
          {
            "word": "100010011",
            "code": "1111111110100010011",
            "weightExponent": 19,
            "status": "RejectedNonBitOutput",
            "items": [
              "<non-bit>"
            ],
            "cost": 192
          },
          {
            "word": "100010100",
            "code": "1111111110100010100",
            "weightExponent": 19,
            "status": "Accepted",
            "items": [],
            "cost": 181
          },
          {
            "word": "100010101",
            "code": "1111111110100010101",
            "weightExponent": 19,
            "status": "Accepted",
            "items": [],
            "cost": 118
          },
          {
            "word": "100010110",
            "code": "1111111110100010110",
            "weightExponent": 19,
            "status": "Accepted",
            "items": [],
            "cost": 118
          },
          {
            "word": "100010111",
            "code": "1111111110100010111",
            "weightExponent": 19,
            "status": "Accepted",
            "items": [],
            "cost": 115
          },
          {
            "word": "100011000",
            "code": "1111111110100011000",
            "weightExponent": 19,
            "status": "Accepted",
            "items": [],
            "cost": 190
          },
          {
            "word": "100011001",
            "code": "1111111110100011001",
            "weightExponent": 19,
            "status": "Accepted",
            "items": [],
            "cost": 145
          },
          {
            "word": "100011010",
            "code": "1111111110100011010",
            "weightExponent": 19,
            "status": "Accepted",
            "items": [],
            "cost": 118
          },
          {
            "word": "100011011",
            "code": "1111111110100011011",
            "weightExponent": 19,
            "status": "Accepted",
            "items": [],
            "cost": 115
          },
          {
            "word": "100011100",
            "code": "1111111110100011100",
            "weightExponent": 19,
            "status": "Accepted",
            "items": [],
            "cost": 145
          },
          {
            "word": "100011101",
            "code": "1111111110100011101",
            "weightExponent": 19,
            "status": "Accepted",
            "items": [],
            "cost": 115
          },
          {
            "word": "100011110",
            "code": "1111111110100011110",
            "weightExponent": 19,
            "status": "Accepted",
            "items": [],
            "cost": 115
          },
          {
            "word": "100011111",
            "code": "1111111110100011111",
            "weightExponent": 19,
            "status": "Accepted",
            "items": [],
            "cost": 112
          },
          {
            "word": "100100000",
            "code": "1111111110100100000",
            "weightExponent": 19,
            "status": "Accepted",
            "items": [],
            "cost": 196
          },
          {
            "word": "100100001",
            "code": "1111111110100100001",
            "weightExponent": 19,
            "status": "RejectedNonBitOutput",
            "items": [
              "<non-bit>"
            ],
            "cost": 210
          },
          {
            "word": "100100010",
            "code": "1111111110100100010",
            "weightExponent": 19,
            "status": "RejectedNonBitOutput",
            "items": [
              "<non-bit>"
            ],
            "cost": 192
          },
          {
            "word": "100100011",
            "code": "1111111110100100011",
            "weightExponent": 19,
            "status": "RejectedNonBitOutput",
            "items": [
              "<non-bit>"
            ],
            "cost": 192
          },
          {
            "word": "100100100",
            "code": "1111111110100100100",
            "weightExponent": 19,
            "status": "Accepted",
            "items": [],
            "cost": 181
          },
          {
            "word": "100100101",
            "code": "1111111110100100101",
            "weightExponent": 19,
            "status": "Accepted",
            "items": [],
            "cost": 115
          },
          {
            "word": "100100110",
            "code": "1111111110100100110",
            "weightExponent": 19,
            "status": "Accepted",
            "items": [],
            "cost": 115
          },
          {
            "word": "100100111",
            "code": "1111111110100100111",
            "weightExponent": 19,
            "status": "Accepted",
            "items": [],
            "cost": 112
          },
          {
            "word": "100101000",
            "code": "1111111110100101000",
            "weightExponent": 19,
            "status": "Accepted",
            "items": [],
            "cost": 190
          },
          {
            "word": "100101001",
            "code": "1111111110100101001",
            "weightExponent": 19,
            "status": "Accepted",
            "items": [],
            "cost": 142
          },
          {
            "word": "100101010",
            "code": "1111111110100101010",
            "weightExponent": 19,
            "status": "Accepted",
            "items": [],
            "cost": 115
          },
          {
            "word": "100101011",
            "code": "1111111110100101011",
            "weightExponent": 19,
            "status": "Accepted",
            "items": [],
            "cost": 112
          },
          {
            "word": "100101100",
            "code": "1111111110100101100",
            "weightExponent": 19,
            "status": "Accepted",
            "items": [],
            "cost": 142
          },
          {
            "word": "100101101",
            "code": "1111111110100101101",
            "weightExponent": 19,
            "status": "Accepted",
            "items": [],
            "cost": 112
          },
          {
            "word": "100101110",
            "code": "1111111110100101110",
            "weightExponent": 19,
            "status": "Accepted",
            "items": [],
            "cost": 112
          },
          {
            "word": "100101111",
            "code": "1111111110100101111",
            "weightExponent": 19,
            "status": "Accepted",
            "items": [],
            "cost": 109
          },
          {
            "word": "100110000",
            "code": "1111111110100110000",
            "weightExponent": 19,
            "status": "Accepted",
            "items": [],
            "cost": 190
          },
          {
            "word": "100110001",
            "code": "1111111110100110001",
            "weightExponent": 19,
            "status": "Accepted",
            "items": [],
            "cost": 145
          },
          {
            "word": "100110010",
            "code": "1111111110100110010",
            "weightExponent": 19,
            "status": "Accepted",
            "items": [],
            "cost": 145
          },
          {
            "word": "100110011",
            "code": "1111111110100110011",
            "weightExponent": 19,
            "status": "Accepted",
            "items": [],
            "cost": 142
          },
          {
            "word": "100110100",
            "code": "1111111110100110100",
            "weightExponent": 19,
            "status": "Accepted",
            "items": [],
            "cost": 166
          },
          {
            "word": "100110101",
            "code": "1111111110100110101",
            "weightExponent": 19,
            "status": "Accepted",
            "items": [],
            "cost": 115
          },
          {
            "word": "100110110",
            "code": "1111111110100110110",
            "weightExponent": 19,
            "status": "Accepted",
            "items": [],
            "cost": 115
          },
          {
            "word": "100110111",
            "code": "1111111110100110111",
            "weightExponent": 19,
            "status": "Accepted",
            "items": [],
            "cost": 112
          },
          {
            "word": "100111000",
            "code": "1111111110100111000",
            "weightExponent": 19,
            "status": "Accepted",
            "items": [],
            "cost": 160
          },
          {
            "word": "100111001",
            "code": "1111111110100111001",
            "weightExponent": 19,
            "status": "Accepted",
            "items": [],
            "cost": 142
          },
          {
            "word": "100111010",
            "code": "1111111110100111010",
            "weightExponent": 19,
            "status": "Accepted",
            "items": [],
            "cost": 115
          },
          {
            "word": "100111011",
            "code": "1111111110100111011",
            "weightExponent": 19,
            "status": "Accepted",
            "items": [],
            "cost": 112
          },
          {
            "word": "100111100",
            "code": "1111111110100111100",
            "weightExponent": 19,
            "status": "Accepted",
            "items": [],
            "cost": 142
          },
          {
            "word": "100111101",
            "code": "1111111110100111101",
            "weightExponent": 19,
            "status": "Accepted",
            "items": [],
            "cost": 112
          },
          {
            "word": "100111110",
            "code": "1111111110100111110",
            "weightExponent": 19,
            "status": "Accepted",
            "items": [],
            "cost": 112
          },
          {
            "word": "100111111",
            "code": "1111111110100111111",
            "weightExponent": 19,
            "status": "Accepted",
            "items": [],
            "cost": 109
          },
          {
            "word": "101000000",
            "code": "1111111110101000000",
            "weightExponent": 19,
            "status": "Accepted",
            "items": [],
            "cost": 190
          },
          {
            "word": "101000001",
            "code": "1111111110101000001",
            "weightExponent": 19,
            "status": "RejectedNonBitOutput",
            "items": [
              "<non-bit>"
            ],
            "cost": 219
          },
          {
            "word": "101000010",
            "code": "1111111110101000010",
            "weightExponent": 19,
            "status": "Accepted",
            "items": [],
            "cost": 163
          },
          {
            "word": "101000011",
            "code": "1111111110101000011",
            "weightExponent": 19,
            "status": "Accepted",
            "items": [],
            "cost": 160
          },
          {
            "word": "101000100",
            "code": "1111111110101000100",
            "weightExponent": 19,
            "status": "Accepted",
            "items": [],
            "cost": 136
          },
          {
            "word": "101000101",
            "code": "1111111110101000101",
            "weightExponent": 19,
            "status": "Accepted",
            "items": [],
            "cost": 133
          },
          {
            "word": "101000110",
            "code": "1111111110101000110",
            "weightExponent": 19,
            "status": "Accepted",
            "items": [],
            "cost": 136
          },
          {
            "word": "101000111",
            "code": "1111111110101000111",
            "weightExponent": 19,
            "status": "Accepted",
            "items": [],
            "cost": 133
          },
          {
            "word": "101001000",
            "code": "1111111110101001000",
            "weightExponent": 19,
            "status": "Accepted",
            "items": [],
            "cost": 163
          },
          {
            "word": "101001001",
            "code": "1111111110101001001",
            "weightExponent": 19,
            "status": "RejectedNonBitOutput",
            "items": [
              "<non-bit>"
            ],
            "cost": 192
          },
          {
            "word": "101001010",
            "code": "1111111110101001010",
            "weightExponent": 19,
            "status": "Accepted",
            "items": [],
            "cost": 136
          },
          {
            "word": "101001011",
            "code": "1111111110101001011",
            "weightExponent": 19,
            "status": "Accepted",
            "items": [],
            "cost": 133
          },
          {
            "word": "101001100",
            "code": "1111111110101001100",
            "weightExponent": 19,
            "status": "Accepted",
            "items": [],
            "cost": 133
          },
          {
            "word": "101001101",
            "code": "1111111110101001101",
            "weightExponent": 19,
            "status": "Accepted",
            "items": [],
            "cost": 130
          },
          {
            "word": "101001110",
            "code": "1111111110101001110",
            "weightExponent": 19,
            "status": "Accepted",
            "items": [],
            "cost": 133
          },
          {
            "word": "101001111",
            "code": "1111111110101001111",
            "weightExponent": 19,
            "status": "Accepted",
            "items": [],
            "cost": 130
          },
          {
            "word": "101010000",
            "code": "1111111110101010000",
            "weightExponent": 19,
            "status": "Accepted",
            "items": [],
            "cost": 148
          },
          {
            "word": "101010001",
            "code": "1111111110101010001",
            "weightExponent": 19,
            "status": "Accepted",
            "items": [],
            "cost": 148
          },
          {
            "word": "101010010",
            "code": "1111111110101010010",
            "weightExponent": 19,
            "status": "RejectedNonBitOutput",
            "items": [
              "<non-bit>"
            ],
            "cost": 177
          },
          {
            "word": "101010011",
            "code": "1111111110101010011",
            "weightExponent": 19,
            "status": "RejectedNonBitOutput",
            "items": [
              "<non-bit>"
            ],
            "cost": 177
          },
          {
            "word": "101010100",
            "code": "1111111110101010100",
            "weightExponent": 19,
            "status": "Accepted",
            "items": [],
            "cost": 166
          },
          {
            "word": "101010101",
            "code": "1111111110101010101",
            "weightExponent": 19,
            "status": "Accepted",
            "items": [],
            "cost": 85
          },
          {
            "word": "101010110",
            "code": "1111111110101010110",
            "weightExponent": 19,
            "status": "Accepted",
            "items": [],
            "cost": 85
          },
          {
            "word": "101010111",
            "code": "1111111110101010111",
            "weightExponent": 19,
            "status": "Accepted",
            "items": [],
            "cost": 82
          },
          {
            "word": "101011000",
            "code": "1111111110101011000",
            "weightExponent": 19,
            "status": "Accepted",
            "items": [],
            "cost": 184
          },
          {
            "word": "101011001",
            "code": "1111111110101011001",
            "weightExponent": 19,
            "status": "Accepted",
            "items": [],
            "cost": 112
          },
          {
            "word": "101011010",
            "code": "1111111110101011010",
            "weightExponent": 19,
            "status": "Accepted",
            "items": [],
            "cost": 85
          },
          {
            "word": "101011011",
            "code": "1111111110101011011",
            "weightExponent": 19,
            "status": "Accepted",
            "items": [],
            "cost": 82
          },
          {
            "word": "101011100",
            "code": "1111111110101011100",
            "weightExponent": 19,
            "status": "Accepted",
            "items": [],
            "cost": 112
          },
          {
            "word": "101011101",
            "code": "1111111110101011101",
            "weightExponent": 19,
            "status": "Accepted",
            "items": [],
            "cost": 82
          },
          {
            "word": "101011110",
            "code": "1111111110101011110",
            "weightExponent": 19,
            "status": "Accepted",
            "items": [],
            "cost": 82
          },
          {
            "word": "101011111",
            "code": "1111111110101011111",
            "weightExponent": 19,
            "status": "Accepted",
            "items": [],
            "cost": 79
          },
          {
            "word": "101100000",
            "code": "1111111110101100000",
            "weightExponent": 19,
            "status": "Accepted",
            "items": [],
            "cost": 190
          },
          {
            "word": "101100001",
            "code": "1111111110101100001",
            "weightExponent": 19,
            "status": "Accepted",
            "items": [],
            "cost": 160
          },
          {
            "word": "101100010",
            "code": "1111111110101100010",
            "weightExponent": 19,
            "status": "Accepted",
            "items": [],
            "cost": 157
          },
          {
            "word": "101100011",
            "code": "1111111110101100011",
            "weightExponent": 19,
            "status": "Accepted",
            "items": [],
            "cost": 157
          },
          {
            "word": "101100100",
            "code": "1111111110101100100",
            "weightExponent": 19,
            "status": "Accepted",
            "items": [],
            "cost": 184
          },
          {
            "word": "101100101",
            "code": "1111111110101100101",
            "weightExponent": 19,
            "status": "Accepted",
            "items": [],
            "cost": 112
          },
          {
            "word": "101100110",
            "code": "1111111110101100110",
            "weightExponent": 19,
            "status": "Accepted",
            "items": [],
            "cost": 112
          },
          {
            "word": "101100111",
            "code": "1111111110101100111",
            "weightExponent": 19,
            "status": "Accepted",
            "items": [],
            "cost": 109
          },
          {
            "word": "101101000",
            "code": "1111111110101101000",
            "weightExponent": 19,
            "status": "Accepted",
            "items": [],
            "cost": 175
          },
          {
            "word": "101101001",
            "code": "1111111110101101001",
            "weightExponent": 19,
            "status": "Accepted",
            "items": [],
            "cost": 133
          },
          {
            "word": "101101010",
            "code": "1111111110101101010",
            "weightExponent": 19,
            "status": "Accepted",
            "items": [],
            "cost": 85
          },
          {
            "word": "101101011",
            "code": "1111111110101101011",
            "weightExponent": 19,
            "status": "Accepted",
            "items": [],
            "cost": 82
          },
          {
            "word": "101101100",
            "code": "1111111110101101100",
            "weightExponent": 19,
            "status": "Accepted",
            "items": [],
            "cost": 112
          },
          {
            "word": "101101101",
            "code": "1111111110101101101",
            "weightExponent": 19,
            "status": "Accepted",
            "items": [],
            "cost": 82
          },
          {
            "word": "101101110",
            "code": "1111111110101101110",
            "weightExponent": 19,
            "status": "Accepted",
            "items": [],
            "cost": 82
          },
          {
            "word": "101101111",
            "code": "1111111110101101111",
            "weightExponent": 19,
            "status": "Accepted",
            "items": [],
            "cost": 79
          },
          {
            "word": "101110000",
            "code": "1111111110101110000",
            "weightExponent": 19,
            "status": "Accepted",
            "items": [],
            "cost": 184
          },
          {
            "word": "101110001",
            "code": "1111111110101110001",
            "weightExponent": 19,
            "status": "Accepted",
            "items": [],
            "cost": 127
          },
          {
            "word": "101110010",
            "code": "1111111110101110010",
            "weightExponent": 19,
            "status": "Accepted",
            "items": [],
            "cost": 112
          },
          {
            "word": "101110011",
            "code": "1111111110101110011",
            "weightExponent": 19,
            "status": "Accepted",
            "items": [],
            "cost": 109
          },
          {
            "word": "101110100",
            "code": "1111111110101110100",
            "weightExponent": 19,
            "status": "Accepted",
            "items": [],
            "cost": 133
          },
          {
            "word": "101110101",
            "code": "1111111110101110101",
            "weightExponent": 19,
            "status": "Accepted",
            "items": [],
            "cost": 82
          },
          {
            "word": "101110110",
            "code": "1111111110101110110",
            "weightExponent": 19,
            "status": "Accepted",
            "items": [],
            "cost": 82
          },
          {
            "word": "101110111",
            "code": "1111111110101110111",
            "weightExponent": 19,
            "status": "Accepted",
            "items": [],
            "cost": 79
          },
          {
            "word": "101111000",
            "code": "1111111110101111000",
            "weightExponent": 19,
            "status": "Accepted",
            "items": [],
            "cost": 127
          },
          {
            "word": "101111001",
            "code": "1111111110101111001",
            "weightExponent": 19,
            "status": "Accepted",
            "items": [],
            "cost": 109
          },
          {
            "word": "101111010",
            "code": "1111111110101111010",
            "weightExponent": 19,
            "status": "Accepted",
            "items": [],
            "cost": 82
          },
          {
            "word": "101111011",
            "code": "1111111110101111011",
            "weightExponent": 19,
            "status": "Accepted",
            "items": [],
            "cost": 79
          },
          {
            "word": "101111100",
            "code": "1111111110101111100",
            "weightExponent": 19,
            "status": "Accepted",
            "items": [],
            "cost": 109
          },
          {
            "word": "101111101",
            "code": "1111111110101111101",
            "weightExponent": 19,
            "status": "Accepted",
            "items": [],
            "cost": 79
          },
          {
            "word": "101111110",
            "code": "1111111110101111110",
            "weightExponent": 19,
            "status": "Accepted",
            "items": [],
            "cost": 79
          },
          {
            "word": "101111111",
            "code": "1111111110101111111",
            "weightExponent": 19,
            "status": "Accepted",
            "items": [],
            "cost": 76
          },
          {
            "word": "110000000",
            "code": "1111111110110000000",
            "weightExponent": 19,
            "status": "Accepted",
            "items": [],
            "cost": 205
          },
          {
            "word": "110000001",
            "code": "1111111110110000001",
            "weightExponent": 19,
            "status": "RejectedNonBitOutput",
            "items": [
              "<non-bit>"
            ],
            "cost": 219
          },
          {
            "word": "110000010",
            "code": "1111111110110000010",
            "weightExponent": 19,
            "status": "RejectedNonBitOutput",
            "items": [
              "<non-bit>"
            ],
            "cost": 201
          },
          {
            "word": "110000011",
            "code": "1111111110110000011",
            "weightExponent": 19,
            "status": "RejectedNonBitOutput",
            "items": [
              "<non-bit>"
            ],
            "cost": 201
          },
          {
            "word": "110000100",
            "code": "1111111110110000100",
            "weightExponent": 19,
            "status": "Accepted",
            "items": [
              "1"
            ],
            "cost": 210
          },
          {
            "word": "110000101",
            "code": "1111111110110000101",
            "weightExponent": 19,
            "status": "Accepted",
            "items": [],
            "cost": 142
          },
          {
            "word": "110000110",
            "code": "1111111110110000110",
            "weightExponent": 19,
            "status": "RejectedTypeError",
            "items": [],
            "cost": 197
          },
          {
            "word": "110000111",
            "code": "1111111110110000111",
            "weightExponent": 19,
            "status": "Accepted",
            "items": [],
            "cost": 142
          },
          {
            "word": "110001000",
            "code": "1111111110110001000",
            "weightExponent": 19,
            "status": "Accepted",
            "items": [
              "1"
            ],
            "cost": 192
          },
          {
            "word": "110001001",
            "code": "1111111110110001001",
            "weightExponent": 19,
            "status": "Accepted",
            "items": [],
            "cost": 124
          },
          {
            "word": "110001010",
            "code": "1111111110110001010",
            "weightExponent": 19,
            "status": "RejectedTypeError",
            "items": [],
            "cost": 179
          },
          {
            "word": "110001011",
            "code": "1111111110110001011",
            "weightExponent": 19,
            "status": "Accepted",
            "items": [],
            "cost": 124
          },
          {
            "word": "110001100",
            "code": "1111111110110001100",
            "weightExponent": 19,
            "status": "Accepted",
            "items": [
              "1"
            ],
            "cost": 192
          },
          {
            "word": "110001101",
            "code": "1111111110110001101",
            "weightExponent": 19,
            "status": "Accepted",
            "items": [],
            "cost": 124
          },
          {
            "word": "110001110",
            "code": "1111111110110001110",
            "weightExponent": 19,
            "status": "RejectedTypeError",
            "items": [],
            "cost": 179
          },
          {
            "word": "110001111",
            "code": "1111111110110001111",
            "weightExponent": 19,
            "status": "Accepted",
            "items": [],
            "cost": 124
          },
          {
            "word": "110010000",
            "code": "1111111110110010000",
            "weightExponent": 19,
            "status": "Accepted",
            "items": [],
            "cost": 190
          },
          {
            "word": "110010001",
            "code": "1111111110110010001",
            "weightExponent": 19,
            "status": "Accepted",
            "items": [],
            "cost": 160
          },
          {
            "word": "110010010",
            "code": "1111111110110010010",
            "weightExponent": 19,
            "status": "Accepted",
            "items": [],
            "cost": 157
          },
          {
            "word": "110010011",
            "code": "1111111110110010011",
            "weightExponent": 19,
            "status": "Accepted",
            "items": [],
            "cost": 157
          },
          {
            "word": "110010100",
            "code": "1111111110110010100",
            "weightExponent": 19,
            "status": "Accepted",
            "items": [],
            "cost": 184
          },
          {
            "word": "110010101",
            "code": "1111111110110010101",
            "weightExponent": 19,
            "status": "Accepted",
            "items": [],
            "cost": 112
          },
          {
            "word": "110010110",
            "code": "1111111110110010110",
            "weightExponent": 19,
            "status": "Accepted",
            "items": [],
            "cost": 112
          },
          {
            "word": "110010111",
            "code": "1111111110110010111",
            "weightExponent": 19,
            "status": "Accepted",
            "items": [],
            "cost": 109
          },
          {
            "word": "110011000",
            "code": "1111111110110011000",
            "weightExponent": 19,
            "status": "Accepted",
            "items": [],
            "cost": 175
          },
          {
            "word": "110011001",
            "code": "1111111110110011001",
            "weightExponent": 19,
            "status": "Accepted",
            "items": [],
            "cost": 139
          },
          {
            "word": "110011010",
            "code": "1111111110110011010",
            "weightExponent": 19,
            "status": "Accepted",
            "items": [],
            "cost": 112
          },
          {
            "word": "110011011",
            "code": "1111111110110011011",
            "weightExponent": 19,
            "status": "Accepted",
            "items": [],
            "cost": 109
          },
          {
            "word": "110011100",
            "code": "1111111110110011100",
            "weightExponent": 19,
            "status": "Accepted",
            "items": [],
            "cost": 139
          },
          {
            "word": "110011101",
            "code": "1111111110110011101",
            "weightExponent": 19,
            "status": "Accepted",
            "items": [],
            "cost": 109
          },
          {
            "word": "110011110",
            "code": "1111111110110011110",
            "weightExponent": 19,
            "status": "Accepted",
            "items": [],
            "cost": 109
          },
          {
            "word": "110011111",
            "code": "1111111110110011111",
            "weightExponent": 19,
            "status": "Accepted",
            "items": [],
            "cost": 106
          },
          {
            "word": "110100000",
            "code": "1111111110110100000",
            "weightExponent": 19,
            "status": "Accepted",
            "items": [],
            "cost": 184
          },
          {
            "word": "110100001",
            "code": "1111111110110100001",
            "weightExponent": 19,
            "status": "Accepted",
            "items": [],
            "cost": 154
          },
          {
            "word": "110100010",
            "code": "1111111110110100010",
            "weightExponent": 19,
            "status": "Accepted",
            "items": [],
            "cost": 151
          },
          {
            "word": "110100011",
            "code": "1111111110110100011",
            "weightExponent": 19,
            "status": "Accepted",
            "items": [],
            "cost": 151
          },
          {
            "word": "110100100",
            "code": "1111111110110100100",
            "weightExponent": 19,
            "status": "Accepted",
            "items": [],
            "cost": 184
          },
          {
            "word": "110100101",
            "code": "1111111110110100101",
            "weightExponent": 19,
            "status": "Accepted",
            "items": [],
            "cost": 133
          },
          {
            "word": "110100110",
            "code": "1111111110110100110",
            "weightExponent": 19,
            "status": "Accepted",
            "items": [],
            "cost": 133
          },
          {
            "word": "110100111",
            "code": "1111111110110100111",
            "weightExponent": 19,
            "status": "Accepted",
            "items": [],
            "cost": 130
          },
          {
            "word": "110101000",
            "code": "1111111110110101000",
            "weightExponent": 19,
            "status": "Accepted",
            "items": [
              "0",
              "0"
            ],
            "cost": 215
          },
          {
            "word": "110101001",
            "code": "1111111110110101001",
            "weightExponent": 19,
            "status": "Accepted",
            "items": [],
            "cost": 154
          },
          {
            "word": "110101010",
            "code": "1111111110110101010",
            "weightExponent": 19,
            "status": "Accepted",
            "items": [],
            "cost": 85
          },
          {
            "word": "110101011",
            "code": "1111111110110101011",
            "weightExponent": 19,
            "status": "Accepted",
            "items": [],
            "cost": 82
          },
          {
            "word": "110101100",
            "code": "1111111110110101100",
            "weightExponent": 19,
            "status": "Accepted",
            "items": [],
            "cost": 112
          },
          {
            "word": "110101101",
            "code": "1111111110110101101",
            "weightExponent": 19,
            "status": "Accepted",
            "items": [],
            "cost": 82
          },
          {
            "word": "110101110",
            "code": "1111111110110101110",
            "weightExponent": 19,
            "status": "Accepted",
            "items": [],
            "cost": 82
          },
          {
            "word": "110101111",
            "code": "1111111110110101111",
            "weightExponent": 19,
            "status": "Accepted",
            "items": [],
            "cost": 79
          },
          {
            "word": "110110000",
            "code": "1111111110110110000",
            "weightExponent": 19,
            "status": "Accepted",
            "items": [],
            "cost": 175
          },
          {
            "word": "110110001",
            "code": "1111111110110110001",
            "weightExponent": 19,
            "status": "Accepted",
            "items": [],
            "cost": 154
          },
          {
            "word": "110110010",
            "code": "1111111110110110010",
            "weightExponent": 19,
            "status": "Accepted",
            "items": [],
            "cost": 112
          },
          {
            "word": "110110011",
            "code": "1111111110110110011",
            "weightExponent": 19,
            "status": "Accepted",
            "items": [],
            "cost": 109
          },
          {
            "word": "110110100",
            "code": "1111111110110110100",
            "weightExponent": 19,
            "status": "Accepted",
            "items": [],
            "cost": 133
          },
          {
            "word": "110110101",
            "code": "1111111110110110101",
            "weightExponent": 19,
            "status": "Accepted",
            "items": [],
            "cost": 82
          },
          {
            "word": "110110110",
            "code": "1111111110110110110",
            "weightExponent": 19,
            "status": "Accepted",
            "items": [],
            "cost": 82
          },
          {
            "word": "110110111",
            "code": "1111111110110110111",
            "weightExponent": 19,
            "status": "Accepted",
            "items": [],
            "cost": 79
          },
          {
            "word": "110111000",
            "code": "1111111110110111000",
            "weightExponent": 19,
            "status": "Accepted",
            "items": [],
            "cost": 127
          },
          {
            "word": "110111001",
            "code": "1111111110110111001",
            "weightExponent": 19,
            "status": "Accepted",
            "items": [],
            "cost": 109
          },
          {
            "word": "110111010",
            "code": "1111111110110111010",
            "weightExponent": 19,
            "status": "Accepted",
            "items": [],
            "cost": 82
          },
          {
            "word": "110111011",
            "code": "1111111110110111011",
            "weightExponent": 19,
            "status": "Accepted",
            "items": [],
            "cost": 79
          },
          {
            "word": "110111100",
            "code": "1111111110110111100",
            "weightExponent": 19,
            "status": "Accepted",
            "items": [],
            "cost": 109
          },
          {
            "word": "110111101",
            "code": "1111111110110111101",
            "weightExponent": 19,
            "status": "Accepted",
            "items": [],
            "cost": 79
          },
          {
            "word": "110111110",
            "code": "1111111110110111110",
            "weightExponent": 19,
            "status": "Accepted",
            "items": [],
            "cost": 79
          },
          {
            "word": "110111111",
            "code": "1111111110110111111",
            "weightExponent": 19,
            "status": "Accepted",
            "items": [],
            "cost": 76
          },
          {
            "word": "111000000",
            "code": "1111111110111000000",
            "weightExponent": 19,
            "status": "Accepted",
            "items": [],
            "cost": 190
          },
          {
            "word": "111000001",
            "code": "1111111110111000001",
            "weightExponent": 19,
            "status": "Accepted",
            "items": [],
            "cost": 160
          },
          {
            "word": "111000010",
            "code": "1111111110111000010",
            "weightExponent": 19,
            "status": "Accepted",
            "items": [],
            "cost": 157
          },
          {
            "word": "111000011",
            "code": "1111111110111000011",
            "weightExponent": 19,
            "status": "Accepted",
            "items": [],
            "cost": 157
          },
          {
            "word": "111000100",
            "code": "1111111110111000100",
            "weightExponent": 19,
            "status": "Accepted",
            "items": [],
            "cost": 184
          },
          {
            "word": "111000101",
            "code": "1111111110111000101",
            "weightExponent": 19,
            "status": "Accepted",
            "items": [],
            "cost": 127
          },
          {
            "word": "111000110",
            "code": "1111111110111000110",
            "weightExponent": 19,
            "status": "Accepted",
            "items": [],
            "cost": 127
          },
          {
            "word": "111000111",
            "code": "1111111110111000111",
            "weightExponent": 19,
            "status": "Accepted",
            "items": [],
            "cost": 124
          },
          {
            "word": "111001000",
            "code": "1111111110111001000",
            "weightExponent": 19,
            "status": "Accepted",
            "items": [],
            "cost": 175
          },
          {
            "word": "111001001",
            "code": "1111111110111001001",
            "weightExponent": 19,
            "status": "Accepted",
            "items": [],
            "cost": 154
          },
          {
            "word": "111001010",
            "code": "1111111110111001010",
            "weightExponent": 19,
            "status": "Accepted",
            "items": [],
            "cost": 112
          },
          {
            "word": "111001011",
            "code": "1111111110111001011",
            "weightExponent": 19,
            "status": "Accepted",
            "items": [],
            "cost": 109
          },
          {
            "word": "111001100",
            "code": "1111111110111001100",
            "weightExponent": 19,
            "status": "Accepted",
            "items": [],
            "cost": 139
          },
          {
            "word": "111001101",
            "code": "1111111110111001101",
            "weightExponent": 19,
            "status": "Accepted",
            "items": [],
            "cost": 109
          },
          {
            "word": "111001110",
            "code": "1111111110111001110",
            "weightExponent": 19,
            "status": "Accepted",
            "items": [],
            "cost": 109
          },
          {
            "word": "111001111",
            "code": "1111111110111001111",
            "weightExponent": 19,
            "status": "Accepted",
            "items": [],
            "cost": 106
          },
          {
            "word": "111010000",
            "code": "1111111110111010000",
            "weightExponent": 19,
            "status": "Accepted",
            "items": [],
            "cost": 181
          },
          {
            "word": "111010001",
            "code": "1111111110111010001",
            "weightExponent": 19,
            "status": "Accepted",
            "items": [],
            "cost": 139
          },
          {
            "word": "111010010",
            "code": "1111111110111010010",
            "weightExponent": 19,
            "status": "Accepted",
            "items": [],
            "cost": 133
          },
          {
            "word": "111010011",
            "code": "1111111110111010011",
            "weightExponent": 19,
            "status": "Accepted",
            "items": [],
            "cost": 130
          },
          {
            "word": "111010100",
            "code": "1111111110111010100",
            "weightExponent": 19,
            "status": "Accepted",
            "items": [],
            "cost": 154
          },
          {
            "word": "111010101",
            "code": "1111111110111010101",
            "weightExponent": 19,
            "status": "Accepted",
            "items": [],
            "cost": 82
          },
          {
            "word": "111010110",
            "code": "1111111110111010110",
            "weightExponent": 19,
            "status": "Accepted",
            "items": [],
            "cost": 82
          },
          {
            "word": "111010111",
            "code": "1111111110111010111",
            "weightExponent": 19,
            "status": "Accepted",
            "items": [],
            "cost": 79
          },
          {
            "word": "111011000",
            "code": "1111111110111011000",
            "weightExponent": 19,
            "status": "Accepted",
            "items": [],
            "cost": 154
          },
          {
            "word": "111011001",
            "code": "1111111110111011001",
            "weightExponent": 19,
            "status": "Accepted",
            "items": [],
            "cost": 109
          },
          {
            "word": "111011010",
            "code": "1111111110111011010",
            "weightExponent": 19,
            "status": "Accepted",
            "items": [],
            "cost": 82
          },
          {
            "word": "111011011",
            "code": "1111111110111011011",
            "weightExponent": 19,
            "status": "Accepted",
            "items": [],
            "cost": 79
          },
          {
            "word": "111011100",
            "code": "1111111110111011100",
            "weightExponent": 19,
            "status": "Accepted",
            "items": [],
            "cost": 109
          },
          {
            "word": "111011101",
            "code": "1111111110111011101",
            "weightExponent": 19,
            "status": "Accepted",
            "items": [],
            "cost": 79
          },
          {
            "word": "111011110",
            "code": "1111111110111011110",
            "weightExponent": 19,
            "status": "Accepted",
            "items": [],
            "cost": 79
          },
          {
            "word": "111011111",
            "code": "1111111110111011111",
            "weightExponent": 19,
            "status": "Accepted",
            "items": [],
            "cost": 76
          },
          {
            "word": "111100000",
            "code": "1111111110111100000",
            "weightExponent": 19,
            "status": "Accepted",
            "items": [],
            "cost": 175
          },
          {
            "word": "111100001",
            "code": "1111111110111100001",
            "weightExponent": 19,
            "status": "Accepted",
            "items": [],
            "cost": 154
          },
          {
            "word": "111100010",
            "code": "1111111110111100010",
            "weightExponent": 19,
            "status": "Accepted",
            "items": [],
            "cost": 127
          },
          {
            "word": "111100011",
            "code": "1111111110111100011",
            "weightExponent": 19,
            "status": "Accepted",
            "items": [],
            "cost": 124
          },
          {
            "word": "111100100",
            "code": "1111111110111100100",
            "weightExponent": 19,
            "status": "Accepted",
            "items": [],
            "cost": 154
          },
          {
            "word": "111100101",
            "code": "1111111110111100101",
            "weightExponent": 19,
            "status": "Accepted",
            "items": [],
            "cost": 109
          },
          {
            "word": "111100110",
            "code": "1111111110111100110",
            "weightExponent": 19,
            "status": "Accepted",
            "items": [],
            "cost": 109
          },
          {
            "word": "111100111",
            "code": "1111111110111100111",
            "weightExponent": 19,
            "status": "Accepted",
            "items": [],
            "cost": 106
          },
          {
            "word": "111101000",
            "code": "1111111110111101000",
            "weightExponent": 19,
            "status": "Accepted",
            "items": [],
            "cost": 139
          },
          {
            "word": "111101001",
            "code": "1111111110111101001",
            "weightExponent": 19,
            "status": "Accepted",
            "items": [],
            "cost": 130
          },
          {
            "word": "111101010",
            "code": "1111111110111101010",
            "weightExponent": 19,
            "status": "Accepted",
            "items": [],
            "cost": 82
          },
          {
            "word": "111101011",
            "code": "1111111110111101011",
            "weightExponent": 19,
            "status": "Accepted",
            "items": [],
            "cost": 79
          },
          {
            "word": "111101100",
            "code": "1111111110111101100",
            "weightExponent": 19,
            "status": "Accepted",
            "items": [],
            "cost": 109
          },
          {
            "word": "111101101",
            "code": "1111111110111101101",
            "weightExponent": 19,
            "status": "Accepted",
            "items": [],
            "cost": 79
          },
          {
            "word": "111101110",
            "code": "1111111110111101110",
            "weightExponent": 19,
            "status": "Accepted",
            "items": [],
            "cost": 79
          },
          {
            "word": "111101111",
            "code": "1111111110111101111",
            "weightExponent": 19,
            "status": "Accepted",
            "items": [],
            "cost": 76
          },
          {
            "word": "111110000",
            "code": "1111111110111110000",
            "weightExponent": 19,
            "status": "Accepted",
            "items": [],
            "cost": 154
          },
          {
            "word": "111110001",
            "code": "1111111110111110001",
            "weightExponent": 19,
            "status": "Accepted",
            "items": [],
            "cost": 124
          },
          {
            "word": "111110010",
            "code": "1111111110111110010",
            "weightExponent": 19,
            "status": "Accepted",
            "items": [],
            "cost": 109
          },
          {
            "word": "111110011",
            "code": "1111111110111110011",
            "weightExponent": 19,
            "status": "Accepted",
            "items": [],
            "cost": 106
          },
          {
            "word": "111110100",
            "code": "1111111110111110100",
            "weightExponent": 19,
            "status": "Accepted",
            "items": [],
            "cost": 130
          },
          {
            "word": "111110101",
            "code": "1111111110111110101",
            "weightExponent": 19,
            "status": "Accepted",
            "items": [],
            "cost": 79
          },
          {
            "word": "111110110",
            "code": "1111111110111110110",
            "weightExponent": 19,
            "status": "Accepted",
            "items": [],
            "cost": 79
          },
          {
            "word": "111110111",
            "code": "1111111110111110111",
            "weightExponent": 19,
            "status": "Accepted",
            "items": [],
            "cost": 76
          },
          {
            "word": "111111000",
            "code": "1111111110111111000",
            "weightExponent": 19,
            "status": "Accepted",
            "items": [],
            "cost": 124
          },
          {
            "word": "111111001",
            "code": "1111111110111111001",
            "weightExponent": 19,
            "status": "Accepted",
            "items": [],
            "cost": 106
          },
          {
            "word": "111111010",
            "code": "1111111110111111010",
            "weightExponent": 19,
            "status": "Accepted",
            "items": [],
            "cost": 79
          },
          {
            "word": "111111011",
            "code": "1111111110111111011",
            "weightExponent": 19,
            "status": "Accepted",
            "items": [],
            "cost": 76
          },
          {
            "word": "111111100",
            "code": "1111111110111111100",
            "weightExponent": 19,
            "status": "Accepted",
            "items": [],
            "cost": 106
          },
          {
            "word": "111111101",
            "code": "1111111110111111101",
            "weightExponent": 19,
            "status": "Accepted",
            "items": [],
            "cost": 76
          },
          {
            "word": "111111110",
            "code": "1111111110111111110",
            "weightExponent": 19,
            "status": "Accepted",
            "items": [],
            "cost": 76
          },
          {
            "word": "111111111",
            "code": "1111111110111111111",
            "weightExponent": 19,
            "status": "Accepted",
            "items": [],
            "cost": 73
          }
        ]
      },
      "prefix": {
        "actualTransitions": 33737,
        "elapsedMs": 11,
        "hits": 7172,
        "misses": 2045,
        "cacheEntries": 2045,
        "arenaNodes": 921,
        "rows": [
          {
            "word": "",
            "code": "0",
            "weightExponent": 1,
            "status": "Accepted",
            "items": [],
            "cost": 10
          },
          {
            "word": "0",
            "code": "100",
            "weightExponent": 3,
            "status": "Accepted",
            "items": [],
            "cost": 23
          },
          {
            "word": "1",
            "code": "101",
            "weightExponent": 3,
            "status": "Accepted",
            "items": [],
            "cost": 17
          },
          {
            "word": "00",
            "code": "11000",
            "weightExponent": 5,
            "status": "Accepted",
            "items": [],
            "cost": 45
          },
          {
            "word": "01",
            "code": "11001",
            "weightExponent": 5,
            "status": "Accepted",
            "items": [],
            "cost": 30
          },
          {
            "word": "10",
            "code": "11010",
            "weightExponent": 5,
            "status": "Accepted",
            "items": [],
            "cost": 27
          },
          {
            "word": "11",
            "code": "11011",
            "weightExponent": 5,
            "status": "Accepted",
            "items": [],
            "cost": 24
          },
          {
            "word": "000",
            "code": "1110000",
            "weightExponent": 7,
            "status": "Accepted",
            "items": [],
            "cost": 76
          },
          {
            "word": "001",
            "code": "1110001",
            "weightExponent": 7,
            "status": "RejectedNonBitOutput",
            "items": [
              "<non-bit>"
            ],
            "cost": 90
          },
          {
            "word": "010",
            "code": "1110010",
            "weightExponent": 7,
            "status": "RejectedNonBitOutput",
            "items": [
              "<non-bit>"
            ],
            "cost": 72
          },
          {
            "word": "011",
            "code": "1110011",
            "weightExponent": 7,
            "status": "RejectedNonBitOutput",
            "items": [
              "<non-bit>"
            ],
            "cost": 72
          },
          {
            "word": "100",
            "code": "1110100",
            "weightExponent": 7,
            "status": "Accepted",
            "items": [],
            "cost": 70
          },
          {
            "word": "101",
            "code": "1110101",
            "weightExponent": 7,
            "status": "Accepted",
            "items": [],
            "cost": 34
          },
          {
            "word": "110",
            "code": "1110110",
            "weightExponent": 7,
            "status": "Accepted",
            "items": [],
            "cost": 34
          },
          {
            "word": "111",
            "code": "1110111",
            "weightExponent": 7,
            "status": "Accepted",
            "items": [],
            "cost": 31
          },
          {
            "word": "0000",
            "code": "111100000",
            "weightExponent": 9,
            "status": "Accepted",
            "items": [],
            "cost": 98
          },
          {
            "word": "0001",
            "code": "111100001",
            "weightExponent": 9,
            "status": "Accepted",
            "items": [],
            "cost": 83
          },
          {
            "word": "0010",
            "code": "111100010",
            "weightExponent": 9,
            "status": "Accepted",
            "items": [],
            "cost": 59
          },
          {
            "word": "0011",
            "code": "111100011",
            "weightExponent": 9,
            "status": "Accepted",
            "items": [],
            "cost": 59
          },
          {
            "word": "0100",
            "code": "111100100",
            "weightExponent": 9,
            "status": "Accepted",
            "items": [],
            "cost": 41
          },
          {
            "word": "0101",
            "code": "111100101",
            "weightExponent": 9,
            "status": "Accepted",
            "items": [],
            "cost": 41
          },
          {
            "word": "0110",
            "code": "111100110",
            "weightExponent": 9,
            "status": "Accepted",
            "items": [],
            "cost": 41
          },
          {
            "word": "0111",
            "code": "111100111",
            "weightExponent": 9,
            "status": "Accepted",
            "items": [],
            "cost": 41
          },
          {
            "word": "1000",
            "code": "111101000",
            "weightExponent": 9,
            "status": "Accepted",
            "items": [],
            "cost": 77
          },
          {
            "word": "1001",
            "code": "111101001",
            "weightExponent": 9,
            "status": "RejectedNonBitOutput",
            "items": [
              "<non-bit>"
            ],
            "cost": 106
          },
          {
            "word": "1010",
            "code": "111101010",
            "weightExponent": 9,
            "status": "Accepted",
            "items": [],
            "cost": 44
          },
          {
            "word": "1011",
            "code": "111101011",
            "weightExponent": 9,
            "status": "Accepted",
            "items": [],
            "cost": 41
          },
          {
            "word": "1100",
            "code": "111101100",
            "weightExponent": 9,
            "status": "Accepted",
            "items": [],
            "cost": 71
          },
          {
            "word": "1101",
            "code": "111101101",
            "weightExponent": 9,
            "status": "Accepted",
            "items": [],
            "cost": 41
          },
          {
            "word": "1110",
            "code": "111101110",
            "weightExponent": 9,
            "status": "Accepted",
            "items": [],
            "cost": 41
          },
          {
            "word": "1111",
            "code": "111101111",
            "weightExponent": 9,
            "status": "Accepted",
            "items": [],
            "cost": 38
          },
          {
            "word": "00000",
            "code": "11111000000",
            "weightExponent": 11,
            "status": "Accepted",
            "items": [],
            "cost": 129
          },
          {
            "word": "00001",
            "code": "11111000001",
            "weightExponent": 11,
            "status": "RejectedNonBitOutput",
            "items": [
              "<non-bit>"
            ],
            "cost": 143
          },
          {
            "word": "00010",
            "code": "11111000010",
            "weightExponent": 11,
            "status": "RejectedNonBitOutput",
            "items": [
              "<non-bit>"
            ],
            "cost": 125
          },
          {
            "word": "00011",
            "code": "11111000011",
            "weightExponent": 11,
            "status": "RejectedNonBitOutput",
            "items": [
              "<non-bit>"
            ],
            "cost": 125
          },
          {
            "word": "00100",
            "code": "11111000100",
            "weightExponent": 11,
            "status": "Accepted",
            "items": [
              "1"
            ],
            "cost": 134
          },
          {
            "word": "00101",
            "code": "11111000101",
            "weightExponent": 11,
            "status": "Accepted",
            "items": [],
            "cost": 66
          },
          {
            "word": "00110",
            "code": "11111000110",
            "weightExponent": 11,
            "status": "RejectedTypeError",
            "items": [],
            "cost": 121
          },
          {
            "word": "00111",
            "code": "11111000111",
            "weightExponent": 11,
            "status": "Accepted",
            "items": [],
            "cost": 66
          },
          {
            "word": "01000",
            "code": "11111001000",
            "weightExponent": 11,
            "status": "Accepted",
            "items": [
              "1"
            ],
            "cost": 116
          },
          {
            "word": "01001",
            "code": "11111001001",
            "weightExponent": 11,
            "status": "Accepted",
            "items": [],
            "cost": 48
          },
          {
            "word": "01010",
            "code": "11111001010",
            "weightExponent": 11,
            "status": "RejectedTypeError",
            "items": [],
            "cost": 103
          },
          {
            "word": "01011",
            "code": "11111001011",
            "weightExponent": 11,
            "status": "Accepted",
            "items": [],
            "cost": 48
          },
          {
            "word": "01100",
            "code": "11111001100",
            "weightExponent": 11,
            "status": "Accepted",
            "items": [
              "1"
            ],
            "cost": 116
          },
          {
            "word": "01101",
            "code": "11111001101",
            "weightExponent": 11,
            "status": "Accepted",
            "items": [],
            "cost": 48
          },
          {
            "word": "01110",
            "code": "11111001110",
            "weightExponent": 11,
            "status": "RejectedTypeError",
            "items": [],
            "cost": 103
          },
          {
            "word": "01111",
            "code": "11111001111",
            "weightExponent": 11,
            "status": "Accepted",
            "items": [],
            "cost": 48
          },
          {
            "word": "10000",
            "code": "11111010000",
            "weightExponent": 11,
            "status": "Accepted",
            "items": [],
            "cost": 114
          },
          {
            "word": "10001",
            "code": "11111010001",
            "weightExponent": 11,
            "status": "Accepted",
            "items": [],
            "cost": 84
          },
          {
            "word": "10010",
            "code": "11111010010",
            "weightExponent": 11,
            "status": "Accepted",
            "items": [],
            "cost": 81
          },
          {
            "word": "10011",
            "code": "11111010011",
            "weightExponent": 11,
            "status": "Accepted",
            "items": [],
            "cost": 81
          },
          {
            "word": "10100",
            "code": "11111010100",
            "weightExponent": 11,
            "status": "Accepted",
            "items": [],
            "cost": 108
          },
          {
            "word": "10101",
            "code": "11111010101",
            "weightExponent": 11,
            "status": "Accepted",
            "items": [],
            "cost": 51
          },
          {
            "word": "10110",
            "code": "11111010110",
            "weightExponent": 11,
            "status": "Accepted",
            "items": [],
            "cost": 51
          },
          {
            "word": "10111",
            "code": "11111010111",
            "weightExponent": 11,
            "status": "Accepted",
            "items": [],
            "cost": 48
          },
          {
            "word": "11000",
            "code": "11111011000",
            "weightExponent": 11,
            "status": "Accepted",
            "items": [],
            "cost": 99
          },
          {
            "word": "11001",
            "code": "11111011001",
            "weightExponent": 11,
            "status": "Accepted",
            "items": [],
            "cost": 78
          },
          {
            "word": "11010",
            "code": "11111011010",
            "weightExponent": 11,
            "status": "Accepted",
            "items": [],
            "cost": 51
          },
          {
            "word": "11011",
            "code": "11111011011",
            "weightExponent": 11,
            "status": "Accepted",
            "items": [],
            "cost": 48
          },
          {
            "word": "11100",
            "code": "11111011100",
            "weightExponent": 11,
            "status": "Accepted",
            "items": [],
            "cost": 78
          },
          {
            "word": "11101",
            "code": "11111011101",
            "weightExponent": 11,
            "status": "Accepted",
            "items": [],
            "cost": 48
          },
          {
            "word": "11110",
            "code": "11111011110",
            "weightExponent": 11,
            "status": "Accepted",
            "items": [],
            "cost": 48
          },
          {
            "word": "11111",
            "code": "11111011111",
            "weightExponent": 11,
            "status": "Accepted",
            "items": [],
            "cost": 45
          },
          {
            "word": "000000",
            "code": "1111110000000",
            "weightExponent": 13,
            "status": "Accepted",
            "items": [],
            "cost": 151
          },
          {
            "word": "000001",
            "code": "1111110000001",
            "weightExponent": 13,
            "status": "Accepted",
            "items": [],
            "cost": 136
          },
          {
            "word": "000010",
            "code": "1111110000010",
            "weightExponent": 13,
            "status": "Accepted",
            "items": [],
            "cost": 112
          },
          {
            "word": "000011",
            "code": "1111110000011",
            "weightExponent": 13,
            "status": "Accepted",
            "items": [],
            "cost": 112
          },
          {
            "word": "000100",
            "code": "1111110000100",
            "weightExponent": 13,
            "status": "Accepted",
            "items": [],
            "cost": 94
          },
          {
            "word": "000101",
            "code": "1111110000101",
            "weightExponent": 13,
            "status": "Accepted",
            "items": [],
            "cost": 94
          },
          {
            "word": "000110",
            "code": "1111110000110",
            "weightExponent": 13,
            "status": "Accepted",
            "items": [],
            "cost": 94
          },
          {
            "word": "000111",
            "code": "1111110000111",
            "weightExponent": 13,
            "status": "Accepted",
            "items": [],
            "cost": 94
          },
          {
            "word": "001000",
            "code": "1111110001000",
            "weightExponent": 13,
            "status": "Accepted",
            "items": [],
            "cost": 121
          },
          {
            "word": "001001",
            "code": "1111110001001",
            "weightExponent": 13,
            "status": "Accepted",
            "items": [],
            "cost": 118
          },
          {
            "word": "001010",
            "code": "1111110001010",
            "weightExponent": 13,
            "status": "Accepted",
            "items": [],
            "cost": 76
          },
          {
            "word": "001011",
            "code": "1111110001011",
            "weightExponent": 13,
            "status": "Accepted",
            "items": [],
            "cost": 73
          },
          {
            "word": "001100",
            "code": "1111110001100",
            "weightExponent": 13,
            "status": "Accepted",
            "items": [],
            "cost": 91
          },
          {
            "word": "001101",
            "code": "1111110001101",
            "weightExponent": 13,
            "status": "Accepted",
            "items": [],
            "cost": 88
          },
          {
            "word": "001110",
            "code": "1111110001110",
            "weightExponent": 13,
            "status": "Accepted",
            "items": [],
            "cost": 76
          },
          {
            "word": "001111",
            "code": "1111110001111",
            "weightExponent": 13,
            "status": "Accepted",
            "items": [],
            "cost": 73
          },
          {
            "word": "010000",
            "code": "1111110010000",
            "weightExponent": 13,
            "status": "Accepted",
            "items": [],
            "cost": 103
          },
          {
            "word": "010001",
            "code": "1111110010001",
            "weightExponent": 13,
            "status": "Accepted",
            "items": [],
            "cost": 100
          },
          {
            "word": "010010",
            "code": "1111110010010",
            "weightExponent": 13,
            "status": "Accepted",
            "items": [],
            "cost": 58
          },
          {
            "word": "010011",
            "code": "1111110010011",
            "weightExponent": 13,
            "status": "Accepted",
            "items": [],
            "cost": 55
          },
          {
            "word": "010100",
            "code": "1111110010100",
            "weightExponent": 13,
            "status": "Accepted",
            "items": [],
            "cost": 73
          },
          {
            "word": "010101",
            "code": "1111110010101",
            "weightExponent": 13,
            "status": "Accepted",
            "items": [],
            "cost": 70
          },
          {
            "word": "010110",
            "code": "1111110010110",
            "weightExponent": 13,
            "status": "Accepted",
            "items": [],
            "cost": 58
          },
          {
            "word": "010111",
            "code": "1111110010111",
            "weightExponent": 13,
            "status": "Accepted",
            "items": [],
            "cost": 55
          },
          {
            "word": "011000",
            "code": "1111110011000",
            "weightExponent": 13,
            "status": "Accepted",
            "items": [],
            "cost": 103
          },
          {
            "word": "011001",
            "code": "1111110011001",
            "weightExponent": 13,
            "status": "Accepted",
            "items": [],
            "cost": 100
          },
          {
            "word": "011010",
            "code": "1111110011010",
            "weightExponent": 13,
            "status": "Accepted",
            "items": [],
            "cost": 58
          },
          {
            "word": "011011",
            "code": "1111110011011",
            "weightExponent": 13,
            "status": "Accepted",
            "items": [],
            "cost": 55
          },
          {
            "word": "011100",
            "code": "1111110011100",
            "weightExponent": 13,
            "status": "Accepted",
            "items": [],
            "cost": 73
          },
          {
            "word": "011101",
            "code": "1111110011101",
            "weightExponent": 13,
            "status": "Accepted",
            "items": [],
            "cost": 70
          },
          {
            "word": "011110",
            "code": "1111110011110",
            "weightExponent": 13,
            "status": "Accepted",
            "items": [],
            "cost": 58
          },
          {
            "word": "011111",
            "code": "1111110011111",
            "weightExponent": 13,
            "status": "Accepted",
            "items": [],
            "cost": 55
          },
          {
            "word": "100000",
            "code": "1111110100000",
            "weightExponent": 13,
            "status": "Accepted",
            "items": [],
            "cost": 121
          },
          {
            "word": "100001",
            "code": "1111110100001",
            "weightExponent": 13,
            "status": "RejectedNonBitOutput",
            "items": [
              "<non-bit>"
            ],
            "cost": 150
          },
          {
            "word": "100010",
            "code": "1111110100010",
            "weightExponent": 13,
            "status": "Accepted",
            "items": [],
            "cost": 94
          },
          {
            "word": "100011",
            "code": "1111110100011",
            "weightExponent": 13,
            "status": "Accepted",
            "items": [],
            "cost": 91
          },
          {
            "word": "100100",
            "code": "1111110100100",
            "weightExponent": 13,
            "status": "Accepted",
            "items": [],
            "cost": 91
          },
          {
            "word": "100101",
            "code": "1111110100101",
            "weightExponent": 13,
            "status": "Accepted",
            "items": [],
            "cost": 88
          },
          {
            "word": "100110",
            "code": "1111110100110",
            "weightExponent": 13,
            "status": "Accepted",
            "items": [],
            "cost": 91
          },
          {
            "word": "100111",
            "code": "1111110100111",
            "weightExponent": 13,
            "status": "Accepted",
            "items": [],
            "cost": 88
          },
          {
            "word": "101000",
            "code": "1111110101000",
            "weightExponent": 13,
            "status": "Accepted",
            "items": [],
            "cost": 115
          },
          {
            "word": "101001",
            "code": "1111110101001",
            "weightExponent": 13,
            "status": "Accepted",
            "items": [],
            "cost": 112
          },
          {
            "word": "101010",
            "code": "1111110101010",
            "weightExponent": 13,
            "status": "Accepted",
            "items": [],
            "cost": 61
          },
          {
            "word": "101011",
            "code": "1111110101011",
            "weightExponent": 13,
            "status": "Accepted",
            "items": [],
            "cost": 58
          },
          {
            "word": "101100",
            "code": "1111110101100",
            "weightExponent": 13,
            "status": "Accepted",
            "items": [],
            "cost": 88
          },
          {
            "word": "101101",
            "code": "1111110101101",
            "weightExponent": 13,
            "status": "Accepted",
            "items": [],
            "cost": 58
          },
          {
            "word": "101110",
            "code": "1111110101110",
            "weightExponent": 13,
            "status": "Accepted",
            "items": [],
            "cost": 58
          },
          {
            "word": "101111",
            "code": "1111110101111",
            "weightExponent": 13,
            "status": "Accepted",
            "items": [],
            "cost": 55
          },
          {
            "word": "110000",
            "code": "1111110110000",
            "weightExponent": 13,
            "status": "Accepted",
            "items": [],
            "cost": 121
          },
          {
            "word": "110001",
            "code": "1111110110001",
            "weightExponent": 13,
            "status": "Accepted",
            "items": [],
            "cost": 106
          },
          {
            "word": "110010",
            "code": "1111110110010",
            "weightExponent": 13,
            "status": "Accepted",
            "items": [],
            "cost": 88
          },
          {
            "word": "110011",
            "code": "1111110110011",
            "weightExponent": 13,
            "status": "Accepted",
            "items": [],
            "cost": 85
          },
          {
            "word": "110100",
            "code": "1111110110100",
            "weightExponent": 13,
            "status": "Accepted",
            "items": [],
            "cost": 109
          },
          {
            "word": "110101",
            "code": "1111110110101",
            "weightExponent": 13,
            "status": "Accepted",
            "items": [],
            "cost": 58
          },
          {
            "word": "110110",
            "code": "1111110110110",
            "weightExponent": 13,
            "status": "Accepted",
            "items": [],
            "cost": 58
          },
          {
            "word": "110111",
            "code": "1111110110111",
            "weightExponent": 13,
            "status": "Accepted",
            "items": [],
            "cost": 55
          },
          {
            "word": "111000",
            "code": "1111110111000",
            "weightExponent": 13,
            "status": "Accepted",
            "items": [],
            "cost": 103
          },
          {
            "word": "111001",
            "code": "1111110111001",
            "weightExponent": 13,
            "status": "Accepted",
            "items": [],
            "cost": 85
          },
          {
            "word": "111010",
            "code": "1111110111010",
            "weightExponent": 13,
            "status": "Accepted",
            "items": [],
            "cost": 58
          },
          {
            "word": "111011",
            "code": "1111110111011",
            "weightExponent": 13,
            "status": "Accepted",
            "items": [],
            "cost": 55
          },
          {
            "word": "111100",
            "code": "1111110111100",
            "weightExponent": 13,
            "status": "Accepted",
            "items": [],
            "cost": 85
          },
          {
            "word": "111101",
            "code": "1111110111101",
            "weightExponent": 13,
            "status": "Accepted",
            "items": [],
            "cost": 55
          },
          {
            "word": "111110",
            "code": "1111110111110",
            "weightExponent": 13,
            "status": "Accepted",
            "items": [],
            "cost": 55
          },
          {
            "word": "111111",
            "code": "1111110111111",
            "weightExponent": 13,
            "status": "Accepted",
            "items": [],
            "cost": 52
          },
          {
            "word": "0000000",
            "code": "111111100000000",
            "weightExponent": 15,
            "status": "Accepted",
            "items": [],
            "cost": 182
          },
          {
            "word": "0000001",
            "code": "111111100000001",
            "weightExponent": 15,
            "status": "RejectedNonBitOutput",
            "items": [
              "<non-bit>"
            ],
            "cost": 196
          },
          {
            "word": "0000010",
            "code": "111111100000010",
            "weightExponent": 15,
            "status": "RejectedNonBitOutput",
            "items": [
              "<non-bit>"
            ],
            "cost": 178
          },
          {
            "word": "0000011",
            "code": "111111100000011",
            "weightExponent": 15,
            "status": "RejectedNonBitOutput",
            "items": [
              "<non-bit>"
            ],
            "cost": 178
          },
          {
            "word": "0000100",
            "code": "111111100000100",
            "weightExponent": 15,
            "status": "Accepted",
            "items": [
              "1"
            ],
            "cost": 187
          },
          {
            "word": "0000101",
            "code": "111111100000101",
            "weightExponent": 15,
            "status": "Accepted",
            "items": [],
            "cost": 119
          },
          {
            "word": "0000110",
            "code": "111111100000110",
            "weightExponent": 15,
            "status": "RejectedTypeError",
            "items": [],
            "cost": 174
          },
          {
            "word": "0000111",
            "code": "111111100000111",
            "weightExponent": 15,
            "status": "Accepted",
            "items": [],
            "cost": 119
          },
          {
            "word": "0001000",
            "code": "111111100001000",
            "weightExponent": 15,
            "status": "Accepted",
            "items": [
              "1"
            ],
            "cost": 169
          },
          {
            "word": "0001001",
            "code": "111111100001001",
            "weightExponent": 15,
            "status": "Accepted",
            "items": [],
            "cost": 101
          },
          {
            "word": "0001010",
            "code": "111111100001010",
            "weightExponent": 15,
            "status": "RejectedTypeError",
            "items": [],
            "cost": 156
          },
          {
            "word": "0001011",
            "code": "111111100001011",
            "weightExponent": 15,
            "status": "Accepted",
            "items": [],
            "cost": 101
          },
          {
            "word": "0001100",
            "code": "111111100001100",
            "weightExponent": 15,
            "status": "Accepted",
            "items": [
              "1"
            ],
            "cost": 169
          },
          {
            "word": "0001101",
            "code": "111111100001101",
            "weightExponent": 15,
            "status": "Accepted",
            "items": [],
            "cost": 101
          },
          {
            "word": "0001110",
            "code": "111111100001110",
            "weightExponent": 15,
            "status": "RejectedTypeError",
            "items": [],
            "cost": 156
          },
          {
            "word": "0001111",
            "code": "111111100001111",
            "weightExponent": 15,
            "status": "Accepted",
            "items": [],
            "cost": 101
          },
          {
            "word": "0010000",
            "code": "111111100010000",
            "weightExponent": 15,
            "status": "Accepted",
            "items": [],
            "cost": 167
          },
          {
            "word": "0010001",
            "code": "111111100010001",
            "weightExponent": 15,
            "status": "Accepted",
            "items": [],
            "cost": 128
          },
          {
            "word": "0010010",
            "code": "111111100010010",
            "weightExponent": 15,
            "status": "Accepted",
            "items": [],
            "cost": 146
          },
          {
            "word": "0010011",
            "code": "111111100010011",
            "weightExponent": 15,
            "status": "Accepted",
            "items": [],
            "cost": 125
          },
          {
            "word": "0010100",
            "code": "111111100010100",
            "weightExponent": 15,
            "status": "Accepted",
            "items": [
              "0",
              "0",
              "1"
            ],
            "cost": 212
          },
          {
            "word": "0010101",
            "code": "111111100010101",
            "weightExponent": 15,
            "status": "Accepted",
            "items": [],
            "cost": 83
          },
          {
            "word": "0010110",
            "code": "111111100010110",
            "weightExponent": 15,
            "status": "Accepted",
            "items": [],
            "cost": 83
          },
          {
            "word": "0010111",
            "code": "111111100010111",
            "weightExponent": 15,
            "status": "Accepted",
            "items": [],
            "cost": 80
          },
          {
            "word": "0011000",
            "code": "111111100011000",
            "weightExponent": 15,
            "status": "Accepted",
            "items": [],
            "cost": 152
          },
          {
            "word": "0011001",
            "code": "111111100011001",
            "weightExponent": 15,
            "status": "Accepted",
            "items": [],
            "cost": 104
          },
          {
            "word": "0011010",
            "code": "111111100011010",
            "weightExponent": 15,
            "status": "Accepted",
            "items": [],
            "cost": 146
          },
          {
            "word": "0011011",
            "code": "111111100011011",
            "weightExponent": 15,
            "status": "Accepted",
            "items": [],
            "cost": 101
          },
          {
            "word": "0011100",
            "code": "111111100011100",
            "weightExponent": 15,
            "status": "Accepted",
            "items": [
              "0",
              "1"
            ],
            "cost": 186
          },
          {
            "word": "0011101",
            "code": "111111100011101",
            "weightExponent": 15,
            "status": "Accepted",
            "items": [],
            "cost": 83
          },
          {
            "word": "0011110",
            "code": "111111100011110",
            "weightExponent": 15,
            "status": "Accepted",
            "items": [],
            "cost": 83
          },
          {
            "word": "0011111",
            "code": "111111100011111",
            "weightExponent": 15,
            "status": "Accepted",
            "items": [],
            "cost": 80
          },
          {
            "word": "0100000",
            "code": "111111100100000",
            "weightExponent": 15,
            "status": "Accepted",
            "items": [],
            "cost": 149
          },
          {
            "word": "0100001",
            "code": "111111100100001",
            "weightExponent": 15,
            "status": "Accepted",
            "items": [],
            "cost": 110
          },
          {
            "word": "0100010",
            "code": "111111100100010",
            "weightExponent": 15,
            "status": "Accepted",
            "items": [],
            "cost": 128
          },
          {
            "word": "0100011",
            "code": "111111100100011",
            "weightExponent": 15,
            "status": "Accepted",
            "items": [],
            "cost": 107
          },
          {
            "word": "0100100",
            "code": "111111100100100",
            "weightExponent": 15,
            "status": "Accepted",
            "items": [
              "0",
              "0",
              "1"
            ],
            "cost": 194
          },
          {
            "word": "0100101",
            "code": "111111100100101",
            "weightExponent": 15,
            "status": "Accepted",
            "items": [],
            "cost": 65
          },
          {
            "word": "0100110",
            "code": "111111100100110",
            "weightExponent": 15,
            "status": "Accepted",
            "items": [],
            "cost": 65
          },
          {
            "word": "0100111",
            "code": "111111100100111",
            "weightExponent": 15,
            "status": "Accepted",
            "items": [],
            "cost": 62
          },
          {
            "word": "0101000",
            "code": "111111100101000",
            "weightExponent": 15,
            "status": "Accepted",
            "items": [],
            "cost": 134
          },
          {
            "word": "0101001",
            "code": "111111100101001",
            "weightExponent": 15,
            "status": "Accepted",
            "items": [],
            "cost": 86
          },
          {
            "word": "0101010",
            "code": "111111100101010",
            "weightExponent": 15,
            "status": "Accepted",
            "items": [],
            "cost": 128
          },
          {
            "word": "0101011",
            "code": "111111100101011",
            "weightExponent": 15,
            "status": "Accepted",
            "items": [],
            "cost": 83
          },
          {
            "word": "0101100",
            "code": "111111100101100",
            "weightExponent": 15,
            "status": "Accepted",
            "items": [
              "0",
              "1"
            ],
            "cost": 168
          },
          {
            "word": "0101101",
            "code": "111111100101101",
            "weightExponent": 15,
            "status": "Accepted",
            "items": [],
            "cost": 65
          },
          {
            "word": "0101110",
            "code": "111111100101110",
            "weightExponent": 15,
            "status": "Accepted",
            "items": [],
            "cost": 65
          },
          {
            "word": "0101111",
            "code": "111111100101111",
            "weightExponent": 15,
            "status": "Accepted",
            "items": [],
            "cost": 62
          },
          {
            "word": "0110000",
            "code": "111111100110000",
            "weightExponent": 15,
            "status": "Accepted",
            "items": [],
            "cost": 149
          },
          {
            "word": "0110001",
            "code": "111111100110001",
            "weightExponent": 15,
            "status": "Accepted",
            "items": [],
            "cost": 110
          },
          {
            "word": "0110010",
            "code": "111111100110010",
            "weightExponent": 15,
            "status": "Accepted",
            "items": [],
            "cost": 128
          },
          {
            "word": "0110011",
            "code": "111111100110011",
            "weightExponent": 15,
            "status": "Accepted",
            "items": [],
            "cost": 107
          },
          {
            "word": "0110100",
            "code": "111111100110100",
            "weightExponent": 15,
            "status": "Accepted",
            "items": [
              "0",
              "0",
              "1"
            ],
            "cost": 194
          },
          {
            "word": "0110101",
            "code": "111111100110101",
            "weightExponent": 15,
            "status": "Accepted",
            "items": [],
            "cost": 65
          },
          {
            "word": "0110110",
            "code": "111111100110110",
            "weightExponent": 15,
            "status": "Accepted",
            "items": [],
            "cost": 65
          },
          {
            "word": "0110111",
            "code": "111111100110111",
            "weightExponent": 15,
            "status": "Accepted",
            "items": [],
            "cost": 62
          },
          {
            "word": "0111000",
            "code": "111111100111000",
            "weightExponent": 15,
            "status": "Accepted",
            "items": [],
            "cost": 134
          },
          {
            "word": "0111001",
            "code": "111111100111001",
            "weightExponent": 15,
            "status": "Accepted",
            "items": [],
            "cost": 86
          },
          {
            "word": "0111010",
            "code": "111111100111010",
            "weightExponent": 15,
            "status": "Accepted",
            "items": [],
            "cost": 128
          },
          {
            "word": "0111011",
            "code": "111111100111011",
            "weightExponent": 15,
            "status": "Accepted",
            "items": [],
            "cost": 83
          },
          {
            "word": "0111100",
            "code": "111111100111100",
            "weightExponent": 15,
            "status": "Accepted",
            "items": [
              "0",
              "1"
            ],
            "cost": 168
          },
          {
            "word": "0111101",
            "code": "111111100111101",
            "weightExponent": 15,
            "status": "Accepted",
            "items": [],
            "cost": 65
          },
          {
            "word": "0111110",
            "code": "111111100111110",
            "weightExponent": 15,
            "status": "Accepted",
            "items": [],
            "cost": 65
          },
          {
            "word": "0111111",
            "code": "111111100111111",
            "weightExponent": 15,
            "status": "Accepted",
            "items": [],
            "cost": 62
          },
          {
            "word": "1000000",
            "code": "111111101000000",
            "weightExponent": 15,
            "status": "Accepted",
            "items": [],
            "cost": 158
          },
          {
            "word": "1000001",
            "code": "111111101000001",
            "weightExponent": 15,
            "status": "Accepted",
            "items": [],
            "cost": 128
          },
          {
            "word": "1000010",
            "code": "111111101000010",
            "weightExponent": 15,
            "status": "Accepted",
            "items": [],
            "cost": 125
          },
          {
            "word": "1000011",
            "code": "111111101000011",
            "weightExponent": 15,
            "status": "Accepted",
            "items": [],
            "cost": 125
          },
          {
            "word": "1000100",
            "code": "111111101000100",
            "weightExponent": 15,
            "status": "Accepted",
            "items": [],
            "cost": 152
          },
          {
            "word": "1000101",
            "code": "111111101000101",
            "weightExponent": 15,
            "status": "Accepted",
            "items": [],
            "cost": 101
          },
          {
            "word": "1000110",
            "code": "111111101000110",
            "weightExponent": 15,
            "status": "Accepted",
            "items": [],
            "cost": 101
          },
          {
            "word": "1000111",
            "code": "111111101000111",
            "weightExponent": 15,
            "status": "Accepted",
            "items": [],
            "cost": 98
          },
          {
            "word": "1001000",
            "code": "111111101001000",
            "weightExponent": 15,
            "status": "Accepted",
            "items": [],
            "cost": 143
          },
          {
            "word": "1001001",
            "code": "111111101001001",
            "weightExponent": 15,
            "status": "Accepted",
            "items": [],
            "cost": 98
          },
          {
            "word": "1001010",
            "code": "111111101001010",
            "weightExponent": 15,
            "status": "Accepted",
            "items": [],
            "cost": 98
          },
          {
            "word": "1001011",
            "code": "111111101001011",
            "weightExponent": 15,
            "status": "Accepted",
            "items": [],
            "cost": 95
          },
          {
            "word": "1001100",
            "code": "111111101001100",
            "weightExponent": 15,
            "status": "Accepted",
            "items": [],
            "cost": 128
          },
          {
            "word": "1001101",
            "code": "111111101001101",
            "weightExponent": 15,
            "status": "Accepted",
            "items": [],
            "cost": 98
          },
          {
            "word": "1001110",
            "code": "111111101001110",
            "weightExponent": 15,
            "status": "Accepted",
            "items": [],
            "cost": 98
          },
          {
            "word": "1001111",
            "code": "111111101001111",
            "weightExponent": 15,
            "status": "Accepted",
            "items": [],
            "cost": 95
          },
          {
            "word": "1010000",
            "code": "111111101010000",
            "weightExponent": 15,
            "status": "Accepted",
            "items": [],
            "cost": 146
          },
          {
            "word": "1010001",
            "code": "111111101010001",
            "weightExponent": 15,
            "status": "RejectedNonBitOutput",
            "items": [
              "<non-bit>"
            ],
            "cost": 151
          },
          {
            "word": "1010010",
            "code": "111111101010010",
            "weightExponent": 15,
            "status": "Accepted",
            "items": [],
            "cost": 119
          },
          {
            "word": "1010011",
            "code": "111111101010011",
            "weightExponent": 15,
            "status": "RejectedNonBitOutput",
            "items": [
              "<non-bit>"
            ],
            "cost": 148
          },
          {
            "word": "1010100",
            "code": "111111101010100",
            "weightExponent": 15,
            "status": "Accepted",
            "items": [],
            "cost": 137
          },
          {
            "word": "1010101",
            "code": "111111101010101",
            "weightExponent": 15,
            "status": "Accepted",
            "items": [],
            "cost": 68
          },
          {
            "word": "1010110",
            "code": "111111101010110",
            "weightExponent": 15,
            "status": "Accepted",
            "items": [],
            "cost": 68
          },
          {
            "word": "1010111",
            "code": "111111101010111",
            "weightExponent": 15,
            "status": "Accepted",
            "items": [],
            "cost": 65
          },
          {
            "word": "1011000",
            "code": "111111101011000",
            "weightExponent": 15,
            "status": "Accepted",
            "items": [],
            "cost": 146
          },
          {
            "word": "1011001",
            "code": "111111101011001",
            "weightExponent": 15,
            "status": "Accepted",
            "items": [],
            "cost": 95
          },
          {
            "word": "1011010",
            "code": "111111101011010",
            "weightExponent": 15,
            "status": "Accepted",
            "items": [],
            "cost": 68
          },
          {
            "word": "1011011",
            "code": "111111101011011",
            "weightExponent": 15,
            "status": "Accepted",
            "items": [],
            "cost": 65
          },
          {
            "word": "1011100",
            "code": "111111101011100",
            "weightExponent": 15,
            "status": "Accepted",
            "items": [],
            "cost": 95
          },
          {
            "word": "1011101",
            "code": "111111101011101",
            "weightExponent": 15,
            "status": "Accepted",
            "items": [],
            "cost": 65
          },
          {
            "word": "1011110",
            "code": "111111101011110",
            "weightExponent": 15,
            "status": "Accepted",
            "items": [],
            "cost": 65
          },
          {
            "word": "1011111",
            "code": "111111101011111",
            "weightExponent": 15,
            "status": "Accepted",
            "items": [],
            "cost": 62
          },
          {
            "word": "1100000",
            "code": "111111101100000",
            "weightExponent": 15,
            "status": "Accepted",
            "items": [],
            "cost": 152
          },
          {
            "word": "1100001",
            "code": "111111101100001",
            "weightExponent": 15,
            "status": "RejectedNonBitOutput",
            "items": [
              "<non-bit>"
            ],
            "cost": 166
          },
          {
            "word": "1100010",
            "code": "111111101100010",
            "weightExponent": 15,
            "status": "RejectedNonBitOutput",
            "items": [
              "<non-bit>"
            ],
            "cost": 148
          },
          {
            "word": "1100011",
            "code": "111111101100011",
            "weightExponent": 15,
            "status": "RejectedNonBitOutput",
            "items": [
              "<non-bit>"
            ],
            "cost": 148
          },
          {
            "word": "1100100",
            "code": "111111101100100",
            "weightExponent": 15,
            "status": "Accepted",
            "items": [],
            "cost": 146
          },
          {
            "word": "1100101",
            "code": "111111101100101",
            "weightExponent": 15,
            "status": "Accepted",
            "items": [],
            "cost": 95
          },
          {
            "word": "1100110",
            "code": "111111101100110",
            "weightExponent": 15,
            "status": "Accepted",
            "items": [],
            "cost": 95
          },
          {
            "word": "1100111",
            "code": "111111101100111",
            "weightExponent": 15,
            "status": "Accepted",
            "items": [],
            "cost": 92
          },
          {
            "word": "1101000",
            "code": "111111101101000",
            "weightExponent": 15,
            "status": "Accepted",
            "items": [],
            "cost": 137
          },
          {
            "word": "1101001",
            "code": "111111101101001",
            "weightExponent": 15,
            "status": "Accepted",
            "items": [],
            "cost": 116
          },
          {
            "word": "1101010",
            "code": "111111101101010",
            "weightExponent": 15,
            "status": "Accepted",
            "items": [],
            "cost": 68
          },
          {
            "word": "1101011",
            "code": "111111101101011",
            "weightExponent": 15,
            "status": "Accepted",
            "items": [],
            "cost": 65
          },
          {
            "word": "1101100",
            "code": "111111101101100",
            "weightExponent": 15,
            "status": "Accepted",
            "items": [],
            "cost": 95
          },
          {
            "word": "1101101",
            "code": "111111101101101",
            "weightExponent": 15,
            "status": "Accepted",
            "items": [],
            "cost": 65
          },
          {
            "word": "1101110",
            "code": "111111101101110",
            "weightExponent": 15,
            "status": "Accepted",
            "items": [],
            "cost": 65
          },
          {
            "word": "1101111",
            "code": "111111101101111",
            "weightExponent": 15,
            "status": "Accepted",
            "items": [],
            "cost": 62
          },
          {
            "word": "1110000",
            "code": "111111101110000",
            "weightExponent": 15,
            "status": "Accepted",
            "items": [],
            "cost": 146
          },
          {
            "word": "1110001",
            "code": "111111101110001",
            "weightExponent": 15,
            "status": "Accepted",
            "items": [],
            "cost": 110
          },
          {
            "word": "1110010",
            "code": "111111101110010",
            "weightExponent": 15,
            "status": "Accepted",
            "items": [],
            "cost": 95
          },
          {
            "word": "1110011",
            "code": "111111101110011",
            "weightExponent": 15,
            "status": "Accepted",
            "items": [],
            "cost": 92
          },
          {
            "word": "1110100",
            "code": "111111101110100",
            "weightExponent": 15,
            "status": "Accepted",
            "items": [],
            "cost": 116
          },
          {
            "word": "1110101",
            "code": "111111101110101",
            "weightExponent": 15,
            "status": "Accepted",
            "items": [],
            "cost": 65
          },
          {
            "word": "1110110",
            "code": "111111101110110",
            "weightExponent": 15,
            "status": "Accepted",
            "items": [],
            "cost": 65
          },
          {
            "word": "1110111",
            "code": "111111101110111",
            "weightExponent": 15,
            "status": "Accepted",
            "items": [],
            "cost": 62
          },
          {
            "word": "1111000",
            "code": "111111101111000",
            "weightExponent": 15,
            "status": "Accepted",
            "items": [],
            "cost": 110
          },
          {
            "word": "1111001",
            "code": "111111101111001",
            "weightExponent": 15,
            "status": "Accepted",
            "items": [],
            "cost": 92
          },
          {
            "word": "1111010",
            "code": "111111101111010",
            "weightExponent": 15,
            "status": "Accepted",
            "items": [],
            "cost": 65
          },
          {
            "word": "1111011",
            "code": "111111101111011",
            "weightExponent": 15,
            "status": "Accepted",
            "items": [],
            "cost": 62
          },
          {
            "word": "1111100",
            "code": "111111101111100",
            "weightExponent": 15,
            "status": "Accepted",
            "items": [],
            "cost": 92
          },
          {
            "word": "1111101",
            "code": "111111101111101",
            "weightExponent": 15,
            "status": "Accepted",
            "items": [],
            "cost": 62
          },
          {
            "word": "1111110",
            "code": "111111101111110",
            "weightExponent": 15,
            "status": "Accepted",
            "items": [],
            "cost": 62
          },
          {
            "word": "1111111",
            "code": "111111101111111",
            "weightExponent": 15,
            "status": "Accepted",
            "items": [],
            "cost": 59
          },
          {
            "word": "00000000",
            "code": "11111111000000000",
            "weightExponent": 17,
            "status": "Accepted",
            "items": [],
            "cost": 204
          },
          {
            "word": "00000001",
            "code": "11111111000000001",
            "weightExponent": 17,
            "status": "Accepted",
            "items": [],
            "cost": 189
          },
          {
            "word": "00000010",
            "code": "11111111000000010",
            "weightExponent": 17,
            "status": "Accepted",
            "items": [],
            "cost": 165
          },
          {
            "word": "00000011",
            "code": "11111111000000011",
            "weightExponent": 17,
            "status": "Accepted",
            "items": [],
            "cost": 165
          },
          {
            "word": "00000100",
            "code": "11111111000000100",
            "weightExponent": 17,
            "status": "Accepted",
            "items": [],
            "cost": 147
          },
          {
            "word": "00000101",
            "code": "11111111000000101",
            "weightExponent": 17,
            "status": "Accepted",
            "items": [],
            "cost": 147
          },
          {
            "word": "00000110",
            "code": "11111111000000110",
            "weightExponent": 17,
            "status": "Accepted",
            "items": [],
            "cost": 147
          },
          {
            "word": "00000111",
            "code": "11111111000000111",
            "weightExponent": 17,
            "status": "Accepted",
            "items": [],
            "cost": 147
          },
          {
            "word": "00001000",
            "code": "11111111000001000",
            "weightExponent": 17,
            "status": "Accepted",
            "items": [],
            "cost": 174
          },
          {
            "word": "00001001",
            "code": "11111111000001001",
            "weightExponent": 17,
            "status": "Accepted",
            "items": [],
            "cost": 171
          },
          {
            "word": "00001010",
            "code": "11111111000001010",
            "weightExponent": 17,
            "status": "Accepted",
            "items": [],
            "cost": 129
          },
          {
            "word": "00001011",
            "code": "11111111000001011",
            "weightExponent": 17,
            "status": "Accepted",
            "items": [],
            "cost": 126
          },
          {
            "word": "00001100",
            "code": "11111111000001100",
            "weightExponent": 17,
            "status": "Accepted",
            "items": [],
            "cost": 144
          },
          {
            "word": "00001101",
            "code": "11111111000001101",
            "weightExponent": 17,
            "status": "Accepted",
            "items": [],
            "cost": 141
          },
          {
            "word": "00001110",
            "code": "11111111000001110",
            "weightExponent": 17,
            "status": "Accepted",
            "items": [],
            "cost": 129
          },
          {
            "word": "00001111",
            "code": "11111111000001111",
            "weightExponent": 17,
            "status": "Accepted",
            "items": [],
            "cost": 126
          },
          {
            "word": "00010000",
            "code": "11111111000010000",
            "weightExponent": 17,
            "status": "Accepted",
            "items": [],
            "cost": 156
          },
          {
            "word": "00010001",
            "code": "11111111000010001",
            "weightExponent": 17,
            "status": "Accepted",
            "items": [],
            "cost": 153
          },
          {
            "word": "00010010",
            "code": "11111111000010010",
            "weightExponent": 17,
            "status": "Accepted",
            "items": [],
            "cost": 111
          },
          {
            "word": "00010011",
            "code": "11111111000010011",
            "weightExponent": 17,
            "status": "Accepted",
            "items": [],
            "cost": 108
          },
          {
            "word": "00010100",
            "code": "11111111000010100",
            "weightExponent": 17,
            "status": "Accepted",
            "items": [],
            "cost": 126
          },
          {
            "word": "00010101",
            "code": "11111111000010101",
            "weightExponent": 17,
            "status": "Accepted",
            "items": [],
            "cost": 123
          },
          {
            "word": "00010110",
            "code": "11111111000010110",
            "weightExponent": 17,
            "status": "Accepted",
            "items": [],
            "cost": 111
          },
          {
            "word": "00010111",
            "code": "11111111000010111",
            "weightExponent": 17,
            "status": "Accepted",
            "items": [],
            "cost": 108
          },
          {
            "word": "00011000",
            "code": "11111111000011000",
            "weightExponent": 17,
            "status": "Accepted",
            "items": [],
            "cost": 156
          },
          {
            "word": "00011001",
            "code": "11111111000011001",
            "weightExponent": 17,
            "status": "Accepted",
            "items": [],
            "cost": 153
          },
          {
            "word": "00011010",
            "code": "11111111000011010",
            "weightExponent": 17,
            "status": "Accepted",
            "items": [],
            "cost": 111
          },
          {
            "word": "00011011",
            "code": "11111111000011011",
            "weightExponent": 17,
            "status": "Accepted",
            "items": [],
            "cost": 108
          },
          {
            "word": "00011100",
            "code": "11111111000011100",
            "weightExponent": 17,
            "status": "Accepted",
            "items": [],
            "cost": 126
          },
          {
            "word": "00011101",
            "code": "11111111000011101",
            "weightExponent": 17,
            "status": "Accepted",
            "items": [],
            "cost": 123
          },
          {
            "word": "00011110",
            "code": "11111111000011110",
            "weightExponent": 17,
            "status": "Accepted",
            "items": [],
            "cost": 111
          },
          {
            "word": "00011111",
            "code": "11111111000011111",
            "weightExponent": 17,
            "status": "Accepted",
            "items": [],
            "cost": 108
          },
          {
            "word": "00100000",
            "code": "11111111000100000",
            "weightExponent": 17,
            "status": "Accepted",
            "items": [],
            "cost": 189
          },
          {
            "word": "00100001",
            "code": "11111111000100001",
            "weightExponent": 17,
            "status": "Accepted",
            "items": [],
            "cost": 174
          },
          {
            "word": "00100010",
            "code": "11111111000100010",
            "weightExponent": 17,
            "status": "Accepted",
            "items": [],
            "cost": 138
          },
          {
            "word": "00100011",
            "code": "11111111000100011",
            "weightExponent": 17,
            "status": "Accepted",
            "items": [],
            "cost": 135
          },
          {
            "word": "00100100",
            "code": "11111111000100100",
            "weightExponent": 17,
            "status": "Accepted",
            "items": [
              "0",
              "0"
            ],
            "cost": 214
          },
          {
            "word": "00100101",
            "code": "11111111000100101",
            "weightExponent": 17,
            "status": "Accepted",
            "items": [
              "0",
              "0"
            ],
            "cost": 214
          },
          {
            "word": "00100110",
            "code": "11111111000100110",
            "weightExponent": 17,
            "status": "Accepted",
            "items": [],
            "cost": 135
          },
          {
            "word": "00100111",
            "code": "11111111000100111",
            "weightExponent": 17,
            "status": "Accepted",
            "items": [],
            "cost": 132
          },
          {
            "word": "00101000",
            "code": "11111111000101000",
            "weightExponent": 17,
            "status": "Accepted",
            "items": [],
            "cost": 150
          },
          {
            "word": "00101001",
            "code": "11111111000101001",
            "weightExponent": 17,
            "status": "Accepted",
            "items": [],
            "cost": 147
          },
          {
            "word": "00101010",
            "code": "11111111000101010",
            "weightExponent": 17,
            "status": "Accepted",
            "items": [],
            "cost": 93
          },
          {
            "word": "00101011",
            "code": "11111111000101011",
            "weightExponent": 17,
            "status": "Accepted",
            "items": [],
            "cost": 90
          },
          {
            "word": "00101100",
            "code": "11111111000101100",
            "weightExponent": 17,
            "status": "Accepted",
            "items": [],
            "cost": 120
          },
          {
            "word": "00101101",
            "code": "11111111000101101",
            "weightExponent": 17,
            "status": "Accepted",
            "items": [],
            "cost": 90
          },
          {
            "word": "00101110",
            "code": "11111111000101110",
            "weightExponent": 17,
            "status": "Accepted",
            "items": [],
            "cost": 90
          },
          {
            "word": "00101111",
            "code": "11111111000101111",
            "weightExponent": 17,
            "status": "Accepted",
            "items": [],
            "cost": 87
          },
          {
            "word": "00110000",
            "code": "11111111000110000",
            "weightExponent": 17,
            "status": "Accepted",
            "items": [],
            "cost": 201
          },
          {
            "word": "00110001",
            "code": "11111111000110001",
            "weightExponent": 17,
            "status": "Accepted",
            "items": [],
            "cost": 162
          },
          {
            "word": "00110010",
            "code": "11111111000110010",
            "weightExponent": 17,
            "status": "Accepted",
            "items": [],
            "cost": 120
          },
          {
            "word": "00110011",
            "code": "11111111000110011",
            "weightExponent": 17,
            "status": "Accepted",
            "items": [],
            "cost": 111
          },
          {
            "word": "00110100",
            "code": "11111111000110100",
            "weightExponent": 17,
            "status": "Accepted",
            "items": [],
            "cost": 156
          },
          {
            "word": "00110101",
            "code": "11111111000110101",
            "weightExponent": 17,
            "status": "RejectedNonBitOutput",
            "items": [
              "<non-bit>"
            ],
            "cost": 185
          },
          {
            "word": "00110110",
            "code": "11111111000110110",
            "weightExponent": 17,
            "status": "Accepted",
            "items": [],
            "cost": 117
          },
          {
            "word": "00110111",
            "code": "11111111000110111",
            "weightExponent": 17,
            "status": "Accepted",
            "items": [],
            "cost": 108
          },
          {
            "word": "00111000",
            "code": "11111111000111000",
            "weightExponent": 17,
            "status": "Accepted",
            "items": [],
            "cost": 135
          },
          {
            "word": "00111001",
            "code": "11111111000111001",
            "weightExponent": 17,
            "status": "Accepted",
            "items": [],
            "cost": 132
          },
          {
            "word": "00111010",
            "code": "11111111000111010",
            "weightExponent": 17,
            "status": "Accepted",
            "items": [],
            "cost": 93
          },
          {
            "word": "00111011",
            "code": "11111111000111011",
            "weightExponent": 17,
            "status": "Accepted",
            "items": [],
            "cost": 90
          },
          {
            "word": "00111100",
            "code": "11111111000111100",
            "weightExponent": 17,
            "status": "Accepted",
            "items": [],
            "cost": 120
          },
          {
            "word": "00111101",
            "code": "11111111000111101",
            "weightExponent": 17,
            "status": "Accepted",
            "items": [],
            "cost": 90
          },
          {
            "word": "00111110",
            "code": "11111111000111110",
            "weightExponent": 17,
            "status": "Accepted",
            "items": [],
            "cost": 90
          },
          {
            "word": "00111111",
            "code": "11111111000111111",
            "weightExponent": 17,
            "status": "Accepted",
            "items": [],
            "cost": 87
          },
          {
            "word": "01000000",
            "code": "11111111001000000",
            "weightExponent": 17,
            "status": "Accepted",
            "items": [],
            "cost": 171
          },
          {
            "word": "01000001",
            "code": "11111111001000001",
            "weightExponent": 17,
            "status": "Accepted",
            "items": [],
            "cost": 156
          },
          {
            "word": "01000010",
            "code": "11111111001000010",
            "weightExponent": 17,
            "status": "Accepted",
            "items": [],
            "cost": 120
          },
          {
            "word": "01000011",
            "code": "11111111001000011",
            "weightExponent": 17,
            "status": "Accepted",
            "items": [],
            "cost": 117
          },
          {
            "word": "01000100",
            "code": "11111111001000100",
            "weightExponent": 17,
            "status": "Accepted",
            "items": [
              "0",
              "0"
            ],
            "cost": 196
          },
          {
            "word": "01000101",
            "code": "11111111001000101",
            "weightExponent": 17,
            "status": "Accepted",
            "items": [
              "0",
              "0"
            ],
            "cost": 196
          },
          {
            "word": "01000110",
            "code": "11111111001000110",
            "weightExponent": 17,
            "status": "Accepted",
            "items": [],
            "cost": 117
          },
          {
            "word": "01000111",
            "code": "11111111001000111",
            "weightExponent": 17,
            "status": "Accepted",
            "items": [],
            "cost": 114
          },
          {
            "word": "01001000",
            "code": "11111111001001000",
            "weightExponent": 17,
            "status": "Accepted",
            "items": [],
            "cost": 132
          },
          {
            "word": "01001001",
            "code": "11111111001001001",
            "weightExponent": 17,
            "status": "Accepted",
            "items": [],
            "cost": 129
          },
          {
            "word": "01001010",
            "code": "11111111001001010",
            "weightExponent": 17,
            "status": "Accepted",
            "items": [],
            "cost": 75
          },
          {
            "word": "01001011",
            "code": "11111111001001011",
            "weightExponent": 17,
            "status": "Accepted",
            "items": [],
            "cost": 72
          },
          {
            "word": "01001100",
            "code": "11111111001001100",
            "weightExponent": 17,
            "status": "Accepted",
            "items": [],
            "cost": 102
          },
          {
            "word": "01001101",
            "code": "11111111001001101",
            "weightExponent": 17,
            "status": "Accepted",
            "items": [],
            "cost": 72
          },
          {
            "word": "01001110",
            "code": "11111111001001110",
            "weightExponent": 17,
            "status": "Accepted",
            "items": [],
            "cost": 72
          },
          {
            "word": "01001111",
            "code": "11111111001001111",
            "weightExponent": 17,
            "status": "Accepted",
            "items": [],
            "cost": 69
          },
          {
            "word": "01010000",
            "code": "11111111001010000",
            "weightExponent": 17,
            "status": "Accepted",
            "items": [],
            "cost": 183
          },
          {
            "word": "01010001",
            "code": "11111111001010001",
            "weightExponent": 17,
            "status": "Accepted",
            "items": [],
            "cost": 144
          },
          {
            "word": "01010010",
            "code": "11111111001010010",
            "weightExponent": 17,
            "status": "Accepted",
            "items": [],
            "cost": 102
          },
          {
            "word": "01010011",
            "code": "11111111001010011",
            "weightExponent": 17,
            "status": "Accepted",
            "items": [],
            "cost": 93
          },
          {
            "word": "01010100",
            "code": "11111111001010100",
            "weightExponent": 17,
            "status": "Accepted",
            "items": [],
            "cost": 138
          },
          {
            "word": "01010101",
            "code": "11111111001010101",
            "weightExponent": 17,
            "status": "RejectedNonBitOutput",
            "items": [
              "<non-bit>"
            ],
            "cost": 167
          },
          {
            "word": "01010110",
            "code": "11111111001010110",
            "weightExponent": 17,
            "status": "Accepted",
            "items": [],
            "cost": 99
          },
          {
            "word": "01010111",
            "code": "11111111001010111",
            "weightExponent": 17,
            "status": "Accepted",
            "items": [],
            "cost": 90
          },
          {
            "word": "01011000",
            "code": "11111111001011000",
            "weightExponent": 17,
            "status": "Accepted",
            "items": [],
            "cost": 117
          },
          {
            "word": "01011001",
            "code": "11111111001011001",
            "weightExponent": 17,
            "status": "Accepted",
            "items": [],
            "cost": 114
          },
          {
            "word": "01011010",
            "code": "11111111001011010",
            "weightExponent": 17,
            "status": "Accepted",
            "items": [],
            "cost": 75
          },
          {
            "word": "01011011",
            "code": "11111111001011011",
            "weightExponent": 17,
            "status": "Accepted",
            "items": [],
            "cost": 72
          },
          {
            "word": "01011100",
            "code": "11111111001011100",
            "weightExponent": 17,
            "status": "Accepted",
            "items": [],
            "cost": 102
          },
          {
            "word": "01011101",
            "code": "11111111001011101",
            "weightExponent": 17,
            "status": "Accepted",
            "items": [],
            "cost": 72
          },
          {
            "word": "01011110",
            "code": "11111111001011110",
            "weightExponent": 17,
            "status": "Accepted",
            "items": [],
            "cost": 72
          },
          {
            "word": "01011111",
            "code": "11111111001011111",
            "weightExponent": 17,
            "status": "Accepted",
            "items": [],
            "cost": 69
          },
          {
            "word": "01100000",
            "code": "11111111001100000",
            "weightExponent": 17,
            "status": "Accepted",
            "items": [],
            "cost": 171
          },
          {
            "word": "01100001",
            "code": "11111111001100001",
            "weightExponent": 17,
            "status": "Accepted",
            "items": [],
            "cost": 156
          },
          {
            "word": "01100010",
            "code": "11111111001100010",
            "weightExponent": 17,
            "status": "Accepted",
            "items": [],
            "cost": 120
          },
          {
            "word": "01100011",
            "code": "11111111001100011",
            "weightExponent": 17,
            "status": "Accepted",
            "items": [],
            "cost": 117
          },
          {
            "word": "01100100",
            "code": "11111111001100100",
            "weightExponent": 17,
            "status": "Accepted",
            "items": [
              "0",
              "0"
            ],
            "cost": 196
          },
          {
            "word": "01100101",
            "code": "11111111001100101",
            "weightExponent": 17,
            "status": "Accepted",
            "items": [
              "0",
              "0"
            ],
            "cost": 196
          },
          {
            "word": "01100110",
            "code": "11111111001100110",
            "weightExponent": 17,
            "status": "Accepted",
            "items": [],
            "cost": 117
          },
          {
            "word": "01100111",
            "code": "11111111001100111",
            "weightExponent": 17,
            "status": "Accepted",
            "items": [],
            "cost": 114
          },
          {
            "word": "01101000",
            "code": "11111111001101000",
            "weightExponent": 17,
            "status": "Accepted",
            "items": [],
            "cost": 132
          },
          {
            "word": "01101001",
            "code": "11111111001101001",
            "weightExponent": 17,
            "status": "Accepted",
            "items": [],
            "cost": 129
          },
          {
            "word": "01101010",
            "code": "11111111001101010",
            "weightExponent": 17,
            "status": "Accepted",
            "items": [],
            "cost": 75
          },
          {
            "word": "01101011",
            "code": "11111111001101011",
            "weightExponent": 17,
            "status": "Accepted",
            "items": [],
            "cost": 72
          },
          {
            "word": "01101100",
            "code": "11111111001101100",
            "weightExponent": 17,
            "status": "Accepted",
            "items": [],
            "cost": 102
          },
          {
            "word": "01101101",
            "code": "11111111001101101",
            "weightExponent": 17,
            "status": "Accepted",
            "items": [],
            "cost": 72
          },
          {
            "word": "01101110",
            "code": "11111111001101110",
            "weightExponent": 17,
            "status": "Accepted",
            "items": [],
            "cost": 72
          },
          {
            "word": "01101111",
            "code": "11111111001101111",
            "weightExponent": 17,
            "status": "Accepted",
            "items": [],
            "cost": 69
          },
          {
            "word": "01110000",
            "code": "11111111001110000",
            "weightExponent": 17,
            "status": "Accepted",
            "items": [],
            "cost": 183
          },
          {
            "word": "01110001",
            "code": "11111111001110001",
            "weightExponent": 17,
            "status": "Accepted",
            "items": [],
            "cost": 144
          },
          {
            "word": "01110010",
            "code": "11111111001110010",
            "weightExponent": 17,
            "status": "Accepted",
            "items": [],
            "cost": 102
          },
          {
            "word": "01110011",
            "code": "11111111001110011",
            "weightExponent": 17,
            "status": "Accepted",
            "items": [],
            "cost": 93
          },
          {
            "word": "01110100",
            "code": "11111111001110100",
            "weightExponent": 17,
            "status": "Accepted",
            "items": [],
            "cost": 138
          },
          {
            "word": "01110101",
            "code": "11111111001110101",
            "weightExponent": 17,
            "status": "RejectedNonBitOutput",
            "items": [
              "<non-bit>"
            ],
            "cost": 167
          },
          {
            "word": "01110110",
            "code": "11111111001110110",
            "weightExponent": 17,
            "status": "Accepted",
            "items": [],
            "cost": 99
          },
          {
            "word": "01110111",
            "code": "11111111001110111",
            "weightExponent": 17,
            "status": "Accepted",
            "items": [],
            "cost": 90
          },
          {
            "word": "01111000",
            "code": "11111111001111000",
            "weightExponent": 17,
            "status": "Accepted",
            "items": [],
            "cost": 117
          },
          {
            "word": "01111001",
            "code": "11111111001111001",
            "weightExponent": 17,
            "status": "Accepted",
            "items": [],
            "cost": 114
          },
          {
            "word": "01111010",
            "code": "11111111001111010",
            "weightExponent": 17,
            "status": "Accepted",
            "items": [],
            "cost": 75
          },
          {
            "word": "01111011",
            "code": "11111111001111011",
            "weightExponent": 17,
            "status": "Accepted",
            "items": [],
            "cost": 72
          },
          {
            "word": "01111100",
            "code": "11111111001111100",
            "weightExponent": 17,
            "status": "Accepted",
            "items": [],
            "cost": 102
          },
          {
            "word": "01111101",
            "code": "11111111001111101",
            "weightExponent": 17,
            "status": "Accepted",
            "items": [],
            "cost": 72
          },
          {
            "word": "01111110",
            "code": "11111111001111110",
            "weightExponent": 17,
            "status": "Accepted",
            "items": [],
            "cost": 72
          },
          {
            "word": "01111111",
            "code": "11111111001111111",
            "weightExponent": 17,
            "status": "Accepted",
            "items": [],
            "cost": 69
          },
          {
            "word": "10000000",
            "code": "11111111010000000",
            "weightExponent": 17,
            "status": "Accepted",
            "items": [],
            "cost": 165
          },
          {
            "word": "10000001",
            "code": "11111111010000001",
            "weightExponent": 17,
            "status": "RejectedNonBitOutput",
            "items": [
              "<non-bit>"
            ],
            "cost": 194
          },
          {
            "word": "10000010",
            "code": "11111111010000010",
            "weightExponent": 17,
            "status": "Accepted",
            "items": [],
            "cost": 138
          },
          {
            "word": "10000011",
            "code": "11111111010000011",
            "weightExponent": 17,
            "status": "Accepted",
            "items": [],
            "cost": 135
          },
          {
            "word": "10000100",
            "code": "11111111010000100",
            "weightExponent": 17,
            "status": "Accepted",
            "items": [],
            "cost": 135
          },
          {
            "word": "10000101",
            "code": "11111111010000101",
            "weightExponent": 17,
            "status": "Accepted",
            "items": [],
            "cost": 132
          },
          {
            "word": "10000110",
            "code": "11111111010000110",
            "weightExponent": 17,
            "status": "Accepted",
            "items": [],
            "cost": 135
          },
          {
            "word": "10000111",
            "code": "11111111010000111",
            "weightExponent": 17,
            "status": "Accepted",
            "items": [],
            "cost": 132
          },
          {
            "word": "10001000",
            "code": "11111111010001000",
            "weightExponent": 17,
            "status": "Accepted",
            "items": [],
            "cost": 159
          },
          {
            "word": "10001001",
            "code": "11111111010001001",
            "weightExponent": 17,
            "status": "Accepted",
            "items": [],
            "cost": 156
          },
          {
            "word": "10001010",
            "code": "11111111010001010",
            "weightExponent": 17,
            "status": "Accepted",
            "items": [],
            "cost": 111
          },
          {
            "word": "10001011",
            "code": "11111111010001011",
            "weightExponent": 17,
            "status": "Accepted",
            "items": [],
            "cost": 108
          },
          {
            "word": "10001100",
            "code": "11111111010001100",
            "weightExponent": 17,
            "status": "Accepted",
            "items": [],
            "cost": 138
          },
          {
            "word": "10001101",
            "code": "11111111010001101",
            "weightExponent": 17,
            "status": "Accepted",
            "items": [],
            "cost": 108
          },
          {
            "word": "10001110",
            "code": "11111111010001110",
            "weightExponent": 17,
            "status": "Accepted",
            "items": [],
            "cost": 108
          },
          {
            "word": "10001111",
            "code": "11111111010001111",
            "weightExponent": 17,
            "status": "Accepted",
            "items": [],
            "cost": 105
          },
          {
            "word": "10010000",
            "code": "11111111010010000",
            "weightExponent": 17,
            "status": "Accepted",
            "items": [],
            "cost": 165
          },
          {
            "word": "10010001",
            "code": "11111111010010001",
            "weightExponent": 17,
            "status": "Accepted",
            "items": [],
            "cost": 150
          },
          {
            "word": "10010010",
            "code": "11111111010010010",
            "weightExponent": 17,
            "status": "Accepted",
            "items": [],
            "cost": 108
          },
          {
            "word": "10010011",
            "code": "11111111010010011",
            "weightExponent": 17,
            "status": "Accepted",
            "items": [],
            "cost": 105
          },
          {
            "word": "10010100",
            "code": "11111111010010100",
            "weightExponent": 17,
            "status": "Accepted",
            "items": [],
            "cost": 135
          },
          {
            "word": "10010101",
            "code": "11111111010010101",
            "weightExponent": 17,
            "status": "Accepted",
            "items": [],
            "cost": 105
          },
          {
            "word": "10010110",
            "code": "11111111010010110",
            "weightExponent": 17,
            "status": "Accepted",
            "items": [],
            "cost": 105
          },
          {
            "word": "10010111",
            "code": "11111111010010111",
            "weightExponent": 17,
            "status": "Accepted",
            "items": [],
            "cost": 102
          },
          {
            "word": "10011000",
            "code": "11111111010011000",
            "weightExponent": 17,
            "status": "Accepted",
            "items": [],
            "cost": 138
          },
          {
            "word": "10011001",
            "code": "11111111010011001",
            "weightExponent": 17,
            "status": "Accepted",
            "items": [],
            "cost": 135
          },
          {
            "word": "10011010",
            "code": "11111111010011010",
            "weightExponent": 17,
            "status": "Accepted",
            "items": [],
            "cost": 108
          },
          {
            "word": "10011011",
            "code": "11111111010011011",
            "weightExponent": 17,
            "status": "Accepted",
            "items": [],
            "cost": 105
          },
          {
            "word": "10011100",
            "code": "11111111010011100",
            "weightExponent": 17,
            "status": "Accepted",
            "items": [],
            "cost": 135
          },
          {
            "word": "10011101",
            "code": "11111111010011101",
            "weightExponent": 17,
            "status": "Accepted",
            "items": [],
            "cost": 105
          },
          {
            "word": "10011110",
            "code": "11111111010011110",
            "weightExponent": 17,
            "status": "Accepted",
            "items": [],
            "cost": 105
          },
          {
            "word": "10011111",
            "code": "11111111010011111",
            "weightExponent": 17,
            "status": "Accepted",
            "items": [],
            "cost": 102
          },
          {
            "word": "10100000",
            "code": "11111111010100000",
            "weightExponent": 17,
            "status": "Accepted",
            "items": [],
            "cost": 183
          },
          {
            "word": "10100001",
            "code": "11111111010100001",
            "weightExponent": 17,
            "status": "Accepted",
            "items": [],
            "cost": 153
          },
          {
            "word": "10100010",
            "code": "11111111010100010",
            "weightExponent": 17,
            "status": "Accepted",
            "items": [],
            "cost": 126
          },
          {
            "word": "10100011",
            "code": "11111111010100011",
            "weightExponent": 17,
            "status": "Accepted",
            "items": [],
            "cost": 126
          },
          {
            "word": "10100100",
            "code": "11111111010100100",
            "weightExponent": 17,
            "status": "Accepted",
            "items": [],
            "cost": 156
          },
          {
            "word": "10100101",
            "code": "11111111010100101",
            "weightExponent": 17,
            "status": "Accepted",
            "items": [],
            "cost": 126
          },
          {
            "word": "10100110",
            "code": "11111111010100110",
            "weightExponent": 17,
            "status": "Accepted",
            "items": [],
            "cost": 123
          },
          {
            "word": "10100111",
            "code": "11111111010100111",
            "weightExponent": 17,
            "status": "Accepted",
            "items": [],
            "cost": 123
          },
          {
            "word": "10101000",
            "code": "11111111010101000",
            "weightExponent": 17,
            "status": "Accepted",
            "items": [
              "0"
            ],
            "cost": 179
          },
          {
            "word": "10101001",
            "code": "11111111010101001",
            "weightExponent": 17,
            "status": "Accepted",
            "items": [],
            "cost": 141
          },
          {
            "word": "10101010",
            "code": "11111111010101010",
            "weightExponent": 17,
            "status": "Accepted",
            "items": [],
            "cost": 78
          },
          {
            "word": "10101011",
            "code": "11111111010101011",
            "weightExponent": 17,
            "status": "Accepted",
            "items": [],
            "cost": 75
          },
          {
            "word": "10101100",
            "code": "11111111010101100",
            "weightExponent": 17,
            "status": "Accepted",
            "items": [],
            "cost": 105
          },
          {
            "word": "10101101",
            "code": "11111111010101101",
            "weightExponent": 17,
            "status": "Accepted",
            "items": [],
            "cost": 75
          },
          {
            "word": "10101110",
            "code": "11111111010101110",
            "weightExponent": 17,
            "status": "Accepted",
            "items": [],
            "cost": 75
          },
          {
            "word": "10101111",
            "code": "11111111010101111",
            "weightExponent": 17,
            "status": "Accepted",
            "items": [],
            "cost": 72
          },
          {
            "word": "10110000",
            "code": "11111111010110000",
            "weightExponent": 17,
            "status": "Accepted",
            "items": [],
            "cost": 153
          },
          {
            "word": "10110001",
            "code": "11111111010110001",
            "weightExponent": 17,
            "status": "RejectedNonBitOutput",
            "items": [
              "<non-bit>"
            ],
            "cost": 182
          },
          {
            "word": "10110010",
            "code": "11111111010110010",
            "weightExponent": 17,
            "status": "Accepted",
            "items": [],
            "cost": 105
          },
          {
            "word": "10110011",
            "code": "11111111010110011",
            "weightExponent": 17,
            "status": "Accepted",
            "items": [],
            "cost": 102
          },
          {
            "word": "10110100",
            "code": "11111111010110100",
            "weightExponent": 17,
            "status": "Accepted",
            "items": [],
            "cost": 126
          },
          {
            "word": "10110101",
            "code": "11111111010110101",
            "weightExponent": 17,
            "status": "Accepted",
            "items": [],
            "cost": 75
          },
          {
            "word": "10110110",
            "code": "11111111010110110",
            "weightExponent": 17,
            "status": "Accepted",
            "items": [],
            "cost": 75
          },
          {
            "word": "10110111",
            "code": "11111111010110111",
            "weightExponent": 17,
            "status": "Accepted",
            "items": [],
            "cost": 72
          },
          {
            "word": "10111000",
            "code": "11111111010111000",
            "weightExponent": 17,
            "status": "Accepted",
            "items": [],
            "cost": 120
          },
          {
            "word": "10111001",
            "code": "11111111010111001",
            "weightExponent": 17,
            "status": "Accepted",
            "items": [],
            "cost": 102
          },
          {
            "word": "10111010",
            "code": "11111111010111010",
            "weightExponent": 17,
            "status": "Accepted",
            "items": [],
            "cost": 75
          },
          {
            "word": "10111011",
            "code": "11111111010111011",
            "weightExponent": 17,
            "status": "Accepted",
            "items": [],
            "cost": 72
          },
          {
            "word": "10111100",
            "code": "11111111010111100",
            "weightExponent": 17,
            "status": "Accepted",
            "items": [],
            "cost": 102
          },
          {
            "word": "10111101",
            "code": "11111111010111101",
            "weightExponent": 17,
            "status": "Accepted",
            "items": [],
            "cost": 72
          },
          {
            "word": "10111110",
            "code": "11111111010111110",
            "weightExponent": 17,
            "status": "Accepted",
            "items": [],
            "cost": 72
          },
          {
            "word": "10111111",
            "code": "11111111010111111",
            "weightExponent": 17,
            "status": "Accepted",
            "items": [],
            "cost": 69
          },
          {
            "word": "11000000",
            "code": "11111111011000000",
            "weightExponent": 17,
            "status": "Accepted",
            "items": [],
            "cost": 174
          },
          {
            "word": "11000001",
            "code": "11111111011000001",
            "weightExponent": 17,
            "status": "Accepted",
            "items": [],
            "cost": 159
          },
          {
            "word": "11000010",
            "code": "11111111011000010",
            "weightExponent": 17,
            "status": "Accepted",
            "items": [],
            "cost": 135
          },
          {
            "word": "11000011",
            "code": "11111111011000011",
            "weightExponent": 17,
            "status": "Accepted",
            "items": [],
            "cost": 135
          },
          {
            "word": "11000100",
            "code": "11111111011000100",
            "weightExponent": 17,
            "status": "Accepted",
            "items": [],
            "cost": 117
          },
          {
            "word": "11000101",
            "code": "11111111011000101",
            "weightExponent": 17,
            "status": "Accepted",
            "items": [],
            "cost": 117
          },
          {
            "word": "11000110",
            "code": "11111111011000110",
            "weightExponent": 17,
            "status": "Accepted",
            "items": [],
            "cost": 117
          },
          {
            "word": "11000111",
            "code": "11111111011000111",
            "weightExponent": 17,
            "status": "Accepted",
            "items": [],
            "cost": 117
          },
          {
            "word": "11001000",
            "code": "11111111011001000",
            "weightExponent": 17,
            "status": "Accepted",
            "items": [],
            "cost": 153
          },
          {
            "word": "11001001",
            "code": "11111111011001001",
            "weightExponent": 17,
            "status": "RejectedNonBitOutput",
            "items": [
              "<non-bit>"
            ],
            "cost": 182
          },
          {
            "word": "11001010",
            "code": "11111111011001010",
            "weightExponent": 17,
            "status": "Accepted",
            "items": [],
            "cost": 105
          },
          {
            "word": "11001011",
            "code": "11111111011001011",
            "weightExponent": 17,
            "status": "Accepted",
            "items": [],
            "cost": 102
          },
          {
            "word": "11001100",
            "code": "11111111011001100",
            "weightExponent": 17,
            "status": "Accepted",
            "items": [],
            "cost": 132
          },
          {
            "word": "11001101",
            "code": "11111111011001101",
            "weightExponent": 17,
            "status": "Accepted",
            "items": [],
            "cost": 102
          },
          {
            "word": "11001110",
            "code": "11111111011001110",
            "weightExponent": 17,
            "status": "Accepted",
            "items": [],
            "cost": 102
          },
          {
            "word": "11001111",
            "code": "11111111011001111",
            "weightExponent": 17,
            "status": "Accepted",
            "items": [],
            "cost": 99
          },
          {
            "word": "11010000",
            "code": "11111111011010000",
            "weightExponent": 17,
            "status": "Accepted",
            "items": [],
            "cost": 147
          },
          {
            "word": "11010001",
            "code": "11111111011010001",
            "weightExponent": 17,
            "status": "RejectedNonBitOutput",
            "items": [
              "<non-bit>"
            ],
            "cost": 176
          },
          {
            "word": "11010010",
            "code": "11111111011010010",
            "weightExponent": 17,
            "status": "Accepted",
            "items": [],
            "cost": 126
          },
          {
            "word": "11010011",
            "code": "11111111011010011",
            "weightExponent": 17,
            "status": "Accepted",
            "items": [],
            "cost": 123
          },
          {
            "word": "11010100",
            "code": "11111111011010100",
            "weightExponent": 17,
            "status": "Accepted",
            "items": [],
            "cost": 147
          },
          {
            "word": "11010101",
            "code": "11111111011010101",
            "weightExponent": 17,
            "status": "Accepted",
            "items": [],
            "cost": 75
          },
          {
            "word": "11010110",
            "code": "11111111011010110",
            "weightExponent": 17,
            "status": "Accepted",
            "items": [],
            "cost": 75
          },
          {
            "word": "11010111",
            "code": "11111111011010111",
            "weightExponent": 17,
            "status": "Accepted",
            "items": [],
            "cost": 72
          },
          {
            "word": "11011000",
            "code": "11111111011011000",
            "weightExponent": 17,
            "status": "Accepted",
            "items": [],
            "cost": 147
          },
          {
            "word": "11011001",
            "code": "11111111011011001",
            "weightExponent": 17,
            "status": "Accepted",
            "items": [],
            "cost": 102
          },
          {
            "word": "11011010",
            "code": "11111111011011010",
            "weightExponent": 17,
            "status": "Accepted",
            "items": [],
            "cost": 75
          },
          {
            "word": "11011011",
            "code": "11111111011011011",
            "weightExponent": 17,
            "status": "Accepted",
            "items": [],
            "cost": 72
          },
          {
            "word": "11011100",
            "code": "11111111011011100",
            "weightExponent": 17,
            "status": "Accepted",
            "items": [],
            "cost": 102
          },
          {
            "word": "11011101",
            "code": "11111111011011101",
            "weightExponent": 17,
            "status": "Accepted",
            "items": [],
            "cost": 72
          },
          {
            "word": "11011110",
            "code": "11111111011011110",
            "weightExponent": 17,
            "status": "Accepted",
            "items": [],
            "cost": 72
          },
          {
            "word": "11011111",
            "code": "11111111011011111",
            "weightExponent": 17,
            "status": "Accepted",
            "items": [],
            "cost": 69
          },
          {
            "word": "11100000",
            "code": "11111111011100000",
            "weightExponent": 17,
            "status": "Accepted",
            "items": [],
            "cost": 153
          },
          {
            "word": "11100001",
            "code": "11111111011100001",
            "weightExponent": 17,
            "status": "RejectedNonBitOutput",
            "items": [
              "<non-bit>"
            ],
            "cost": 182
          },
          {
            "word": "11100010",
            "code": "11111111011100010",
            "weightExponent": 17,
            "status": "Accepted",
            "items": [],
            "cost": 120
          },
          {
            "word": "11100011",
            "code": "11111111011100011",
            "weightExponent": 17,
            "status": "Accepted",
            "items": [],
            "cost": 117
          },
          {
            "word": "11100100",
            "code": "11111111011100100",
            "weightExponent": 17,
            "status": "Accepted",
            "items": [],
            "cost": 147
          },
          {
            "word": "11100101",
            "code": "11111111011100101",
            "weightExponent": 17,
            "status": "Accepted",
            "items": [],
            "cost": 102
          },
          {
            "word": "11100110",
            "code": "11111111011100110",
            "weightExponent": 17,
            "status": "Accepted",
            "items": [],
            "cost": 102
          },
          {
            "word": "11100111",
            "code": "11111111011100111",
            "weightExponent": 17,
            "status": "Accepted",
            "items": [],
            "cost": 99
          },
          {
            "word": "11101000",
            "code": "11111111011101000",
            "weightExponent": 17,
            "status": "Accepted",
            "items": [],
            "cost": 132
          },
          {
            "word": "11101001",
            "code": "11111111011101001",
            "weightExponent": 17,
            "status": "Accepted",
            "items": [],
            "cost": 123
          },
          {
            "word": "11101010",
            "code": "11111111011101010",
            "weightExponent": 17,
            "status": "Accepted",
            "items": [],
            "cost": 75
          },
          {
            "word": "11101011",
            "code": "11111111011101011",
            "weightExponent": 17,
            "status": "Accepted",
            "items": [],
            "cost": 72
          },
          {
            "word": "11101100",
            "code": "11111111011101100",
            "weightExponent": 17,
            "status": "Accepted",
            "items": [],
            "cost": 102
          },
          {
            "word": "11101101",
            "code": "11111111011101101",
            "weightExponent": 17,
            "status": "Accepted",
            "items": [],
            "cost": 72
          },
          {
            "word": "11101110",
            "code": "11111111011101110",
            "weightExponent": 17,
            "status": "Accepted",
            "items": [],
            "cost": 72
          },
          {
            "word": "11101111",
            "code": "11111111011101111",
            "weightExponent": 17,
            "status": "Accepted",
            "items": [],
            "cost": 69
          },
          {
            "word": "11110000",
            "code": "11111111011110000",
            "weightExponent": 17,
            "status": "Accepted",
            "items": [],
            "cost": 147
          },
          {
            "word": "11110001",
            "code": "11111111011110001",
            "weightExponent": 17,
            "status": "Accepted",
            "items": [],
            "cost": 117
          },
          {
            "word": "11110010",
            "code": "11111111011110010",
            "weightExponent": 17,
            "status": "Accepted",
            "items": [],
            "cost": 102
          },
          {
            "word": "11110011",
            "code": "11111111011110011",
            "weightExponent": 17,
            "status": "Accepted",
            "items": [],
            "cost": 99
          },
          {
            "word": "11110100",
            "code": "11111111011110100",
            "weightExponent": 17,
            "status": "Accepted",
            "items": [],
            "cost": 123
          },
          {
            "word": "11110101",
            "code": "11111111011110101",
            "weightExponent": 17,
            "status": "Accepted",
            "items": [],
            "cost": 72
          },
          {
            "word": "11110110",
            "code": "11111111011110110",
            "weightExponent": 17,
            "status": "Accepted",
            "items": [],
            "cost": 72
          },
          {
            "word": "11110111",
            "code": "11111111011110111",
            "weightExponent": 17,
            "status": "Accepted",
            "items": [],
            "cost": 69
          },
          {
            "word": "11111000",
            "code": "11111111011111000",
            "weightExponent": 17,
            "status": "Accepted",
            "items": [],
            "cost": 117
          },
          {
            "word": "11111001",
            "code": "11111111011111001",
            "weightExponent": 17,
            "status": "Accepted",
            "items": [],
            "cost": 99
          },
          {
            "word": "11111010",
            "code": "11111111011111010",
            "weightExponent": 17,
            "status": "Accepted",
            "items": [],
            "cost": 72
          },
          {
            "word": "11111011",
            "code": "11111111011111011",
            "weightExponent": 17,
            "status": "Accepted",
            "items": [],
            "cost": 69
          },
          {
            "word": "11111100",
            "code": "11111111011111100",
            "weightExponent": 17,
            "status": "Accepted",
            "items": [],
            "cost": 99
          },
          {
            "word": "11111101",
            "code": "11111111011111101",
            "weightExponent": 17,
            "status": "Accepted",
            "items": [],
            "cost": 69
          },
          {
            "word": "11111110",
            "code": "11111111011111110",
            "weightExponent": 17,
            "status": "Accepted",
            "items": [],
            "cost": 69
          },
          {
            "word": "11111111",
            "code": "11111111011111111",
            "weightExponent": 17,
            "status": "Accepted",
            "items": [],
            "cost": 66
          },
          {
            "word": "000000000",
            "code": "1111111110000000000",
            "weightExponent": 19,
            "status": "Accepted",
            "items": [],
            "cost": 235
          },
          {
            "word": "000000001",
            "code": "1111111110000000001",
            "weightExponent": 19,
            "status": "RejectedNonBitOutput",
            "items": [
              "<non-bit>"
            ],
            "cost": 249
          },
          {
            "word": "000000010",
            "code": "1111111110000000010",
            "weightExponent": 19,
            "status": "RejectedNonBitOutput",
            "items": [
              "<non-bit>"
            ],
            "cost": 231
          },
          {
            "word": "000000011",
            "code": "1111111110000000011",
            "weightExponent": 19,
            "status": "RejectedNonBitOutput",
            "items": [
              "<non-bit>"
            ],
            "cost": 231
          },
          {
            "word": "000000100",
            "code": "1111111110000000100",
            "weightExponent": 19,
            "status": "Accepted",
            "items": [
              "1"
            ],
            "cost": 240
          },
          {
            "word": "000000101",
            "code": "1111111110000000101",
            "weightExponent": 19,
            "status": "Accepted",
            "items": [],
            "cost": 172
          },
          {
            "word": "000000110",
            "code": "1111111110000000110",
            "weightExponent": 19,
            "status": "RejectedTypeError",
            "items": [],
            "cost": 227
          },
          {
            "word": "000000111",
            "code": "1111111110000000111",
            "weightExponent": 19,
            "status": "Accepted",
            "items": [],
            "cost": 172
          },
          {
            "word": "000001000",
            "code": "1111111110000001000",
            "weightExponent": 19,
            "status": "Accepted",
            "items": [
              "1"
            ],
            "cost": 222
          },
          {
            "word": "000001001",
            "code": "1111111110000001001",
            "weightExponent": 19,
            "status": "Accepted",
            "items": [],
            "cost": 154
          },
          {
            "word": "000001010",
            "code": "1111111110000001010",
            "weightExponent": 19,
            "status": "RejectedTypeError",
            "items": [],
            "cost": 209
          },
          {
            "word": "000001011",
            "code": "1111111110000001011",
            "weightExponent": 19,
            "status": "Accepted",
            "items": [],
            "cost": 154
          },
          {
            "word": "000001100",
            "code": "1111111110000001100",
            "weightExponent": 19,
            "status": "Accepted",
            "items": [
              "1"
            ],
            "cost": 222
          },
          {
            "word": "000001101",
            "code": "1111111110000001101",
            "weightExponent": 19,
            "status": "Accepted",
            "items": [],
            "cost": 154
          },
          {
            "word": "000001110",
            "code": "1111111110000001110",
            "weightExponent": 19,
            "status": "RejectedTypeError",
            "items": [],
            "cost": 209
          },
          {
            "word": "000001111",
            "code": "1111111110000001111",
            "weightExponent": 19,
            "status": "Accepted",
            "items": [],
            "cost": 154
          },
          {
            "word": "000010000",
            "code": "1111111110000010000",
            "weightExponent": 19,
            "status": "Accepted",
            "items": [],
            "cost": 220
          },
          {
            "word": "000010001",
            "code": "1111111110000010001",
            "weightExponent": 19,
            "status": "Accepted",
            "items": [],
            "cost": 181
          },
          {
            "word": "000010010",
            "code": "1111111110000010010",
            "weightExponent": 19,
            "status": "Accepted",
            "items": [],
            "cost": 199
          },
          {
            "word": "000010011",
            "code": "1111111110000010011",
            "weightExponent": 19,
            "status": "Accepted",
            "items": [],
            "cost": 178
          },
          {
            "word": "000010100",
            "code": "1111111110000010100",
            "weightExponent": 19,
            "status": "Accepted",
            "items": [
              "0",
              "0",
              "1"
            ],
            "cost": 265
          },
          {
            "word": "000010101",
            "code": "1111111110000010101",
            "weightExponent": 19,
            "status": "Accepted",
            "items": [],
            "cost": 136
          },
          {
            "word": "000010110",
            "code": "1111111110000010110",
            "weightExponent": 19,
            "status": "Accepted",
            "items": [],
            "cost": 136
          },
          {
            "word": "000010111",
            "code": "1111111110000010111",
            "weightExponent": 19,
            "status": "Accepted",
            "items": [],
            "cost": 133
          },
          {
            "word": "000011000",
            "code": "1111111110000011000",
            "weightExponent": 19,
            "status": "Accepted",
            "items": [],
            "cost": 205
          },
          {
            "word": "000011001",
            "code": "1111111110000011001",
            "weightExponent": 19,
            "status": "Accepted",
            "items": [],
            "cost": 157
          },
          {
            "word": "000011010",
            "code": "1111111110000011010",
            "weightExponent": 19,
            "status": "Accepted",
            "items": [],
            "cost": 199
          },
          {
            "word": "000011011",
            "code": "1111111110000011011",
            "weightExponent": 19,
            "status": "Accepted",
            "items": [],
            "cost": 154
          },
          {
            "word": "000011100",
            "code": "1111111110000011100",
            "weightExponent": 19,
            "status": "Accepted",
            "items": [
              "0",
              "1"
            ],
            "cost": 239
          },
          {
            "word": "000011101",
            "code": "1111111110000011101",
            "weightExponent": 19,
            "status": "Accepted",
            "items": [],
            "cost": 136
          },
          {
            "word": "000011110",
            "code": "1111111110000011110",
            "weightExponent": 19,
            "status": "Accepted",
            "items": [],
            "cost": 136
          },
          {
            "word": "000011111",
            "code": "1111111110000011111",
            "weightExponent": 19,
            "status": "Accepted",
            "items": [],
            "cost": 133
          },
          {
            "word": "000100000",
            "code": "1111111110000100000",
            "weightExponent": 19,
            "status": "Accepted",
            "items": [],
            "cost": 202
          },
          {
            "word": "000100001",
            "code": "1111111110000100001",
            "weightExponent": 19,
            "status": "Accepted",
            "items": [],
            "cost": 163
          },
          {
            "word": "000100010",
            "code": "1111111110000100010",
            "weightExponent": 19,
            "status": "Accepted",
            "items": [],
            "cost": 181
          },
          {
            "word": "000100011",
            "code": "1111111110000100011",
            "weightExponent": 19,
            "status": "Accepted",
            "items": [],
            "cost": 160
          },
          {
            "word": "000100100",
            "code": "1111111110000100100",
            "weightExponent": 19,
            "status": "Accepted",
            "items": [
              "0",
              "0",
              "1"
            ],
            "cost": 247
          },
          {
            "word": "000100101",
            "code": "1111111110000100101",
            "weightExponent": 19,
            "status": "Accepted",
            "items": [],
            "cost": 118
          },
          {
            "word": "000100110",
            "code": "1111111110000100110",
            "weightExponent": 19,
            "status": "Accepted",
            "items": [],
            "cost": 118
          },
          {
            "word": "000100111",
            "code": "1111111110000100111",
            "weightExponent": 19,
            "status": "Accepted",
            "items": [],
            "cost": 115
          },
          {
            "word": "000101000",
            "code": "1111111110000101000",
            "weightExponent": 19,
            "status": "Accepted",
            "items": [],
            "cost": 187
          },
          {
            "word": "000101001",
            "code": "1111111110000101001",
            "weightExponent": 19,
            "status": "Accepted",
            "items": [],
            "cost": 139
          },
          {
            "word": "000101010",
            "code": "1111111110000101010",
            "weightExponent": 19,
            "status": "Accepted",
            "items": [],
            "cost": 181
          },
          {
            "word": "000101011",
            "code": "1111111110000101011",
            "weightExponent": 19,
            "status": "Accepted",
            "items": [],
            "cost": 136
          },
          {
            "word": "000101100",
            "code": "1111111110000101100",
            "weightExponent": 19,
            "status": "Accepted",
            "items": [
              "0",
              "1"
            ],
            "cost": 221
          },
          {
            "word": "000101101",
            "code": "1111111110000101101",
            "weightExponent": 19,
            "status": "Accepted",
            "items": [],
            "cost": 118
          },
          {
            "word": "000101110",
            "code": "1111111110000101110",
            "weightExponent": 19,
            "status": "Accepted",
            "items": [],
            "cost": 118
          },
          {
            "word": "000101111",
            "code": "1111111110000101111",
            "weightExponent": 19,
            "status": "Accepted",
            "items": [],
            "cost": 115
          },
          {
            "word": "000110000",
            "code": "1111111110000110000",
            "weightExponent": 19,
            "status": "Accepted",
            "items": [],
            "cost": 202
          },
          {
            "word": "000110001",
            "code": "1111111110000110001",
            "weightExponent": 19,
            "status": "Accepted",
            "items": [],
            "cost": 163
          },
          {
            "word": "000110010",
            "code": "1111111110000110010",
            "weightExponent": 19,
            "status": "Accepted",
            "items": [],
            "cost": 181
          },
          {
            "word": "000110011",
            "code": "1111111110000110011",
            "weightExponent": 19,
            "status": "Accepted",
            "items": [],
            "cost": 160
          },
          {
            "word": "000110100",
            "code": "1111111110000110100",
            "weightExponent": 19,
            "status": "Accepted",
            "items": [
              "0",
              "0",
              "1"
            ],
            "cost": 247
          },
          {
            "word": "000110101",
            "code": "1111111110000110101",
            "weightExponent": 19,
            "status": "Accepted",
            "items": [],
            "cost": 118
          },
          {
            "word": "000110110",
            "code": "1111111110000110110",
            "weightExponent": 19,
            "status": "Accepted",
            "items": [],
            "cost": 118
          },
          {
            "word": "000110111",
            "code": "1111111110000110111",
            "weightExponent": 19,
            "status": "Accepted",
            "items": [],
            "cost": 115
          },
          {
            "word": "000111000",
            "code": "1111111110000111000",
            "weightExponent": 19,
            "status": "Accepted",
            "items": [],
            "cost": 187
          },
          {
            "word": "000111001",
            "code": "1111111110000111001",
            "weightExponent": 19,
            "status": "Accepted",
            "items": [],
            "cost": 139
          },
          {
            "word": "000111010",
            "code": "1111111110000111010",
            "weightExponent": 19,
            "status": "Accepted",
            "items": [],
            "cost": 181
          },
          {
            "word": "000111011",
            "code": "1111111110000111011",
            "weightExponent": 19,
            "status": "Accepted",
            "items": [],
            "cost": 136
          },
          {
            "word": "000111100",
            "code": "1111111110000111100",
            "weightExponent": 19,
            "status": "Accepted",
            "items": [
              "0",
              "1"
            ],
            "cost": 221
          },
          {
            "word": "000111101",
            "code": "1111111110000111101",
            "weightExponent": 19,
            "status": "Accepted",
            "items": [],
            "cost": 118
          },
          {
            "word": "000111110",
            "code": "1111111110000111110",
            "weightExponent": 19,
            "status": "Accepted",
            "items": [],
            "cost": 118
          },
          {
            "word": "000111111",
            "code": "1111111110000111111",
            "weightExponent": 19,
            "status": "Accepted",
            "items": [],
            "cost": 115
          },
          {
            "word": "001000000",
            "code": "1111111110001000000",
            "weightExponent": 19,
            "status": "Accepted",
            "items": [],
            "cost": 220
          },
          {
            "word": "001000001",
            "code": "1111111110001000001",
            "weightExponent": 19,
            "status": "RejectedNonBitOutput",
            "items": [
              "<non-bit>"
            ],
            "cost": 234
          },
          {
            "word": "001000010",
            "code": "1111111110001000010",
            "weightExponent": 19,
            "status": "RejectedNonBitOutput",
            "items": [
              "<non-bit>"
            ],
            "cost": 216
          },
          {
            "word": "001000011",
            "code": "1111111110001000011",
            "weightExponent": 19,
            "status": "RejectedNonBitOutput",
            "items": [
              "<non-bit>"
            ],
            "cost": 216
          },
          {
            "word": "001000100",
            "code": "1111111110001000100",
            "weightExponent": 19,
            "status": "RejectedTypeError",
            "items": [],
            "cost": 217
          },
          {
            "word": "001000101",
            "code": "1111111110001000101",
            "weightExponent": 19,
            "status": "Accepted",
            "items": [],
            "cost": 145
          },
          {
            "word": "001000110",
            "code": "1111111110001000110",
            "weightExponent": 19,
            "status": "Accepted",
            "items": [],
            "cost": 145
          },
          {
            "word": "001000111",
            "code": "1111111110001000111",
            "weightExponent": 19,
            "status": "Accepted",
            "items": [],
            "cost": 142
          },
          {
            "word": "001001000",
            "code": "1111111110001001000",
            "weightExponent": 19,
            "status": "Accepted",
            "items": [],
            "cost": 172
          },
          {
            "word": "001001001",
            "code": "1111111110001001001",
            "weightExponent": 19,
            "status": "Accepted",
            "items": [],
            "cost": 172
          },
          {
            "word": "001001010",
            "code": "1111111110001001010",
            "weightExponent": 19,
            "status": "Accepted",
            "items": [],
            "cost": 172
          },
          {
            "word": "001001011",
            "code": "1111111110001001011",
            "weightExponent": 19,
            "status": "Accepted",
            "items": [],
            "cost": 172
          },
          {
            "word": "001001100",
            "code": "1111111110001001100",
            "weightExponent": 19,
            "status": "RejectedNonBitOutput",
            "items": [
              "<non-bit>"
            ],
            "cost": 222
          },
          {
            "word": "001001101",
            "code": "1111111110001001101",
            "weightExponent": 19,
            "status": "Accepted",
            "items": [],
            "cost": 142
          },
          {
            "word": "001001110",
            "code": "1111111110001001110",
            "weightExponent": 19,
            "status": "Accepted",
            "items": [],
            "cost": 142
          },
          {
            "word": "001001111",
            "code": "1111111110001001111",
            "weightExponent": 19,
            "status": "Accepted",
            "items": [],
            "cost": 139
          },
          {
            "word": "001010000",
            "code": "1111111110001010000",
            "weightExponent": 19,
            "status": "Accepted",
            "items": [],
            "cost": 214
          },
          {
            "word": "001010001",
            "code": "1111111110001010001",
            "weightExponent": 19,
            "status": "RejectedNonBitOutput",
            "items": [
              "<non-bit>"
            ],
            "cost": 195
          },
          {
            "word": "001010010",
            "code": "1111111110001010010",
            "weightExponent": 19,
            "status": "RejectedNonBitOutput",
            "items": [
              "<non-bit>"
            ],
            "cost": 225
          },
          {
            "word": "001010011",
            "code": "1111111110001010011",
            "weightExponent": 19,
            "status": "RejectedNonBitOutput",
            "items": [
              "<non-bit>"
            ],
            "cost": 192
          },
          {
            "word": "001010100",
            "code": "1111111110001010100",
            "weightExponent": 19,
            "status": "Accepted",
            "items": [
              "0",
              "0",
              "1"
            ],
            "cost": 250
          },
          {
            "word": "001010101",
            "code": "1111111110001010101",
            "weightExponent": 19,
            "status": "Accepted",
            "items": [],
            "cost": 100
          },
          {
            "word": "001010110",
            "code": "1111111110001010110",
            "weightExponent": 19,
            "status": "Accepted",
            "items": [],
            "cost": 100
          },
          {
            "word": "001010111",
            "code": "1111111110001010111",
            "weightExponent": 19,
            "status": "Accepted",
            "items": [],
            "cost": 97
          },
          {
            "word": "001011000",
            "code": "1111111110001011000",
            "weightExponent": 19,
            "status": "Accepted",
            "items": [
              "1"
            ],
            "cost": 210
          },
          {
            "word": "001011001",
            "code": "1111111110001011001",
            "weightExponent": 19,
            "status": "Accepted",
            "items": [],
            "cost": 127
          },
          {
            "word": "001011010",
            "code": "1111111110001011010",
            "weightExponent": 19,
            "status": "Accepted",
            "items": [],
            "cost": 100
          },
          {
            "word": "001011011",
            "code": "1111111110001011011",
            "weightExponent": 19,
            "status": "Accepted",
            "items": [],
            "cost": 97
          },
          {
            "word": "001011100",
            "code": "1111111110001011100",
            "weightExponent": 19,
            "status": "Accepted",
            "items": [],
            "cost": 127
          },
          {
            "word": "001011101",
            "code": "1111111110001011101",
            "weightExponent": 19,
            "status": "Accepted",
            "items": [],
            "cost": 97
          },
          {
            "word": "001011110",
            "code": "1111111110001011110",
            "weightExponent": 19,
            "status": "Accepted",
            "items": [],
            "cost": 97
          },
          {
            "word": "001011111",
            "code": "1111111110001011111",
            "weightExponent": 19,
            "status": "Accepted",
            "items": [],
            "cost": 94
          },
          {
            "word": "001100000",
            "code": "1111111110001100000",
            "weightExponent": 19,
            "status": "Accepted",
            "items": [],
            "cost": 208
          },
          {
            "word": "001100001",
            "code": "1111111110001100001",
            "weightExponent": 19,
            "status": "Accepted",
            "items": [],
            "cost": 205
          },
          {
            "word": "001100010",
            "code": "1111111110001100010",
            "weightExponent": 19,
            "status": "Accepted",
            "items": [],
            "cost": 190
          },
          {
            "word": "001100011",
            "code": "1111111110001100011",
            "weightExponent": 19,
            "status": "Accepted",
            "items": [],
            "cost": 169
          },
          {
            "word": "001100100",
            "code": "1111111110001100100",
            "weightExponent": 19,
            "status": "Accepted",
            "items": [],
            "cost": 193
          },
          {
            "word": "001100101",
            "code": "1111111110001100101",
            "weightExponent": 19,
            "status": "Accepted",
            "items": [],
            "cost": 127
          },
          {
            "word": "001100110",
            "code": "1111111110001100110",
            "weightExponent": 19,
            "status": "Accepted",
            "items": [],
            "cost": 121
          },
          {
            "word": "001100111",
            "code": "1111111110001100111",
            "weightExponent": 19,
            "status": "Accepted",
            "items": [],
            "cost": 118
          },
          {
            "word": "001101000",
            "code": "1111111110001101000",
            "weightExponent": 19,
            "status": "Accepted",
            "items": [],
            "cost": 193
          },
          {
            "word": "001101001",
            "code": "1111111110001101001",
            "weightExponent": 19,
            "status": "Accepted",
            "items": [],
            "cost": 163
          },
          {
            "word": "001101010",
            "code": "1111111110001101010",
            "weightExponent": 19,
            "status": "Accepted",
            "items": [],
            "cost": 160
          },
          {
            "word": "001101011",
            "code": "1111111110001101011",
            "weightExponent": 19,
            "status": "Accepted",
            "items": [],
            "cost": 160
          },
          {
            "word": "001101100",
            "code": "1111111110001101100",
            "weightExponent": 19,
            "status": "Accepted",
            "items": [],
            "cost": 163
          },
          {
            "word": "001101101",
            "code": "1111111110001101101",
            "weightExponent": 19,
            "status": "Accepted",
            "items": [],
            "cost": 124
          },
          {
            "word": "001101110",
            "code": "1111111110001101110",
            "weightExponent": 19,
            "status": "Accepted",
            "items": [],
            "cost": 118
          },
          {
            "word": "001101111",
            "code": "1111111110001101111",
            "weightExponent": 19,
            "status": "Accepted",
            "items": [],
            "cost": 115
          },
          {
            "word": "001110000",
            "code": "1111111110001110000",
            "weightExponent": 19,
            "status": "Accepted",
            "items": [],
            "cost": 199
          },
          {
            "word": "001110001",
            "code": "1111111110001110001",
            "weightExponent": 19,
            "status": "Accepted",
            "items": [],
            "cost": 148
          },
          {
            "word": "001110010",
            "code": "1111111110001110010",
            "weightExponent": 19,
            "status": "Accepted",
            "items": [],
            "cost": 178
          },
          {
            "word": "001110011",
            "code": "1111111110001110011",
            "weightExponent": 19,
            "status": "Accepted",
            "items": [],
            "cost": 145
          },
          {
            "word": "001110100",
            "code": "1111111110001110100",
            "weightExponent": 19,
            "status": "Accepted",
            "items": [
              "0",
              "1"
            ],
            "cost": 224
          },
          {
            "word": "001110101",
            "code": "1111111110001110101",
            "weightExponent": 19,
            "status": "Accepted",
            "items": [],
            "cost": 100
          },
          {
            "word": "001110110",
            "code": "1111111110001110110",
            "weightExponent": 19,
            "status": "Accepted",
            "items": [],
            "cost": 100
          },
          {
            "word": "001110111",
            "code": "1111111110001110111",
            "weightExponent": 19,
            "status": "Accepted",
            "items": [],
            "cost": 97
          },
          {
            "word": "001111000",
            "code": "1111111110001111000",
            "weightExponent": 19,
            "status": "RejectedTypeError",
            "items": [],
            "cost": 197
          },
          {
            "word": "001111001",
            "code": "1111111110001111001",
            "weightExponent": 19,
            "status": "Accepted",
            "items": [],
            "cost": 127
          },
          {
            "word": "001111010",
            "code": "1111111110001111010",
            "weightExponent": 19,
            "status": "Accepted",
            "items": [],
            "cost": 100
          },
          {
            "word": "001111011",
            "code": "1111111110001111011",
            "weightExponent": 19,
            "status": "Accepted",
            "items": [],
            "cost": 97
          },
          {
            "word": "001111100",
            "code": "1111111110001111100",
            "weightExponent": 19,
            "status": "Accepted",
            "items": [],
            "cost": 127
          },
          {
            "word": "001111101",
            "code": "1111111110001111101",
            "weightExponent": 19,
            "status": "Accepted",
            "items": [],
            "cost": 97
          },
          {
            "word": "001111110",
            "code": "1111111110001111110",
            "weightExponent": 19,
            "status": "Accepted",
            "items": [],
            "cost": 97
          },
          {
            "word": "001111111",
            "code": "1111111110001111111",
            "weightExponent": 19,
            "status": "Accepted",
            "items": [],
            "cost": 94
          },
          {
            "word": "010000000",
            "code": "1111111110010000000",
            "weightExponent": 19,
            "status": "Accepted",
            "items": [],
            "cost": 202
          },
          {
            "word": "010000001",
            "code": "1111111110010000001",
            "weightExponent": 19,
            "status": "RejectedNonBitOutput",
            "items": [
              "<non-bit>"
            ],
            "cost": 216
          },
          {
            "word": "010000010",
            "code": "1111111110010000010",
            "weightExponent": 19,
            "status": "RejectedNonBitOutput",
            "items": [
              "<non-bit>"
            ],
            "cost": 198
          },
          {
            "word": "010000011",
            "code": "1111111110010000011",
            "weightExponent": 19,
            "status": "RejectedNonBitOutput",
            "items": [
              "<non-bit>"
            ],
            "cost": 198
          },
          {
            "word": "010000100",
            "code": "1111111110010000100",
            "weightExponent": 19,
            "status": "RejectedTypeError",
            "items": [],
            "cost": 199
          },
          {
            "word": "010000101",
            "code": "1111111110010000101",
            "weightExponent": 19,
            "status": "Accepted",
            "items": [],
            "cost": 127
          },
          {
            "word": "010000110",
            "code": "1111111110010000110",
            "weightExponent": 19,
            "status": "Accepted",
            "items": [],
            "cost": 127
          },
          {
            "word": "010000111",
            "code": "1111111110010000111",
            "weightExponent": 19,
            "status": "Accepted",
            "items": [],
            "cost": 124
          },
          {
            "word": "010001000",
            "code": "1111111110010001000",
            "weightExponent": 19,
            "status": "Accepted",
            "items": [],
            "cost": 154
          },
          {
            "word": "010001001",
            "code": "1111111110010001001",
            "weightExponent": 19,
            "status": "Accepted",
            "items": [],
            "cost": 154
          },
          {
            "word": "010001010",
            "code": "1111111110010001010",
            "weightExponent": 19,
            "status": "Accepted",
            "items": [],
            "cost": 154
          },
          {
            "word": "010001011",
            "code": "1111111110010001011",
            "weightExponent": 19,
            "status": "Accepted",
            "items": [],
            "cost": 154
          },
          {
            "word": "010001100",
            "code": "1111111110010001100",
            "weightExponent": 19,
            "status": "RejectedNonBitOutput",
            "items": [
              "<non-bit>"
            ],
            "cost": 204
          },
          {
            "word": "010001101",
            "code": "1111111110010001101",
            "weightExponent": 19,
            "status": "Accepted",
            "items": [],
            "cost": 124
          },
          {
            "word": "010001110",
            "code": "1111111110010001110",
            "weightExponent": 19,
            "status": "Accepted",
            "items": [],
            "cost": 124
          },
          {
            "word": "010001111",
            "code": "1111111110010001111",
            "weightExponent": 19,
            "status": "Accepted",
            "items": [],
            "cost": 121
          },
          {
            "word": "010010000",
            "code": "1111111110010010000",
            "weightExponent": 19,
            "status": "Accepted",
            "items": [],
            "cost": 196
          },
          {
            "word": "010010001",
            "code": "1111111110010010001",
            "weightExponent": 19,
            "status": "RejectedNonBitOutput",
            "items": [
              "<non-bit>"
            ],
            "cost": 177
          },
          {
            "word": "010010010",
            "code": "1111111110010010010",
            "weightExponent": 19,
            "status": "RejectedNonBitOutput",
            "items": [
              "<non-bit>"
            ],
            "cost": 207
          },
          {
            "word": "010010011",
            "code": "1111111110010010011",
            "weightExponent": 19,
            "status": "RejectedNonBitOutput",
            "items": [
              "<non-bit>"
            ],
            "cost": 174
          },
          {
            "word": "010010100",
            "code": "1111111110010010100",
            "weightExponent": 19,
            "status": "Accepted",
            "items": [
              "0",
              "0",
              "1"
            ],
            "cost": 232
          },
          {
            "word": "010010101",
            "code": "1111111110010010101",
            "weightExponent": 19,
            "status": "Accepted",
            "items": [],
            "cost": 82
          },
          {
            "word": "010010110",
            "code": "1111111110010010110",
            "weightExponent": 19,
            "status": "Accepted",
            "items": [],
            "cost": 82
          },
          {
            "word": "010010111",
            "code": "1111111110010010111",
            "weightExponent": 19,
            "status": "Accepted",
            "items": [],
            "cost": 79
          },
          {
            "word": "010011000",
            "code": "1111111110010011000",
            "weightExponent": 19,
            "status": "Accepted",
            "items": [
              "1"
            ],
            "cost": 192
          },
          {
            "word": "010011001",
            "code": "1111111110010011001",
            "weightExponent": 19,
            "status": "Accepted",
            "items": [],
            "cost": 109
          },
          {
            "word": "010011010",
            "code": "1111111110010011010",
            "weightExponent": 19,
            "status": "Accepted",
            "items": [],
            "cost": 82
          },
          {
            "word": "010011011",
            "code": "1111111110010011011",
            "weightExponent": 19,
            "status": "Accepted",
            "items": [],
            "cost": 79
          },
          {
            "word": "010011100",
            "code": "1111111110010011100",
            "weightExponent": 19,
            "status": "Accepted",
            "items": [],
            "cost": 109
          },
          {
            "word": "010011101",
            "code": "1111111110010011101",
            "weightExponent": 19,
            "status": "Accepted",
            "items": [],
            "cost": 79
          },
          {
            "word": "010011110",
            "code": "1111111110010011110",
            "weightExponent": 19,
            "status": "Accepted",
            "items": [],
            "cost": 79
          },
          {
            "word": "010011111",
            "code": "1111111110010011111",
            "weightExponent": 19,
            "status": "Accepted",
            "items": [],
            "cost": 76
          },
          {
            "word": "010100000",
            "code": "1111111110010100000",
            "weightExponent": 19,
            "status": "Accepted",
            "items": [],
            "cost": 190
          },
          {
            "word": "010100001",
            "code": "1111111110010100001",
            "weightExponent": 19,
            "status": "Accepted",
            "items": [],
            "cost": 187
          },
          {
            "word": "010100010",
            "code": "1111111110010100010",
            "weightExponent": 19,
            "status": "Accepted",
            "items": [],
            "cost": 172
          },
          {
            "word": "010100011",
            "code": "1111111110010100011",
            "weightExponent": 19,
            "status": "Accepted",
            "items": [],
            "cost": 151
          },
          {
            "word": "010100100",
            "code": "1111111110010100100",
            "weightExponent": 19,
            "status": "Accepted",
            "items": [],
            "cost": 175
          },
          {
            "word": "010100101",
            "code": "1111111110010100101",
            "weightExponent": 19,
            "status": "Accepted",
            "items": [],
            "cost": 109
          },
          {
            "word": "010100110",
            "code": "1111111110010100110",
            "weightExponent": 19,
            "status": "Accepted",
            "items": [],
            "cost": 103
          },
          {
            "word": "010100111",
            "code": "1111111110010100111",
            "weightExponent": 19,
            "status": "Accepted",
            "items": [],
            "cost": 100
          },
          {
            "word": "010101000",
            "code": "1111111110010101000",
            "weightExponent": 19,
            "status": "Accepted",
            "items": [],
            "cost": 175
          },
          {
            "word": "010101001",
            "code": "1111111110010101001",
            "weightExponent": 19,
            "status": "Accepted",
            "items": [],
            "cost": 145
          },
          {
            "word": "010101010",
            "code": "1111111110010101010",
            "weightExponent": 19,
            "status": "Accepted",
            "items": [],
            "cost": 142
          },
          {
            "word": "010101011",
            "code": "1111111110010101011",
            "weightExponent": 19,
            "status": "Accepted",
            "items": [],
            "cost": 142
          },
          {
            "word": "010101100",
            "code": "1111111110010101100",
            "weightExponent": 19,
            "status": "Accepted",
            "items": [],
            "cost": 145
          },
          {
            "word": "010101101",
            "code": "1111111110010101101",
            "weightExponent": 19,
            "status": "Accepted",
            "items": [],
            "cost": 106
          },
          {
            "word": "010101110",
            "code": "1111111110010101110",
            "weightExponent": 19,
            "status": "Accepted",
            "items": [],
            "cost": 100
          },
          {
            "word": "010101111",
            "code": "1111111110010101111",
            "weightExponent": 19,
            "status": "Accepted",
            "items": [],
            "cost": 97
          },
          {
            "word": "010110000",
            "code": "1111111110010110000",
            "weightExponent": 19,
            "status": "Accepted",
            "items": [],
            "cost": 181
          },
          {
            "word": "010110001",
            "code": "1111111110010110001",
            "weightExponent": 19,
            "status": "Accepted",
            "items": [],
            "cost": 130
          },
          {
            "word": "010110010",
            "code": "1111111110010110010",
            "weightExponent": 19,
            "status": "Accepted",
            "items": [],
            "cost": 160
          },
          {
            "word": "010110011",
            "code": "1111111110010110011",
            "weightExponent": 19,
            "status": "Accepted",
            "items": [],
            "cost": 127
          },
          {
            "word": "010110100",
            "code": "1111111110010110100",
            "weightExponent": 19,
            "status": "Accepted",
            "items": [
              "0",
              "1"
            ],
            "cost": 206
          },
          {
            "word": "010110101",
            "code": "1111111110010110101",
            "weightExponent": 19,
            "status": "Accepted",
            "items": [],
            "cost": 82
          },
          {
            "word": "010110110",
            "code": "1111111110010110110",
            "weightExponent": 19,
            "status": "Accepted",
            "items": [],
            "cost": 82
          },
          {
            "word": "010110111",
            "code": "1111111110010110111",
            "weightExponent": 19,
            "status": "Accepted",
            "items": [],
            "cost": 79
          },
          {
            "word": "010111000",
            "code": "1111111110010111000",
            "weightExponent": 19,
            "status": "RejectedTypeError",
            "items": [],
            "cost": 179
          },
          {
            "word": "010111001",
            "code": "1111111110010111001",
            "weightExponent": 19,
            "status": "Accepted",
            "items": [],
            "cost": 109
          },
          {
            "word": "010111010",
            "code": "1111111110010111010",
            "weightExponent": 19,
            "status": "Accepted",
            "items": [],
            "cost": 82
          },
          {
            "word": "010111011",
            "code": "1111111110010111011",
            "weightExponent": 19,
            "status": "Accepted",
            "items": [],
            "cost": 79
          },
          {
            "word": "010111100",
            "code": "1111111110010111100",
            "weightExponent": 19,
            "status": "Accepted",
            "items": [],
            "cost": 109
          },
          {
            "word": "010111101",
            "code": "1111111110010111101",
            "weightExponent": 19,
            "status": "Accepted",
            "items": [],
            "cost": 79
          },
          {
            "word": "010111110",
            "code": "1111111110010111110",
            "weightExponent": 19,
            "status": "Accepted",
            "items": [],
            "cost": 79
          },
          {
            "word": "010111111",
            "code": "1111111110010111111",
            "weightExponent": 19,
            "status": "Accepted",
            "items": [],
            "cost": 76
          },
          {
            "word": "011000000",
            "code": "1111111110011000000",
            "weightExponent": 19,
            "status": "Accepted",
            "items": [],
            "cost": 202
          },
          {
            "word": "011000001",
            "code": "1111111110011000001",
            "weightExponent": 19,
            "status": "RejectedNonBitOutput",
            "items": [
              "<non-bit>"
            ],
            "cost": 216
          },
          {
            "word": "011000010",
            "code": "1111111110011000010",
            "weightExponent": 19,
            "status": "RejectedNonBitOutput",
            "items": [
              "<non-bit>"
            ],
            "cost": 198
          },
          {
            "word": "011000011",
            "code": "1111111110011000011",
            "weightExponent": 19,
            "status": "RejectedNonBitOutput",
            "items": [
              "<non-bit>"
            ],
            "cost": 198
          },
          {
            "word": "011000100",
            "code": "1111111110011000100",
            "weightExponent": 19,
            "status": "RejectedTypeError",
            "items": [],
            "cost": 199
          },
          {
            "word": "011000101",
            "code": "1111111110011000101",
            "weightExponent": 19,
            "status": "Accepted",
            "items": [],
            "cost": 127
          },
          {
            "word": "011000110",
            "code": "1111111110011000110",
            "weightExponent": 19,
            "status": "Accepted",
            "items": [],
            "cost": 127
          },
          {
            "word": "011000111",
            "code": "1111111110011000111",
            "weightExponent": 19,
            "status": "Accepted",
            "items": [],
            "cost": 124
          },
          {
            "word": "011001000",
            "code": "1111111110011001000",
            "weightExponent": 19,
            "status": "Accepted",
            "items": [],
            "cost": 154
          },
          {
            "word": "011001001",
            "code": "1111111110011001001",
            "weightExponent": 19,
            "status": "Accepted",
            "items": [],
            "cost": 154
          },
          {
            "word": "011001010",
            "code": "1111111110011001010",
            "weightExponent": 19,
            "status": "Accepted",
            "items": [],
            "cost": 154
          },
          {
            "word": "011001011",
            "code": "1111111110011001011",
            "weightExponent": 19,
            "status": "Accepted",
            "items": [],
            "cost": 154
          },
          {
            "word": "011001100",
            "code": "1111111110011001100",
            "weightExponent": 19,
            "status": "RejectedNonBitOutput",
            "items": [
              "<non-bit>"
            ],
            "cost": 204
          },
          {
            "word": "011001101",
            "code": "1111111110011001101",
            "weightExponent": 19,
            "status": "Accepted",
            "items": [],
            "cost": 124
          },
          {
            "word": "011001110",
            "code": "1111111110011001110",
            "weightExponent": 19,
            "status": "Accepted",
            "items": [],
            "cost": 124
          },
          {
            "word": "011001111",
            "code": "1111111110011001111",
            "weightExponent": 19,
            "status": "Accepted",
            "items": [],
            "cost": 121
          },
          {
            "word": "011010000",
            "code": "1111111110011010000",
            "weightExponent": 19,
            "status": "Accepted",
            "items": [],
            "cost": 196
          },
          {
            "word": "011010001",
            "code": "1111111110011010001",
            "weightExponent": 19,
            "status": "RejectedNonBitOutput",
            "items": [
              "<non-bit>"
            ],
            "cost": 177
          },
          {
            "word": "011010010",
            "code": "1111111110011010010",
            "weightExponent": 19,
            "status": "RejectedNonBitOutput",
            "items": [
              "<non-bit>"
            ],
            "cost": 207
          },
          {
            "word": "011010011",
            "code": "1111111110011010011",
            "weightExponent": 19,
            "status": "RejectedNonBitOutput",
            "items": [
              "<non-bit>"
            ],
            "cost": 174
          },
          {
            "word": "011010100",
            "code": "1111111110011010100",
            "weightExponent": 19,
            "status": "Accepted",
            "items": [
              "0",
              "0",
              "1"
            ],
            "cost": 232
          },
          {
            "word": "011010101",
            "code": "1111111110011010101",
            "weightExponent": 19,
            "status": "Accepted",
            "items": [],
            "cost": 82
          },
          {
            "word": "011010110",
            "code": "1111111110011010110",
            "weightExponent": 19,
            "status": "Accepted",
            "items": [],
            "cost": 82
          },
          {
            "word": "011010111",
            "code": "1111111110011010111",
            "weightExponent": 19,
            "status": "Accepted",
            "items": [],
            "cost": 79
          },
          {
            "word": "011011000",
            "code": "1111111110011011000",
            "weightExponent": 19,
            "status": "Accepted",
            "items": [
              "1"
            ],
            "cost": 192
          },
          {
            "word": "011011001",
            "code": "1111111110011011001",
            "weightExponent": 19,
            "status": "Accepted",
            "items": [],
            "cost": 109
          },
          {
            "word": "011011010",
            "code": "1111111110011011010",
            "weightExponent": 19,
            "status": "Accepted",
            "items": [],
            "cost": 82
          },
          {
            "word": "011011011",
            "code": "1111111110011011011",
            "weightExponent": 19,
            "status": "Accepted",
            "items": [],
            "cost": 79
          },
          {
            "word": "011011100",
            "code": "1111111110011011100",
            "weightExponent": 19,
            "status": "Accepted",
            "items": [],
            "cost": 109
          },
          {
            "word": "011011101",
            "code": "1111111110011011101",
            "weightExponent": 19,
            "status": "Accepted",
            "items": [],
            "cost": 79
          },
          {
            "word": "011011110",
            "code": "1111111110011011110",
            "weightExponent": 19,
            "status": "Accepted",
            "items": [],
            "cost": 79
          },
          {
            "word": "011011111",
            "code": "1111111110011011111",
            "weightExponent": 19,
            "status": "Accepted",
            "items": [],
            "cost": 76
          },
          {
            "word": "011100000",
            "code": "1111111110011100000",
            "weightExponent": 19,
            "status": "Accepted",
            "items": [],
            "cost": 190
          },
          {
            "word": "011100001",
            "code": "1111111110011100001",
            "weightExponent": 19,
            "status": "Accepted",
            "items": [],
            "cost": 187
          },
          {
            "word": "011100010",
            "code": "1111111110011100010",
            "weightExponent": 19,
            "status": "Accepted",
            "items": [],
            "cost": 172
          },
          {
            "word": "011100011",
            "code": "1111111110011100011",
            "weightExponent": 19,
            "status": "Accepted",
            "items": [],
            "cost": 151
          },
          {
            "word": "011100100",
            "code": "1111111110011100100",
            "weightExponent": 19,
            "status": "Accepted",
            "items": [],
            "cost": 175
          },
          {
            "word": "011100101",
            "code": "1111111110011100101",
            "weightExponent": 19,
            "status": "Accepted",
            "items": [],
            "cost": 109
          },
          {
            "word": "011100110",
            "code": "1111111110011100110",
            "weightExponent": 19,
            "status": "Accepted",
            "items": [],
            "cost": 103
          },
          {
            "word": "011100111",
            "code": "1111111110011100111",
            "weightExponent": 19,
            "status": "Accepted",
            "items": [],
            "cost": 100
          },
          {
            "word": "011101000",
            "code": "1111111110011101000",
            "weightExponent": 19,
            "status": "Accepted",
            "items": [],
            "cost": 175
          },
          {
            "word": "011101001",
            "code": "1111111110011101001",
            "weightExponent": 19,
            "status": "Accepted",
            "items": [],
            "cost": 145
          },
          {
            "word": "011101010",
            "code": "1111111110011101010",
            "weightExponent": 19,
            "status": "Accepted",
            "items": [],
            "cost": 142
          },
          {
            "word": "011101011",
            "code": "1111111110011101011",
            "weightExponent": 19,
            "status": "Accepted",
            "items": [],
            "cost": 142
          },
          {
            "word": "011101100",
            "code": "1111111110011101100",
            "weightExponent": 19,
            "status": "Accepted",
            "items": [],
            "cost": 145
          },
          {
            "word": "011101101",
            "code": "1111111110011101101",
            "weightExponent": 19,
            "status": "Accepted",
            "items": [],
            "cost": 106
          },
          {
            "word": "011101110",
            "code": "1111111110011101110",
            "weightExponent": 19,
            "status": "Accepted",
            "items": [],
            "cost": 100
          },
          {
            "word": "011101111",
            "code": "1111111110011101111",
            "weightExponent": 19,
            "status": "Accepted",
            "items": [],
            "cost": 97
          },
          {
            "word": "011110000",
            "code": "1111111110011110000",
            "weightExponent": 19,
            "status": "Accepted",
            "items": [],
            "cost": 181
          },
          {
            "word": "011110001",
            "code": "1111111110011110001",
            "weightExponent": 19,
            "status": "Accepted",
            "items": [],
            "cost": 130
          },
          {
            "word": "011110010",
            "code": "1111111110011110010",
            "weightExponent": 19,
            "status": "Accepted",
            "items": [],
            "cost": 160
          },
          {
            "word": "011110011",
            "code": "1111111110011110011",
            "weightExponent": 19,
            "status": "Accepted",
            "items": [],
            "cost": 127
          },
          {
            "word": "011110100",
            "code": "1111111110011110100",
            "weightExponent": 19,
            "status": "Accepted",
            "items": [
              "0",
              "1"
            ],
            "cost": 206
          },
          {
            "word": "011110101",
            "code": "1111111110011110101",
            "weightExponent": 19,
            "status": "Accepted",
            "items": [],
            "cost": 82
          },
          {
            "word": "011110110",
            "code": "1111111110011110110",
            "weightExponent": 19,
            "status": "Accepted",
            "items": [],
            "cost": 82
          },
          {
            "word": "011110111",
            "code": "1111111110011110111",
            "weightExponent": 19,
            "status": "Accepted",
            "items": [],
            "cost": 79
          },
          {
            "word": "011111000",
            "code": "1111111110011111000",
            "weightExponent": 19,
            "status": "RejectedTypeError",
            "items": [],
            "cost": 179
          },
          {
            "word": "011111001",
            "code": "1111111110011111001",
            "weightExponent": 19,
            "status": "Accepted",
            "items": [],
            "cost": 109
          },
          {
            "word": "011111010",
            "code": "1111111110011111010",
            "weightExponent": 19,
            "status": "Accepted",
            "items": [],
            "cost": 82
          },
          {
            "word": "011111011",
            "code": "1111111110011111011",
            "weightExponent": 19,
            "status": "Accepted",
            "items": [],
            "cost": 79
          },
          {
            "word": "011111100",
            "code": "1111111110011111100",
            "weightExponent": 19,
            "status": "Accepted",
            "items": [],
            "cost": 109
          },
          {
            "word": "011111101",
            "code": "1111111110011111101",
            "weightExponent": 19,
            "status": "Accepted",
            "items": [],
            "cost": 79
          },
          {
            "word": "011111110",
            "code": "1111111110011111110",
            "weightExponent": 19,
            "status": "Accepted",
            "items": [],
            "cost": 79
          },
          {
            "word": "011111111",
            "code": "1111111110011111111",
            "weightExponent": 19,
            "status": "Accepted",
            "items": [],
            "cost": 76
          },
          {
            "word": "100000000",
            "code": "1111111110100000000",
            "weightExponent": 19,
            "status": "Accepted",
            "items": [],
            "cost": 202
          },
          {
            "word": "100000001",
            "code": "1111111110100000001",
            "weightExponent": 19,
            "status": "Accepted",
            "items": [],
            "cost": 172
          },
          {
            "word": "100000010",
            "code": "1111111110100000010",
            "weightExponent": 19,
            "status": "Accepted",
            "items": [],
            "cost": 169
          },
          {
            "word": "100000011",
            "code": "1111111110100000011",
            "weightExponent": 19,
            "status": "Accepted",
            "items": [],
            "cost": 169
          },
          {
            "word": "100000100",
            "code": "1111111110100000100",
            "weightExponent": 19,
            "status": "Accepted",
            "items": [],
            "cost": 196
          },
          {
            "word": "100000101",
            "code": "1111111110100000101",
            "weightExponent": 19,
            "status": "Accepted",
            "items": [],
            "cost": 145
          },
          {
            "word": "100000110",
            "code": "1111111110100000110",
            "weightExponent": 19,
            "status": "Accepted",
            "items": [],
            "cost": 145
          },
          {
            "word": "100000111",
            "code": "1111111110100000111",
            "weightExponent": 19,
            "status": "Accepted",
            "items": [],
            "cost": 142
          },
          {
            "word": "100001000",
            "code": "1111111110100001000",
            "weightExponent": 19,
            "status": "Accepted",
            "items": [],
            "cost": 187
          },
          {
            "word": "100001001",
            "code": "1111111110100001001",
            "weightExponent": 19,
            "status": "Accepted",
            "items": [],
            "cost": 142
          },
          {
            "word": "100001010",
            "code": "1111111110100001010",
            "weightExponent": 19,
            "status": "Accepted",
            "items": [],
            "cost": 142
          },
          {
            "word": "100001011",
            "code": "1111111110100001011",
            "weightExponent": 19,
            "status": "Accepted",
            "items": [],
            "cost": 139
          },
          {
            "word": "100001100",
            "code": "1111111110100001100",
            "weightExponent": 19,
            "status": "Accepted",
            "items": [],
            "cost": 172
          },
          {
            "word": "100001101",
            "code": "1111111110100001101",
            "weightExponent": 19,
            "status": "Accepted",
            "items": [],
            "cost": 142
          },
          {
            "word": "100001110",
            "code": "1111111110100001110",
            "weightExponent": 19,
            "status": "Accepted",
            "items": [],
            "cost": 142
          },
          {
            "word": "100001111",
            "code": "1111111110100001111",
            "weightExponent": 19,
            "status": "Accepted",
            "items": [],
            "cost": 139
          },
          {
            "word": "100010000",
            "code": "1111111110100010000",
            "weightExponent": 19,
            "status": "Accepted",
            "items": [],
            "cost": 190
          },
          {
            "word": "100010001",
            "code": "1111111110100010001",
            "weightExponent": 19,
            "status": "RejectedNonBitOutput",
            "items": [
              "<non-bit>"
            ],
            "cost": 195
          },
          {
            "word": "100010010",
            "code": "1111111110100010010",
            "weightExponent": 19,
            "status": "Accepted",
            "items": [],
            "cost": 163
          },
          {
            "word": "100010011",
            "code": "1111111110100010011",
            "weightExponent": 19,
            "status": "RejectedNonBitOutput",
            "items": [
              "<non-bit>"
            ],
            "cost": 192
          },
          {
            "word": "100010100",
            "code": "1111111110100010100",
            "weightExponent": 19,
            "status": "Accepted",
            "items": [],
            "cost": 181
          },
          {
            "word": "100010101",
            "code": "1111111110100010101",
            "weightExponent": 19,
            "status": "Accepted",
            "items": [],
            "cost": 118
          },
          {
            "word": "100010110",
            "code": "1111111110100010110",
            "weightExponent": 19,
            "status": "Accepted",
            "items": [],
            "cost": 118
          },
          {
            "word": "100010111",
            "code": "1111111110100010111",
            "weightExponent": 19,
            "status": "Accepted",
            "items": [],
            "cost": 115
          },
          {
            "word": "100011000",
            "code": "1111111110100011000",
            "weightExponent": 19,
            "status": "Accepted",
            "items": [],
            "cost": 190
          },
          {
            "word": "100011001",
            "code": "1111111110100011001",
            "weightExponent": 19,
            "status": "Accepted",
            "items": [],
            "cost": 145
          },
          {
            "word": "100011010",
            "code": "1111111110100011010",
            "weightExponent": 19,
            "status": "Accepted",
            "items": [],
            "cost": 118
          },
          {
            "word": "100011011",
            "code": "1111111110100011011",
            "weightExponent": 19,
            "status": "Accepted",
            "items": [],
            "cost": 115
          },
          {
            "word": "100011100",
            "code": "1111111110100011100",
            "weightExponent": 19,
            "status": "Accepted",
            "items": [],
            "cost": 145
          },
          {
            "word": "100011101",
            "code": "1111111110100011101",
            "weightExponent": 19,
            "status": "Accepted",
            "items": [],
            "cost": 115
          },
          {
            "word": "100011110",
            "code": "1111111110100011110",
            "weightExponent": 19,
            "status": "Accepted",
            "items": [],
            "cost": 115
          },
          {
            "word": "100011111",
            "code": "1111111110100011111",
            "weightExponent": 19,
            "status": "Accepted",
            "items": [],
            "cost": 112
          },
          {
            "word": "100100000",
            "code": "1111111110100100000",
            "weightExponent": 19,
            "status": "Accepted",
            "items": [],
            "cost": 196
          },
          {
            "word": "100100001",
            "code": "1111111110100100001",
            "weightExponent": 19,
            "status": "RejectedNonBitOutput",
            "items": [
              "<non-bit>"
            ],
            "cost": 210
          },
          {
            "word": "100100010",
            "code": "1111111110100100010",
            "weightExponent": 19,
            "status": "RejectedNonBitOutput",
            "items": [
              "<non-bit>"
            ],
            "cost": 192
          },
          {
            "word": "100100011",
            "code": "1111111110100100011",
            "weightExponent": 19,
            "status": "RejectedNonBitOutput",
            "items": [
              "<non-bit>"
            ],
            "cost": 192
          },
          {
            "word": "100100100",
            "code": "1111111110100100100",
            "weightExponent": 19,
            "status": "Accepted",
            "items": [],
            "cost": 181
          },
          {
            "word": "100100101",
            "code": "1111111110100100101",
            "weightExponent": 19,
            "status": "Accepted",
            "items": [],
            "cost": 115
          },
          {
            "word": "100100110",
            "code": "1111111110100100110",
            "weightExponent": 19,
            "status": "Accepted",
            "items": [],
            "cost": 115
          },
          {
            "word": "100100111",
            "code": "1111111110100100111",
            "weightExponent": 19,
            "status": "Accepted",
            "items": [],
            "cost": 112
          },
          {
            "word": "100101000",
            "code": "1111111110100101000",
            "weightExponent": 19,
            "status": "Accepted",
            "items": [],
            "cost": 190
          },
          {
            "word": "100101001",
            "code": "1111111110100101001",
            "weightExponent": 19,
            "status": "Accepted",
            "items": [],
            "cost": 142
          },
          {
            "word": "100101010",
            "code": "1111111110100101010",
            "weightExponent": 19,
            "status": "Accepted",
            "items": [],
            "cost": 115
          },
          {
            "word": "100101011",
            "code": "1111111110100101011",
            "weightExponent": 19,
            "status": "Accepted",
            "items": [],
            "cost": 112
          },
          {
            "word": "100101100",
            "code": "1111111110100101100",
            "weightExponent": 19,
            "status": "Accepted",
            "items": [],
            "cost": 142
          },
          {
            "word": "100101101",
            "code": "1111111110100101101",
            "weightExponent": 19,
            "status": "Accepted",
            "items": [],
            "cost": 112
          },
          {
            "word": "100101110",
            "code": "1111111110100101110",
            "weightExponent": 19,
            "status": "Accepted",
            "items": [],
            "cost": 112
          },
          {
            "word": "100101111",
            "code": "1111111110100101111",
            "weightExponent": 19,
            "status": "Accepted",
            "items": [],
            "cost": 109
          },
          {
            "word": "100110000",
            "code": "1111111110100110000",
            "weightExponent": 19,
            "status": "Accepted",
            "items": [],
            "cost": 190
          },
          {
            "word": "100110001",
            "code": "1111111110100110001",
            "weightExponent": 19,
            "status": "Accepted",
            "items": [],
            "cost": 145
          },
          {
            "word": "100110010",
            "code": "1111111110100110010",
            "weightExponent": 19,
            "status": "Accepted",
            "items": [],
            "cost": 145
          },
          {
            "word": "100110011",
            "code": "1111111110100110011",
            "weightExponent": 19,
            "status": "Accepted",
            "items": [],
            "cost": 142
          },
          {
            "word": "100110100",
            "code": "1111111110100110100",
            "weightExponent": 19,
            "status": "Accepted",
            "items": [],
            "cost": 166
          },
          {
            "word": "100110101",
            "code": "1111111110100110101",
            "weightExponent": 19,
            "status": "Accepted",
            "items": [],
            "cost": 115
          },
          {
            "word": "100110110",
            "code": "1111111110100110110",
            "weightExponent": 19,
            "status": "Accepted",
            "items": [],
            "cost": 115
          },
          {
            "word": "100110111",
            "code": "1111111110100110111",
            "weightExponent": 19,
            "status": "Accepted",
            "items": [],
            "cost": 112
          },
          {
            "word": "100111000",
            "code": "1111111110100111000",
            "weightExponent": 19,
            "status": "Accepted",
            "items": [],
            "cost": 160
          },
          {
            "word": "100111001",
            "code": "1111111110100111001",
            "weightExponent": 19,
            "status": "Accepted",
            "items": [],
            "cost": 142
          },
          {
            "word": "100111010",
            "code": "1111111110100111010",
            "weightExponent": 19,
            "status": "Accepted",
            "items": [],
            "cost": 115
          },
          {
            "word": "100111011",
            "code": "1111111110100111011",
            "weightExponent": 19,
            "status": "Accepted",
            "items": [],
            "cost": 112
          },
          {
            "word": "100111100",
            "code": "1111111110100111100",
            "weightExponent": 19,
            "status": "Accepted",
            "items": [],
            "cost": 142
          },
          {
            "word": "100111101",
            "code": "1111111110100111101",
            "weightExponent": 19,
            "status": "Accepted",
            "items": [],
            "cost": 112
          },
          {
            "word": "100111110",
            "code": "1111111110100111110",
            "weightExponent": 19,
            "status": "Accepted",
            "items": [],
            "cost": 112
          },
          {
            "word": "100111111",
            "code": "1111111110100111111",
            "weightExponent": 19,
            "status": "Accepted",
            "items": [],
            "cost": 109
          },
          {
            "word": "101000000",
            "code": "1111111110101000000",
            "weightExponent": 19,
            "status": "Accepted",
            "items": [],
            "cost": 190
          },
          {
            "word": "101000001",
            "code": "1111111110101000001",
            "weightExponent": 19,
            "status": "RejectedNonBitOutput",
            "items": [
              "<non-bit>"
            ],
            "cost": 219
          },
          {
            "word": "101000010",
            "code": "1111111110101000010",
            "weightExponent": 19,
            "status": "Accepted",
            "items": [],
            "cost": 163
          },
          {
            "word": "101000011",
            "code": "1111111110101000011",
            "weightExponent": 19,
            "status": "Accepted",
            "items": [],
            "cost": 160
          },
          {
            "word": "101000100",
            "code": "1111111110101000100",
            "weightExponent": 19,
            "status": "Accepted",
            "items": [],
            "cost": 136
          },
          {
            "word": "101000101",
            "code": "1111111110101000101",
            "weightExponent": 19,
            "status": "Accepted",
            "items": [],
            "cost": 133
          },
          {
            "word": "101000110",
            "code": "1111111110101000110",
            "weightExponent": 19,
            "status": "Accepted",
            "items": [],
            "cost": 136
          },
          {
            "word": "101000111",
            "code": "1111111110101000111",
            "weightExponent": 19,
            "status": "Accepted",
            "items": [],
            "cost": 133
          },
          {
            "word": "101001000",
            "code": "1111111110101001000",
            "weightExponent": 19,
            "status": "Accepted",
            "items": [],
            "cost": 163
          },
          {
            "word": "101001001",
            "code": "1111111110101001001",
            "weightExponent": 19,
            "status": "RejectedNonBitOutput",
            "items": [
              "<non-bit>"
            ],
            "cost": 192
          },
          {
            "word": "101001010",
            "code": "1111111110101001010",
            "weightExponent": 19,
            "status": "Accepted",
            "items": [],
            "cost": 136
          },
          {
            "word": "101001011",
            "code": "1111111110101001011",
            "weightExponent": 19,
            "status": "Accepted",
            "items": [],
            "cost": 133
          },
          {
            "word": "101001100",
            "code": "1111111110101001100",
            "weightExponent": 19,
            "status": "Accepted",
            "items": [],
            "cost": 133
          },
          {
            "word": "101001101",
            "code": "1111111110101001101",
            "weightExponent": 19,
            "status": "Accepted",
            "items": [],
            "cost": 130
          },
          {
            "word": "101001110",
            "code": "1111111110101001110",
            "weightExponent": 19,
            "status": "Accepted",
            "items": [],
            "cost": 133
          },
          {
            "word": "101001111",
            "code": "1111111110101001111",
            "weightExponent": 19,
            "status": "Accepted",
            "items": [],
            "cost": 130
          },
          {
            "word": "101010000",
            "code": "1111111110101010000",
            "weightExponent": 19,
            "status": "Accepted",
            "items": [],
            "cost": 148
          },
          {
            "word": "101010001",
            "code": "1111111110101010001",
            "weightExponent": 19,
            "status": "Accepted",
            "items": [],
            "cost": 148
          },
          {
            "word": "101010010",
            "code": "1111111110101010010",
            "weightExponent": 19,
            "status": "RejectedNonBitOutput",
            "items": [
              "<non-bit>"
            ],
            "cost": 177
          },
          {
            "word": "101010011",
            "code": "1111111110101010011",
            "weightExponent": 19,
            "status": "RejectedNonBitOutput",
            "items": [
              "<non-bit>"
            ],
            "cost": 177
          },
          {
            "word": "101010100",
            "code": "1111111110101010100",
            "weightExponent": 19,
            "status": "Accepted",
            "items": [],
            "cost": 166
          },
          {
            "word": "101010101",
            "code": "1111111110101010101",
            "weightExponent": 19,
            "status": "Accepted",
            "items": [],
            "cost": 85
          },
          {
            "word": "101010110",
            "code": "1111111110101010110",
            "weightExponent": 19,
            "status": "Accepted",
            "items": [],
            "cost": 85
          },
          {
            "word": "101010111",
            "code": "1111111110101010111",
            "weightExponent": 19,
            "status": "Accepted",
            "items": [],
            "cost": 82
          },
          {
            "word": "101011000",
            "code": "1111111110101011000",
            "weightExponent": 19,
            "status": "Accepted",
            "items": [],
            "cost": 184
          },
          {
            "word": "101011001",
            "code": "1111111110101011001",
            "weightExponent": 19,
            "status": "Accepted",
            "items": [],
            "cost": 112
          },
          {
            "word": "101011010",
            "code": "1111111110101011010",
            "weightExponent": 19,
            "status": "Accepted",
            "items": [],
            "cost": 85
          },
          {
            "word": "101011011",
            "code": "1111111110101011011",
            "weightExponent": 19,
            "status": "Accepted",
            "items": [],
            "cost": 82
          },
          {
            "word": "101011100",
            "code": "1111111110101011100",
            "weightExponent": 19,
            "status": "Accepted",
            "items": [],
            "cost": 112
          },
          {
            "word": "101011101",
            "code": "1111111110101011101",
            "weightExponent": 19,
            "status": "Accepted",
            "items": [],
            "cost": 82
          },
          {
            "word": "101011110",
            "code": "1111111110101011110",
            "weightExponent": 19,
            "status": "Accepted",
            "items": [],
            "cost": 82
          },
          {
            "word": "101011111",
            "code": "1111111110101011111",
            "weightExponent": 19,
            "status": "Accepted",
            "items": [],
            "cost": 79
          },
          {
            "word": "101100000",
            "code": "1111111110101100000",
            "weightExponent": 19,
            "status": "Accepted",
            "items": [],
            "cost": 190
          },
          {
            "word": "101100001",
            "code": "1111111110101100001",
            "weightExponent": 19,
            "status": "Accepted",
            "items": [],
            "cost": 160
          },
          {
            "word": "101100010",
            "code": "1111111110101100010",
            "weightExponent": 19,
            "status": "Accepted",
            "items": [],
            "cost": 157
          },
          {
            "word": "101100011",
            "code": "1111111110101100011",
            "weightExponent": 19,
            "status": "Accepted",
            "items": [],
            "cost": 157
          },
          {
            "word": "101100100",
            "code": "1111111110101100100",
            "weightExponent": 19,
            "status": "Accepted",
            "items": [],
            "cost": 184
          },
          {
            "word": "101100101",
            "code": "1111111110101100101",
            "weightExponent": 19,
            "status": "Accepted",
            "items": [],
            "cost": 112
          },
          {
            "word": "101100110",
            "code": "1111111110101100110",
            "weightExponent": 19,
            "status": "Accepted",
            "items": [],
            "cost": 112
          },
          {
            "word": "101100111",
            "code": "1111111110101100111",
            "weightExponent": 19,
            "status": "Accepted",
            "items": [],
            "cost": 109
          },
          {
            "word": "101101000",
            "code": "1111111110101101000",
            "weightExponent": 19,
            "status": "Accepted",
            "items": [],
            "cost": 175
          },
          {
            "word": "101101001",
            "code": "1111111110101101001",
            "weightExponent": 19,
            "status": "Accepted",
            "items": [],
            "cost": 133
          },
          {
            "word": "101101010",
            "code": "1111111110101101010",
            "weightExponent": 19,
            "status": "Accepted",
            "items": [],
            "cost": 85
          },
          {
            "word": "101101011",
            "code": "1111111110101101011",
            "weightExponent": 19,
            "status": "Accepted",
            "items": [],
            "cost": 82
          },
          {
            "word": "101101100",
            "code": "1111111110101101100",
            "weightExponent": 19,
            "status": "Accepted",
            "items": [],
            "cost": 112
          },
          {
            "word": "101101101",
            "code": "1111111110101101101",
            "weightExponent": 19,
            "status": "Accepted",
            "items": [],
            "cost": 82
          },
          {
            "word": "101101110",
            "code": "1111111110101101110",
            "weightExponent": 19,
            "status": "Accepted",
            "items": [],
            "cost": 82
          },
          {
            "word": "101101111",
            "code": "1111111110101101111",
            "weightExponent": 19,
            "status": "Accepted",
            "items": [],
            "cost": 79
          },
          {
            "word": "101110000",
            "code": "1111111110101110000",
            "weightExponent": 19,
            "status": "Accepted",
            "items": [],
            "cost": 184
          },
          {
            "word": "101110001",
            "code": "1111111110101110001",
            "weightExponent": 19,
            "status": "Accepted",
            "items": [],
            "cost": 127
          },
          {
            "word": "101110010",
            "code": "1111111110101110010",
            "weightExponent": 19,
            "status": "Accepted",
            "items": [],
            "cost": 112
          },
          {
            "word": "101110011",
            "code": "1111111110101110011",
            "weightExponent": 19,
            "status": "Accepted",
            "items": [],
            "cost": 109
          },
          {
            "word": "101110100",
            "code": "1111111110101110100",
            "weightExponent": 19,
            "status": "Accepted",
            "items": [],
            "cost": 133
          },
          {
            "word": "101110101",
            "code": "1111111110101110101",
            "weightExponent": 19,
            "status": "Accepted",
            "items": [],
            "cost": 82
          },
          {
            "word": "101110110",
            "code": "1111111110101110110",
            "weightExponent": 19,
            "status": "Accepted",
            "items": [],
            "cost": 82
          },
          {
            "word": "101110111",
            "code": "1111111110101110111",
            "weightExponent": 19,
            "status": "Accepted",
            "items": [],
            "cost": 79
          },
          {
            "word": "101111000",
            "code": "1111111110101111000",
            "weightExponent": 19,
            "status": "Accepted",
            "items": [],
            "cost": 127
          },
          {
            "word": "101111001",
            "code": "1111111110101111001",
            "weightExponent": 19,
            "status": "Accepted",
            "items": [],
            "cost": 109
          },
          {
            "word": "101111010",
            "code": "1111111110101111010",
            "weightExponent": 19,
            "status": "Accepted",
            "items": [],
            "cost": 82
          },
          {
            "word": "101111011",
            "code": "1111111110101111011",
            "weightExponent": 19,
            "status": "Accepted",
            "items": [],
            "cost": 79
          },
          {
            "word": "101111100",
            "code": "1111111110101111100",
            "weightExponent": 19,
            "status": "Accepted",
            "items": [],
            "cost": 109
          },
          {
            "word": "101111101",
            "code": "1111111110101111101",
            "weightExponent": 19,
            "status": "Accepted",
            "items": [],
            "cost": 79
          },
          {
            "word": "101111110",
            "code": "1111111110101111110",
            "weightExponent": 19,
            "status": "Accepted",
            "items": [],
            "cost": 79
          },
          {
            "word": "101111111",
            "code": "1111111110101111111",
            "weightExponent": 19,
            "status": "Accepted",
            "items": [],
            "cost": 76
          },
          {
            "word": "110000000",
            "code": "1111111110110000000",
            "weightExponent": 19,
            "status": "Accepted",
            "items": [],
            "cost": 205
          },
          {
            "word": "110000001",
            "code": "1111111110110000001",
            "weightExponent": 19,
            "status": "RejectedNonBitOutput",
            "items": [
              "<non-bit>"
            ],
            "cost": 219
          },
          {
            "word": "110000010",
            "code": "1111111110110000010",
            "weightExponent": 19,
            "status": "RejectedNonBitOutput",
            "items": [
              "<non-bit>"
            ],
            "cost": 201
          },
          {
            "word": "110000011",
            "code": "1111111110110000011",
            "weightExponent": 19,
            "status": "RejectedNonBitOutput",
            "items": [
              "<non-bit>"
            ],
            "cost": 201
          },
          {
            "word": "110000100",
            "code": "1111111110110000100",
            "weightExponent": 19,
            "status": "Accepted",
            "items": [
              "1"
            ],
            "cost": 210
          },
          {
            "word": "110000101",
            "code": "1111111110110000101",
            "weightExponent": 19,
            "status": "Accepted",
            "items": [],
            "cost": 142
          },
          {
            "word": "110000110",
            "code": "1111111110110000110",
            "weightExponent": 19,
            "status": "RejectedTypeError",
            "items": [],
            "cost": 197
          },
          {
            "word": "110000111",
            "code": "1111111110110000111",
            "weightExponent": 19,
            "status": "Accepted",
            "items": [],
            "cost": 142
          },
          {
            "word": "110001000",
            "code": "1111111110110001000",
            "weightExponent": 19,
            "status": "Accepted",
            "items": [
              "1"
            ],
            "cost": 192
          },
          {
            "word": "110001001",
            "code": "1111111110110001001",
            "weightExponent": 19,
            "status": "Accepted",
            "items": [],
            "cost": 124
          },
          {
            "word": "110001010",
            "code": "1111111110110001010",
            "weightExponent": 19,
            "status": "RejectedTypeError",
            "items": [],
            "cost": 179
          },
          {
            "word": "110001011",
            "code": "1111111110110001011",
            "weightExponent": 19,
            "status": "Accepted",
            "items": [],
            "cost": 124
          },
          {
            "word": "110001100",
            "code": "1111111110110001100",
            "weightExponent": 19,
            "status": "Accepted",
            "items": [
              "1"
            ],
            "cost": 192
          },
          {
            "word": "110001101",
            "code": "1111111110110001101",
            "weightExponent": 19,
            "status": "Accepted",
            "items": [],
            "cost": 124
          },
          {
            "word": "110001110",
            "code": "1111111110110001110",
            "weightExponent": 19,
            "status": "RejectedTypeError",
            "items": [],
            "cost": 179
          },
          {
            "word": "110001111",
            "code": "1111111110110001111",
            "weightExponent": 19,
            "status": "Accepted",
            "items": [],
            "cost": 124
          },
          {
            "word": "110010000",
            "code": "1111111110110010000",
            "weightExponent": 19,
            "status": "Accepted",
            "items": [],
            "cost": 190
          },
          {
            "word": "110010001",
            "code": "1111111110110010001",
            "weightExponent": 19,
            "status": "Accepted",
            "items": [],
            "cost": 160
          },
          {
            "word": "110010010",
            "code": "1111111110110010010",
            "weightExponent": 19,
            "status": "Accepted",
            "items": [],
            "cost": 157
          },
          {
            "word": "110010011",
            "code": "1111111110110010011",
            "weightExponent": 19,
            "status": "Accepted",
            "items": [],
            "cost": 157
          },
          {
            "word": "110010100",
            "code": "1111111110110010100",
            "weightExponent": 19,
            "status": "Accepted",
            "items": [],
            "cost": 184
          },
          {
            "word": "110010101",
            "code": "1111111110110010101",
            "weightExponent": 19,
            "status": "Accepted",
            "items": [],
            "cost": 112
          },
          {
            "word": "110010110",
            "code": "1111111110110010110",
            "weightExponent": 19,
            "status": "Accepted",
            "items": [],
            "cost": 112
          },
          {
            "word": "110010111",
            "code": "1111111110110010111",
            "weightExponent": 19,
            "status": "Accepted",
            "items": [],
            "cost": 109
          },
          {
            "word": "110011000",
            "code": "1111111110110011000",
            "weightExponent": 19,
            "status": "Accepted",
            "items": [],
            "cost": 175
          },
          {
            "word": "110011001",
            "code": "1111111110110011001",
            "weightExponent": 19,
            "status": "Accepted",
            "items": [],
            "cost": 139
          },
          {
            "word": "110011010",
            "code": "1111111110110011010",
            "weightExponent": 19,
            "status": "Accepted",
            "items": [],
            "cost": 112
          },
          {
            "word": "110011011",
            "code": "1111111110110011011",
            "weightExponent": 19,
            "status": "Accepted",
            "items": [],
            "cost": 109
          },
          {
            "word": "110011100",
            "code": "1111111110110011100",
            "weightExponent": 19,
            "status": "Accepted",
            "items": [],
            "cost": 139
          },
          {
            "word": "110011101",
            "code": "1111111110110011101",
            "weightExponent": 19,
            "status": "Accepted",
            "items": [],
            "cost": 109
          },
          {
            "word": "110011110",
            "code": "1111111110110011110",
            "weightExponent": 19,
            "status": "Accepted",
            "items": [],
            "cost": 109
          },
          {
            "word": "110011111",
            "code": "1111111110110011111",
            "weightExponent": 19,
            "status": "Accepted",
            "items": [],
            "cost": 106
          },
          {
            "word": "110100000",
            "code": "1111111110110100000",
            "weightExponent": 19,
            "status": "Accepted",
            "items": [],
            "cost": 184
          },
          {
            "word": "110100001",
            "code": "1111111110110100001",
            "weightExponent": 19,
            "status": "Accepted",
            "items": [],
            "cost": 154
          },
          {
            "word": "110100010",
            "code": "1111111110110100010",
            "weightExponent": 19,
            "status": "Accepted",
            "items": [],
            "cost": 151
          },
          {
            "word": "110100011",
            "code": "1111111110110100011",
            "weightExponent": 19,
            "status": "Accepted",
            "items": [],
            "cost": 151
          },
          {
            "word": "110100100",
            "code": "1111111110110100100",
            "weightExponent": 19,
            "status": "Accepted",
            "items": [],
            "cost": 184
          },
          {
            "word": "110100101",
            "code": "1111111110110100101",
            "weightExponent": 19,
            "status": "Accepted",
            "items": [],
            "cost": 133
          },
          {
            "word": "110100110",
            "code": "1111111110110100110",
            "weightExponent": 19,
            "status": "Accepted",
            "items": [],
            "cost": 133
          },
          {
            "word": "110100111",
            "code": "1111111110110100111",
            "weightExponent": 19,
            "status": "Accepted",
            "items": [],
            "cost": 130
          },
          {
            "word": "110101000",
            "code": "1111111110110101000",
            "weightExponent": 19,
            "status": "Accepted",
            "items": [
              "0",
              "0"
            ],
            "cost": 215
          },
          {
            "word": "110101001",
            "code": "1111111110110101001",
            "weightExponent": 19,
            "status": "Accepted",
            "items": [],
            "cost": 154
          },
          {
            "word": "110101010",
            "code": "1111111110110101010",
            "weightExponent": 19,
            "status": "Accepted",
            "items": [],
            "cost": 85
          },
          {
            "word": "110101011",
            "code": "1111111110110101011",
            "weightExponent": 19,
            "status": "Accepted",
            "items": [],
            "cost": 82
          },
          {
            "word": "110101100",
            "code": "1111111110110101100",
            "weightExponent": 19,
            "status": "Accepted",
            "items": [],
            "cost": 112
          },
          {
            "word": "110101101",
            "code": "1111111110110101101",
            "weightExponent": 19,
            "status": "Accepted",
            "items": [],
            "cost": 82
          },
          {
            "word": "110101110",
            "code": "1111111110110101110",
            "weightExponent": 19,
            "status": "Accepted",
            "items": [],
            "cost": 82
          },
          {
            "word": "110101111",
            "code": "1111111110110101111",
            "weightExponent": 19,
            "status": "Accepted",
            "items": [],
            "cost": 79
          },
          {
            "word": "110110000",
            "code": "1111111110110110000",
            "weightExponent": 19,
            "status": "Accepted",
            "items": [],
            "cost": 175
          },
          {
            "word": "110110001",
            "code": "1111111110110110001",
            "weightExponent": 19,
            "status": "Accepted",
            "items": [],
            "cost": 154
          },
          {
            "word": "110110010",
            "code": "1111111110110110010",
            "weightExponent": 19,
            "status": "Accepted",
            "items": [],
            "cost": 112
          },
          {
            "word": "110110011",
            "code": "1111111110110110011",
            "weightExponent": 19,
            "status": "Accepted",
            "items": [],
            "cost": 109
          },
          {
            "word": "110110100",
            "code": "1111111110110110100",
            "weightExponent": 19,
            "status": "Accepted",
            "items": [],
            "cost": 133
          },
          {
            "word": "110110101",
            "code": "1111111110110110101",
            "weightExponent": 19,
            "status": "Accepted",
            "items": [],
            "cost": 82
          },
          {
            "word": "110110110",
            "code": "1111111110110110110",
            "weightExponent": 19,
            "status": "Accepted",
            "items": [],
            "cost": 82
          },
          {
            "word": "110110111",
            "code": "1111111110110110111",
            "weightExponent": 19,
            "status": "Accepted",
            "items": [],
            "cost": 79
          },
          {
            "word": "110111000",
            "code": "1111111110110111000",
            "weightExponent": 19,
            "status": "Accepted",
            "items": [],
            "cost": 127
          },
          {
            "word": "110111001",
            "code": "1111111110110111001",
            "weightExponent": 19,
            "status": "Accepted",
            "items": [],
            "cost": 109
          },
          {
            "word": "110111010",
            "code": "1111111110110111010",
            "weightExponent": 19,
            "status": "Accepted",
            "items": [],
            "cost": 82
          },
          {
            "word": "110111011",
            "code": "1111111110110111011",
            "weightExponent": 19,
            "status": "Accepted",
            "items": [],
            "cost": 79
          },
          {
            "word": "110111100",
            "code": "1111111110110111100",
            "weightExponent": 19,
            "status": "Accepted",
            "items": [],
            "cost": 109
          },
          {
            "word": "110111101",
            "code": "1111111110110111101",
            "weightExponent": 19,
            "status": "Accepted",
            "items": [],
            "cost": 79
          },
          {
            "word": "110111110",
            "code": "1111111110110111110",
            "weightExponent": 19,
            "status": "Accepted",
            "items": [],
            "cost": 79
          },
          {
            "word": "110111111",
            "code": "1111111110110111111",
            "weightExponent": 19,
            "status": "Accepted",
            "items": [],
            "cost": 76
          },
          {
            "word": "111000000",
            "code": "1111111110111000000",
            "weightExponent": 19,
            "status": "Accepted",
            "items": [],
            "cost": 190
          },
          {
            "word": "111000001",
            "code": "1111111110111000001",
            "weightExponent": 19,
            "status": "Accepted",
            "items": [],
            "cost": 160
          },
          {
            "word": "111000010",
            "code": "1111111110111000010",
            "weightExponent": 19,
            "status": "Accepted",
            "items": [],
            "cost": 157
          },
          {
            "word": "111000011",
            "code": "1111111110111000011",
            "weightExponent": 19,
            "status": "Accepted",
            "items": [],
            "cost": 157
          },
          {
            "word": "111000100",
            "code": "1111111110111000100",
            "weightExponent": 19,
            "status": "Accepted",
            "items": [],
            "cost": 184
          },
          {
            "word": "111000101",
            "code": "1111111110111000101",
            "weightExponent": 19,
            "status": "Accepted",
            "items": [],
            "cost": 127
          },
          {
            "word": "111000110",
            "code": "1111111110111000110",
            "weightExponent": 19,
            "status": "Accepted",
            "items": [],
            "cost": 127
          },
          {
            "word": "111000111",
            "code": "1111111110111000111",
            "weightExponent": 19,
            "status": "Accepted",
            "items": [],
            "cost": 124
          },
          {
            "word": "111001000",
            "code": "1111111110111001000",
            "weightExponent": 19,
            "status": "Accepted",
            "items": [],
            "cost": 175
          },
          {
            "word": "111001001",
            "code": "1111111110111001001",
            "weightExponent": 19,
            "status": "Accepted",
            "items": [],
            "cost": 154
          },
          {
            "word": "111001010",
            "code": "1111111110111001010",
            "weightExponent": 19,
            "status": "Accepted",
            "items": [],
            "cost": 112
          },
          {
            "word": "111001011",
            "code": "1111111110111001011",
            "weightExponent": 19,
            "status": "Accepted",
            "items": [],
            "cost": 109
          },
          {
            "word": "111001100",
            "code": "1111111110111001100",
            "weightExponent": 19,
            "status": "Accepted",
            "items": [],
            "cost": 139
          },
          {
            "word": "111001101",
            "code": "1111111110111001101",
            "weightExponent": 19,
            "status": "Accepted",
            "items": [],
            "cost": 109
          },
          {
            "word": "111001110",
            "code": "1111111110111001110",
            "weightExponent": 19,
            "status": "Accepted",
            "items": [],
            "cost": 109
          },
          {
            "word": "111001111",
            "code": "1111111110111001111",
            "weightExponent": 19,
            "status": "Accepted",
            "items": [],
            "cost": 106
          },
          {
            "word": "111010000",
            "code": "1111111110111010000",
            "weightExponent": 19,
            "status": "Accepted",
            "items": [],
            "cost": 181
          },
          {
            "word": "111010001",
            "code": "1111111110111010001",
            "weightExponent": 19,
            "status": "Accepted",
            "items": [],
            "cost": 139
          },
          {
            "word": "111010010",
            "code": "1111111110111010010",
            "weightExponent": 19,
            "status": "Accepted",
            "items": [],
            "cost": 133
          },
          {
            "word": "111010011",
            "code": "1111111110111010011",
            "weightExponent": 19,
            "status": "Accepted",
            "items": [],
            "cost": 130
          },
          {
            "word": "111010100",
            "code": "1111111110111010100",
            "weightExponent": 19,
            "status": "Accepted",
            "items": [],
            "cost": 154
          },
          {
            "word": "111010101",
            "code": "1111111110111010101",
            "weightExponent": 19,
            "status": "Accepted",
            "items": [],
            "cost": 82
          },
          {
            "word": "111010110",
            "code": "1111111110111010110",
            "weightExponent": 19,
            "status": "Accepted",
            "items": [],
            "cost": 82
          },
          {
            "word": "111010111",
            "code": "1111111110111010111",
            "weightExponent": 19,
            "status": "Accepted",
            "items": [],
            "cost": 79
          },
          {
            "word": "111011000",
            "code": "1111111110111011000",
            "weightExponent": 19,
            "status": "Accepted",
            "items": [],
            "cost": 154
          },
          {
            "word": "111011001",
            "code": "1111111110111011001",
            "weightExponent": 19,
            "status": "Accepted",
            "items": [],
            "cost": 109
          },
          {
            "word": "111011010",
            "code": "1111111110111011010",
            "weightExponent": 19,
            "status": "Accepted",
            "items": [],
            "cost": 82
          },
          {
            "word": "111011011",
            "code": "1111111110111011011",
            "weightExponent": 19,
            "status": "Accepted",
            "items": [],
            "cost": 79
          },
          {
            "word": "111011100",
            "code": "1111111110111011100",
            "weightExponent": 19,
            "status": "Accepted",
            "items": [],
            "cost": 109
          },
          {
            "word": "111011101",
            "code": "1111111110111011101",
            "weightExponent": 19,
            "status": "Accepted",
            "items": [],
            "cost": 79
          },
          {
            "word": "111011110",
            "code": "1111111110111011110",
            "weightExponent": 19,
            "status": "Accepted",
            "items": [],
            "cost": 79
          },
          {
            "word": "111011111",
            "code": "1111111110111011111",
            "weightExponent": 19,
            "status": "Accepted",
            "items": [],
            "cost": 76
          },
          {
            "word": "111100000",
            "code": "1111111110111100000",
            "weightExponent": 19,
            "status": "Accepted",
            "items": [],
            "cost": 175
          },
          {
            "word": "111100001",
            "code": "1111111110111100001",
            "weightExponent": 19,
            "status": "Accepted",
            "items": [],
            "cost": 154
          },
          {
            "word": "111100010",
            "code": "1111111110111100010",
            "weightExponent": 19,
            "status": "Accepted",
            "items": [],
            "cost": 127
          },
          {
            "word": "111100011",
            "code": "1111111110111100011",
            "weightExponent": 19,
            "status": "Accepted",
            "items": [],
            "cost": 124
          },
          {
            "word": "111100100",
            "code": "1111111110111100100",
            "weightExponent": 19,
            "status": "Accepted",
            "items": [],
            "cost": 154
          },
          {
            "word": "111100101",
            "code": "1111111110111100101",
            "weightExponent": 19,
            "status": "Accepted",
            "items": [],
            "cost": 109
          },
          {
            "word": "111100110",
            "code": "1111111110111100110",
            "weightExponent": 19,
            "status": "Accepted",
            "items": [],
            "cost": 109
          },
          {
            "word": "111100111",
            "code": "1111111110111100111",
            "weightExponent": 19,
            "status": "Accepted",
            "items": [],
            "cost": 106
          },
          {
            "word": "111101000",
            "code": "1111111110111101000",
            "weightExponent": 19,
            "status": "Accepted",
            "items": [],
            "cost": 139
          },
          {
            "word": "111101001",
            "code": "1111111110111101001",
            "weightExponent": 19,
            "status": "Accepted",
            "items": [],
            "cost": 130
          },
          {
            "word": "111101010",
            "code": "1111111110111101010",
            "weightExponent": 19,
            "status": "Accepted",
            "items": [],
            "cost": 82
          },
          {
            "word": "111101011",
            "code": "1111111110111101011",
            "weightExponent": 19,
            "status": "Accepted",
            "items": [],
            "cost": 79
          },
          {
            "word": "111101100",
            "code": "1111111110111101100",
            "weightExponent": 19,
            "status": "Accepted",
            "items": [],
            "cost": 109
          },
          {
            "word": "111101101",
            "code": "1111111110111101101",
            "weightExponent": 19,
            "status": "Accepted",
            "items": [],
            "cost": 79
          },
          {
            "word": "111101110",
            "code": "1111111110111101110",
            "weightExponent": 19,
            "status": "Accepted",
            "items": [],
            "cost": 79
          },
          {
            "word": "111101111",
            "code": "1111111110111101111",
            "weightExponent": 19,
            "status": "Accepted",
            "items": [],
            "cost": 76
          },
          {
            "word": "111110000",
            "code": "1111111110111110000",
            "weightExponent": 19,
            "status": "Accepted",
            "items": [],
            "cost": 154
          },
          {
            "word": "111110001",
            "code": "1111111110111110001",
            "weightExponent": 19,
            "status": "Accepted",
            "items": [],
            "cost": 124
          },
          {
            "word": "111110010",
            "code": "1111111110111110010",
            "weightExponent": 19,
            "status": "Accepted",
            "items": [],
            "cost": 109
          },
          {
            "word": "111110011",
            "code": "1111111110111110011",
            "weightExponent": 19,
            "status": "Accepted",
            "items": [],
            "cost": 106
          },
          {
            "word": "111110100",
            "code": "1111111110111110100",
            "weightExponent": 19,
            "status": "Accepted",
            "items": [],
            "cost": 130
          },
          {
            "word": "111110101",
            "code": "1111111110111110101",
            "weightExponent": 19,
            "status": "Accepted",
            "items": [],
            "cost": 79
          },
          {
            "word": "111110110",
            "code": "1111111110111110110",
            "weightExponent": 19,
            "status": "Accepted",
            "items": [],
            "cost": 79
          },
          {
            "word": "111110111",
            "code": "1111111110111110111",
            "weightExponent": 19,
            "status": "Accepted",
            "items": [],
            "cost": 76
          },
          {
            "word": "111111000",
            "code": "1111111110111111000",
            "weightExponent": 19,
            "status": "Accepted",
            "items": [],
            "cost": 124
          },
          {
            "word": "111111001",
            "code": "1111111110111111001",
            "weightExponent": 19,
            "status": "Accepted",
            "items": [],
            "cost": 106
          },
          {
            "word": "111111010",
            "code": "1111111110111111010",
            "weightExponent": 19,
            "status": "Accepted",
            "items": [],
            "cost": 79
          },
          {
            "word": "111111011",
            "code": "1111111110111111011",
            "weightExponent": 19,
            "status": "Accepted",
            "items": [],
            "cost": 76
          },
          {
            "word": "111111100",
            "code": "1111111110111111100",
            "weightExponent": 19,
            "status": "Accepted",
            "items": [],
            "cost": 106
          },
          {
            "word": "111111101",
            "code": "1111111110111111101",
            "weightExponent": 19,
            "status": "Accepted",
            "items": [],
            "cost": 76
          },
          {
            "word": "111111110",
            "code": "1111111110111111110",
            "weightExponent": 19,
            "status": "Accepted",
            "items": [],
            "cost": 76
          },
          {
            "word": "111111111",
            "code": "1111111110111111111",
            "weightExponent": 19,
            "status": "Accepted",
            "items": [],
            "cost": 73
          }
        ]
      },
      "state": {
        "actualTransitions": 13349,
        "elapsedMs": 5,
        "hits": 8287,
        "misses": 930,
        "cacheEntries": 930,
        "arenaNodes": 921,
        "rows": [
          {
            "word": "",
            "code": "0",
            "weightExponent": 1,
            "status": "Accepted",
            "items": [],
            "cost": 10
          },
          {
            "word": "0",
            "code": "100",
            "weightExponent": 3,
            "status": "Accepted",
            "items": [],
            "cost": 23
          },
          {
            "word": "1",
            "code": "101",
            "weightExponent": 3,
            "status": "Accepted",
            "items": [],
            "cost": 17
          },
          {
            "word": "00",
            "code": "11000",
            "weightExponent": 5,
            "status": "Accepted",
            "items": [],
            "cost": 45
          },
          {
            "word": "01",
            "code": "11001",
            "weightExponent": 5,
            "status": "Accepted",
            "items": [],
            "cost": 30
          },
          {
            "word": "10",
            "code": "11010",
            "weightExponent": 5,
            "status": "Accepted",
            "items": [],
            "cost": 27
          },
          {
            "word": "11",
            "code": "11011",
            "weightExponent": 5,
            "status": "Accepted",
            "items": [],
            "cost": 24
          },
          {
            "word": "000",
            "code": "1110000",
            "weightExponent": 7,
            "status": "Accepted",
            "items": [],
            "cost": 76
          },
          {
            "word": "001",
            "code": "1110001",
            "weightExponent": 7,
            "status": "RejectedNonBitOutput",
            "items": [
              "<non-bit>"
            ],
            "cost": 90
          },
          {
            "word": "010",
            "code": "1110010",
            "weightExponent": 7,
            "status": "RejectedNonBitOutput",
            "items": [
              "<non-bit>"
            ],
            "cost": 72
          },
          {
            "word": "011",
            "code": "1110011",
            "weightExponent": 7,
            "status": "RejectedNonBitOutput",
            "items": [
              "<non-bit>"
            ],
            "cost": 72
          },
          {
            "word": "100",
            "code": "1110100",
            "weightExponent": 7,
            "status": "Accepted",
            "items": [],
            "cost": 70
          },
          {
            "word": "101",
            "code": "1110101",
            "weightExponent": 7,
            "status": "Accepted",
            "items": [],
            "cost": 34
          },
          {
            "word": "110",
            "code": "1110110",
            "weightExponent": 7,
            "status": "Accepted",
            "items": [],
            "cost": 34
          },
          {
            "word": "111",
            "code": "1110111",
            "weightExponent": 7,
            "status": "Accepted",
            "items": [],
            "cost": 31
          },
          {
            "word": "0000",
            "code": "111100000",
            "weightExponent": 9,
            "status": "Accepted",
            "items": [],
            "cost": 98
          },
          {
            "word": "0001",
            "code": "111100001",
            "weightExponent": 9,
            "status": "Accepted",
            "items": [],
            "cost": 83
          },
          {
            "word": "0010",
            "code": "111100010",
            "weightExponent": 9,
            "status": "Accepted",
            "items": [],
            "cost": 59
          },
          {
            "word": "0011",
            "code": "111100011",
            "weightExponent": 9,
            "status": "Accepted",
            "items": [],
            "cost": 59
          },
          {
            "word": "0100",
            "code": "111100100",
            "weightExponent": 9,
            "status": "Accepted",
            "items": [],
            "cost": 41
          },
          {
            "word": "0101",
            "code": "111100101",
            "weightExponent": 9,
            "status": "Accepted",
            "items": [],
            "cost": 41
          },
          {
            "word": "0110",
            "code": "111100110",
            "weightExponent": 9,
            "status": "Accepted",
            "items": [],
            "cost": 41
          },
          {
            "word": "0111",
            "code": "111100111",
            "weightExponent": 9,
            "status": "Accepted",
            "items": [],
            "cost": 41
          },
          {
            "word": "1000",
            "code": "111101000",
            "weightExponent": 9,
            "status": "Accepted",
            "items": [],
            "cost": 77
          },
          {
            "word": "1001",
            "code": "111101001",
            "weightExponent": 9,
            "status": "RejectedNonBitOutput",
            "items": [
              "<non-bit>"
            ],
            "cost": 106
          },
          {
            "word": "1010",
            "code": "111101010",
            "weightExponent": 9,
            "status": "Accepted",
            "items": [],
            "cost": 44
          },
          {
            "word": "1011",
            "code": "111101011",
            "weightExponent": 9,
            "status": "Accepted",
            "items": [],
            "cost": 41
          },
          {
            "word": "1100",
            "code": "111101100",
            "weightExponent": 9,
            "status": "Accepted",
            "items": [],
            "cost": 71
          },
          {
            "word": "1101",
            "code": "111101101",
            "weightExponent": 9,
            "status": "Accepted",
            "items": [],
            "cost": 41
          },
          {
            "word": "1110",
            "code": "111101110",
            "weightExponent": 9,
            "status": "Accepted",
            "items": [],
            "cost": 41
          },
          {
            "word": "1111",
            "code": "111101111",
            "weightExponent": 9,
            "status": "Accepted",
            "items": [],
            "cost": 38
          },
          {
            "word": "00000",
            "code": "11111000000",
            "weightExponent": 11,
            "status": "Accepted",
            "items": [],
            "cost": 129
          },
          {
            "word": "00001",
            "code": "11111000001",
            "weightExponent": 11,
            "status": "RejectedNonBitOutput",
            "items": [
              "<non-bit>"
            ],
            "cost": 143
          },
          {
            "word": "00010",
            "code": "11111000010",
            "weightExponent": 11,
            "status": "RejectedNonBitOutput",
            "items": [
              "<non-bit>"
            ],
            "cost": 125
          },
          {
            "word": "00011",
            "code": "11111000011",
            "weightExponent": 11,
            "status": "RejectedNonBitOutput",
            "items": [
              "<non-bit>"
            ],
            "cost": 125
          },
          {
            "word": "00100",
            "code": "11111000100",
            "weightExponent": 11,
            "status": "Accepted",
            "items": [
              "1"
            ],
            "cost": 134
          },
          {
            "word": "00101",
            "code": "11111000101",
            "weightExponent": 11,
            "status": "Accepted",
            "items": [],
            "cost": 66
          },
          {
            "word": "00110",
            "code": "11111000110",
            "weightExponent": 11,
            "status": "RejectedTypeError",
            "items": [],
            "cost": 121
          },
          {
            "word": "00111",
            "code": "11111000111",
            "weightExponent": 11,
            "status": "Accepted",
            "items": [],
            "cost": 66
          },
          {
            "word": "01000",
            "code": "11111001000",
            "weightExponent": 11,
            "status": "Accepted",
            "items": [
              "1"
            ],
            "cost": 116
          },
          {
            "word": "01001",
            "code": "11111001001",
            "weightExponent": 11,
            "status": "Accepted",
            "items": [],
            "cost": 48
          },
          {
            "word": "01010",
            "code": "11111001010",
            "weightExponent": 11,
            "status": "RejectedTypeError",
            "items": [],
            "cost": 103
          },
          {
            "word": "01011",
            "code": "11111001011",
            "weightExponent": 11,
            "status": "Accepted",
            "items": [],
            "cost": 48
          },
          {
            "word": "01100",
            "code": "11111001100",
            "weightExponent": 11,
            "status": "Accepted",
            "items": [
              "1"
            ],
            "cost": 116
          },
          {
            "word": "01101",
            "code": "11111001101",
            "weightExponent": 11,
            "status": "Accepted",
            "items": [],
            "cost": 48
          },
          {
            "word": "01110",
            "code": "11111001110",
            "weightExponent": 11,
            "status": "RejectedTypeError",
            "items": [],
            "cost": 103
          },
          {
            "word": "01111",
            "code": "11111001111",
            "weightExponent": 11,
            "status": "Accepted",
            "items": [],
            "cost": 48
          },
          {
            "word": "10000",
            "code": "11111010000",
            "weightExponent": 11,
            "status": "Accepted",
            "items": [],
            "cost": 114
          },
          {
            "word": "10001",
            "code": "11111010001",
            "weightExponent": 11,
            "status": "Accepted",
            "items": [],
            "cost": 84
          },
          {
            "word": "10010",
            "code": "11111010010",
            "weightExponent": 11,
            "status": "Accepted",
            "items": [],
            "cost": 81
          },
          {
            "word": "10011",
            "code": "11111010011",
            "weightExponent": 11,
            "status": "Accepted",
            "items": [],
            "cost": 81
          },
          {
            "word": "10100",
            "code": "11111010100",
            "weightExponent": 11,
            "status": "Accepted",
            "items": [],
            "cost": 108
          },
          {
            "word": "10101",
            "code": "11111010101",
            "weightExponent": 11,
            "status": "Accepted",
            "items": [],
            "cost": 51
          },
          {
            "word": "10110",
            "code": "11111010110",
            "weightExponent": 11,
            "status": "Accepted",
            "items": [],
            "cost": 51
          },
          {
            "word": "10111",
            "code": "11111010111",
            "weightExponent": 11,
            "status": "Accepted",
            "items": [],
            "cost": 48
          },
          {
            "word": "11000",
            "code": "11111011000",
            "weightExponent": 11,
            "status": "Accepted",
            "items": [],
            "cost": 99
          },
          {
            "word": "11001",
            "code": "11111011001",
            "weightExponent": 11,
            "status": "Accepted",
            "items": [],
            "cost": 78
          },
          {
            "word": "11010",
            "code": "11111011010",
            "weightExponent": 11,
            "status": "Accepted",
            "items": [],
            "cost": 51
          },
          {
            "word": "11011",
            "code": "11111011011",
            "weightExponent": 11,
            "status": "Accepted",
            "items": [],
            "cost": 48
          },
          {
            "word": "11100",
            "code": "11111011100",
            "weightExponent": 11,
            "status": "Accepted",
            "items": [],
            "cost": 78
          },
          {
            "word": "11101",
            "code": "11111011101",
            "weightExponent": 11,
            "status": "Accepted",
            "items": [],
            "cost": 48
          },
          {
            "word": "11110",
            "code": "11111011110",
            "weightExponent": 11,
            "status": "Accepted",
            "items": [],
            "cost": 48
          },
          {
            "word": "11111",
            "code": "11111011111",
            "weightExponent": 11,
            "status": "Accepted",
            "items": [],
            "cost": 45
          },
          {
            "word": "000000",
            "code": "1111110000000",
            "weightExponent": 13,
            "status": "Accepted",
            "items": [],
            "cost": 151
          },
          {
            "word": "000001",
            "code": "1111110000001",
            "weightExponent": 13,
            "status": "Accepted",
            "items": [],
            "cost": 136
          },
          {
            "word": "000010",
            "code": "1111110000010",
            "weightExponent": 13,
            "status": "Accepted",
            "items": [],
            "cost": 112
          },
          {
            "word": "000011",
            "code": "1111110000011",
            "weightExponent": 13,
            "status": "Accepted",
            "items": [],
            "cost": 112
          },
          {
            "word": "000100",
            "code": "1111110000100",
            "weightExponent": 13,
            "status": "Accepted",
            "items": [],
            "cost": 94
          },
          {
            "word": "000101",
            "code": "1111110000101",
            "weightExponent": 13,
            "status": "Accepted",
            "items": [],
            "cost": 94
          },
          {
            "word": "000110",
            "code": "1111110000110",
            "weightExponent": 13,
            "status": "Accepted",
            "items": [],
            "cost": 94
          },
          {
            "word": "000111",
            "code": "1111110000111",
            "weightExponent": 13,
            "status": "Accepted",
            "items": [],
            "cost": 94
          },
          {
            "word": "001000",
            "code": "1111110001000",
            "weightExponent": 13,
            "status": "Accepted",
            "items": [],
            "cost": 121
          },
          {
            "word": "001001",
            "code": "1111110001001",
            "weightExponent": 13,
            "status": "Accepted",
            "items": [],
            "cost": 118
          },
          {
            "word": "001010",
            "code": "1111110001010",
            "weightExponent": 13,
            "status": "Accepted",
            "items": [],
            "cost": 76
          },
          {
            "word": "001011",
            "code": "1111110001011",
            "weightExponent": 13,
            "status": "Accepted",
            "items": [],
            "cost": 73
          },
          {
            "word": "001100",
            "code": "1111110001100",
            "weightExponent": 13,
            "status": "Accepted",
            "items": [],
            "cost": 91
          },
          {
            "word": "001101",
            "code": "1111110001101",
            "weightExponent": 13,
            "status": "Accepted",
            "items": [],
            "cost": 88
          },
          {
            "word": "001110",
            "code": "1111110001110",
            "weightExponent": 13,
            "status": "Accepted",
            "items": [],
            "cost": 76
          },
          {
            "word": "001111",
            "code": "1111110001111",
            "weightExponent": 13,
            "status": "Accepted",
            "items": [],
            "cost": 73
          },
          {
            "word": "010000",
            "code": "1111110010000",
            "weightExponent": 13,
            "status": "Accepted",
            "items": [],
            "cost": 103
          },
          {
            "word": "010001",
            "code": "1111110010001",
            "weightExponent": 13,
            "status": "Accepted",
            "items": [],
            "cost": 100
          },
          {
            "word": "010010",
            "code": "1111110010010",
            "weightExponent": 13,
            "status": "Accepted",
            "items": [],
            "cost": 58
          },
          {
            "word": "010011",
            "code": "1111110010011",
            "weightExponent": 13,
            "status": "Accepted",
            "items": [],
            "cost": 55
          },
          {
            "word": "010100",
            "code": "1111110010100",
            "weightExponent": 13,
            "status": "Accepted",
            "items": [],
            "cost": 73
          },
          {
            "word": "010101",
            "code": "1111110010101",
            "weightExponent": 13,
            "status": "Accepted",
            "items": [],
            "cost": 70
          },
          {
            "word": "010110",
            "code": "1111110010110",
            "weightExponent": 13,
            "status": "Accepted",
            "items": [],
            "cost": 58
          },
          {
            "word": "010111",
            "code": "1111110010111",
            "weightExponent": 13,
            "status": "Accepted",
            "items": [],
            "cost": 55
          },
          {
            "word": "011000",
            "code": "1111110011000",
            "weightExponent": 13,
            "status": "Accepted",
            "items": [],
            "cost": 103
          },
          {
            "word": "011001",
            "code": "1111110011001",
            "weightExponent": 13,
            "status": "Accepted",
            "items": [],
            "cost": 100
          },
          {
            "word": "011010",
            "code": "1111110011010",
            "weightExponent": 13,
            "status": "Accepted",
            "items": [],
            "cost": 58
          },
          {
            "word": "011011",
            "code": "1111110011011",
            "weightExponent": 13,
            "status": "Accepted",
            "items": [],
            "cost": 55
          },
          {
            "word": "011100",
            "code": "1111110011100",
            "weightExponent": 13,
            "status": "Accepted",
            "items": [],
            "cost": 73
          },
          {
            "word": "011101",
            "code": "1111110011101",
            "weightExponent": 13,
            "status": "Accepted",
            "items": [],
            "cost": 70
          },
          {
            "word": "011110",
            "code": "1111110011110",
            "weightExponent": 13,
            "status": "Accepted",
            "items": [],
            "cost": 58
          },
          {
            "word": "011111",
            "code": "1111110011111",
            "weightExponent": 13,
            "status": "Accepted",
            "items": [],
            "cost": 55
          },
          {
            "word": "100000",
            "code": "1111110100000",
            "weightExponent": 13,
            "status": "Accepted",
            "items": [],
            "cost": 121
          },
          {
            "word": "100001",
            "code": "1111110100001",
            "weightExponent": 13,
            "status": "RejectedNonBitOutput",
            "items": [
              "<non-bit>"
            ],
            "cost": 150
          },
          {
            "word": "100010",
            "code": "1111110100010",
            "weightExponent": 13,
            "status": "Accepted",
            "items": [],
            "cost": 94
          },
          {
            "word": "100011",
            "code": "1111110100011",
            "weightExponent": 13,
            "status": "Accepted",
            "items": [],
            "cost": 91
          },
          {
            "word": "100100",
            "code": "1111110100100",
            "weightExponent": 13,
            "status": "Accepted",
            "items": [],
            "cost": 91
          },
          {
            "word": "100101",
            "code": "1111110100101",
            "weightExponent": 13,
            "status": "Accepted",
            "items": [],
            "cost": 88
          },
          {
            "word": "100110",
            "code": "1111110100110",
            "weightExponent": 13,
            "status": "Accepted",
            "items": [],
            "cost": 91
          },
          {
            "word": "100111",
            "code": "1111110100111",
            "weightExponent": 13,
            "status": "Accepted",
            "items": [],
            "cost": 88
          },
          {
            "word": "101000",
            "code": "1111110101000",
            "weightExponent": 13,
            "status": "Accepted",
            "items": [],
            "cost": 115
          },
          {
            "word": "101001",
            "code": "1111110101001",
            "weightExponent": 13,
            "status": "Accepted",
            "items": [],
            "cost": 112
          },
          {
            "word": "101010",
            "code": "1111110101010",
            "weightExponent": 13,
            "status": "Accepted",
            "items": [],
            "cost": 61
          },
          {
            "word": "101011",
            "code": "1111110101011",
            "weightExponent": 13,
            "status": "Accepted",
            "items": [],
            "cost": 58
          },
          {
            "word": "101100",
            "code": "1111110101100",
            "weightExponent": 13,
            "status": "Accepted",
            "items": [],
            "cost": 88
          },
          {
            "word": "101101",
            "code": "1111110101101",
            "weightExponent": 13,
            "status": "Accepted",
            "items": [],
            "cost": 58
          },
          {
            "word": "101110",
            "code": "1111110101110",
            "weightExponent": 13,
            "status": "Accepted",
            "items": [],
            "cost": 58
          },
          {
            "word": "101111",
            "code": "1111110101111",
            "weightExponent": 13,
            "status": "Accepted",
            "items": [],
            "cost": 55
          },
          {
            "word": "110000",
            "code": "1111110110000",
            "weightExponent": 13,
            "status": "Accepted",
            "items": [],
            "cost": 121
          },
          {
            "word": "110001",
            "code": "1111110110001",
            "weightExponent": 13,
            "status": "Accepted",
            "items": [],
            "cost": 106
          },
          {
            "word": "110010",
            "code": "1111110110010",
            "weightExponent": 13,
            "status": "Accepted",
            "items": [],
            "cost": 88
          },
          {
            "word": "110011",
            "code": "1111110110011",
            "weightExponent": 13,
            "status": "Accepted",
            "items": [],
            "cost": 85
          },
          {
            "word": "110100",
            "code": "1111110110100",
            "weightExponent": 13,
            "status": "Accepted",
            "items": [],
            "cost": 109
          },
          {
            "word": "110101",
            "code": "1111110110101",
            "weightExponent": 13,
            "status": "Accepted",
            "items": [],
            "cost": 58
          },
          {
            "word": "110110",
            "code": "1111110110110",
            "weightExponent": 13,
            "status": "Accepted",
            "items": [],
            "cost": 58
          },
          {
            "word": "110111",
            "code": "1111110110111",
            "weightExponent": 13,
            "status": "Accepted",
            "items": [],
            "cost": 55
          },
          {
            "word": "111000",
            "code": "1111110111000",
            "weightExponent": 13,
            "status": "Accepted",
            "items": [],
            "cost": 103
          },
          {
            "word": "111001",
            "code": "1111110111001",
            "weightExponent": 13,
            "status": "Accepted",
            "items": [],
            "cost": 85
          },
          {
            "word": "111010",
            "code": "1111110111010",
            "weightExponent": 13,
            "status": "Accepted",
            "items": [],
            "cost": 58
          },
          {
            "word": "111011",
            "code": "1111110111011",
            "weightExponent": 13,
            "status": "Accepted",
            "items": [],
            "cost": 55
          },
          {
            "word": "111100",
            "code": "1111110111100",
            "weightExponent": 13,
            "status": "Accepted",
            "items": [],
            "cost": 85
          },
          {
            "word": "111101",
            "code": "1111110111101",
            "weightExponent": 13,
            "status": "Accepted",
            "items": [],
            "cost": 55
          },
          {
            "word": "111110",
            "code": "1111110111110",
            "weightExponent": 13,
            "status": "Accepted",
            "items": [],
            "cost": 55
          },
          {
            "word": "111111",
            "code": "1111110111111",
            "weightExponent": 13,
            "status": "Accepted",
            "items": [],
            "cost": 52
          },
          {
            "word": "0000000",
            "code": "111111100000000",
            "weightExponent": 15,
            "status": "Accepted",
            "items": [],
            "cost": 182
          },
          {
            "word": "0000001",
            "code": "111111100000001",
            "weightExponent": 15,
            "status": "RejectedNonBitOutput",
            "items": [
              "<non-bit>"
            ],
            "cost": 196
          },
          {
            "word": "0000010",
            "code": "111111100000010",
            "weightExponent": 15,
            "status": "RejectedNonBitOutput",
            "items": [
              "<non-bit>"
            ],
            "cost": 178
          },
          {
            "word": "0000011",
            "code": "111111100000011",
            "weightExponent": 15,
            "status": "RejectedNonBitOutput",
            "items": [
              "<non-bit>"
            ],
            "cost": 178
          },
          {
            "word": "0000100",
            "code": "111111100000100",
            "weightExponent": 15,
            "status": "Accepted",
            "items": [
              "1"
            ],
            "cost": 187
          },
          {
            "word": "0000101",
            "code": "111111100000101",
            "weightExponent": 15,
            "status": "Accepted",
            "items": [],
            "cost": 119
          },
          {
            "word": "0000110",
            "code": "111111100000110",
            "weightExponent": 15,
            "status": "RejectedTypeError",
            "items": [],
            "cost": 174
          },
          {
            "word": "0000111",
            "code": "111111100000111",
            "weightExponent": 15,
            "status": "Accepted",
            "items": [],
            "cost": 119
          },
          {
            "word": "0001000",
            "code": "111111100001000",
            "weightExponent": 15,
            "status": "Accepted",
            "items": [
              "1"
            ],
            "cost": 169
          },
          {
            "word": "0001001",
            "code": "111111100001001",
            "weightExponent": 15,
            "status": "Accepted",
            "items": [],
            "cost": 101
          },
          {
            "word": "0001010",
            "code": "111111100001010",
            "weightExponent": 15,
            "status": "RejectedTypeError",
            "items": [],
            "cost": 156
          },
          {
            "word": "0001011",
            "code": "111111100001011",
            "weightExponent": 15,
            "status": "Accepted",
            "items": [],
            "cost": 101
          },
          {
            "word": "0001100",
            "code": "111111100001100",
            "weightExponent": 15,
            "status": "Accepted",
            "items": [
              "1"
            ],
            "cost": 169
          },
          {
            "word": "0001101",
            "code": "111111100001101",
            "weightExponent": 15,
            "status": "Accepted",
            "items": [],
            "cost": 101
          },
          {
            "word": "0001110",
            "code": "111111100001110",
            "weightExponent": 15,
            "status": "RejectedTypeError",
            "items": [],
            "cost": 156
          },
          {
            "word": "0001111",
            "code": "111111100001111",
            "weightExponent": 15,
            "status": "Accepted",
            "items": [],
            "cost": 101
          },
          {
            "word": "0010000",
            "code": "111111100010000",
            "weightExponent": 15,
            "status": "Accepted",
            "items": [],
            "cost": 167
          },
          {
            "word": "0010001",
            "code": "111111100010001",
            "weightExponent": 15,
            "status": "Accepted",
            "items": [],
            "cost": 128
          },
          {
            "word": "0010010",
            "code": "111111100010010",
            "weightExponent": 15,
            "status": "Accepted",
            "items": [],
            "cost": 146
          },
          {
            "word": "0010011",
            "code": "111111100010011",
            "weightExponent": 15,
            "status": "Accepted",
            "items": [],
            "cost": 125
          },
          {
            "word": "0010100",
            "code": "111111100010100",
            "weightExponent": 15,
            "status": "Accepted",
            "items": [
              "0",
              "0",
              "1"
            ],
            "cost": 212
          },
          {
            "word": "0010101",
            "code": "111111100010101",
            "weightExponent": 15,
            "status": "Accepted",
            "items": [],
            "cost": 83
          },
          {
            "word": "0010110",
            "code": "111111100010110",
            "weightExponent": 15,
            "status": "Accepted",
            "items": [],
            "cost": 83
          },
          {
            "word": "0010111",
            "code": "111111100010111",
            "weightExponent": 15,
            "status": "Accepted",
            "items": [],
            "cost": 80
          },
          {
            "word": "0011000",
            "code": "111111100011000",
            "weightExponent": 15,
            "status": "Accepted",
            "items": [],
            "cost": 152
          },
          {
            "word": "0011001",
            "code": "111111100011001",
            "weightExponent": 15,
            "status": "Accepted",
            "items": [],
            "cost": 104
          },
          {
            "word": "0011010",
            "code": "111111100011010",
            "weightExponent": 15,
            "status": "Accepted",
            "items": [],
            "cost": 146
          },
          {
            "word": "0011011",
            "code": "111111100011011",
            "weightExponent": 15,
            "status": "Accepted",
            "items": [],
            "cost": 101
          },
          {
            "word": "0011100",
            "code": "111111100011100",
            "weightExponent": 15,
            "status": "Accepted",
            "items": [
              "0",
              "1"
            ],
            "cost": 186
          },
          {
            "word": "0011101",
            "code": "111111100011101",
            "weightExponent": 15,
            "status": "Accepted",
            "items": [],
            "cost": 83
          },
          {
            "word": "0011110",
            "code": "111111100011110",
            "weightExponent": 15,
            "status": "Accepted",
            "items": [],
            "cost": 83
          },
          {
            "word": "0011111",
            "code": "111111100011111",
            "weightExponent": 15,
            "status": "Accepted",
            "items": [],
            "cost": 80
          },
          {
            "word": "0100000",
            "code": "111111100100000",
            "weightExponent": 15,
            "status": "Accepted",
            "items": [],
            "cost": 149
          },
          {
            "word": "0100001",
            "code": "111111100100001",
            "weightExponent": 15,
            "status": "Accepted",
            "items": [],
            "cost": 110
          },
          {
            "word": "0100010",
            "code": "111111100100010",
            "weightExponent": 15,
            "status": "Accepted",
            "items": [],
            "cost": 128
          },
          {
            "word": "0100011",
            "code": "111111100100011",
            "weightExponent": 15,
            "status": "Accepted",
            "items": [],
            "cost": 107
          },
          {
            "word": "0100100",
            "code": "111111100100100",
            "weightExponent": 15,
            "status": "Accepted",
            "items": [
              "0",
              "0",
              "1"
            ],
            "cost": 194
          },
          {
            "word": "0100101",
            "code": "111111100100101",
            "weightExponent": 15,
            "status": "Accepted",
            "items": [],
            "cost": 65
          },
          {
            "word": "0100110",
            "code": "111111100100110",
            "weightExponent": 15,
            "status": "Accepted",
            "items": [],
            "cost": 65
          },
          {
            "word": "0100111",
            "code": "111111100100111",
            "weightExponent": 15,
            "status": "Accepted",
            "items": [],
            "cost": 62
          },
          {
            "word": "0101000",
            "code": "111111100101000",
            "weightExponent": 15,
            "status": "Accepted",
            "items": [],
            "cost": 134
          },
          {
            "word": "0101001",
            "code": "111111100101001",
            "weightExponent": 15,
            "status": "Accepted",
            "items": [],
            "cost": 86
          },
          {
            "word": "0101010",
            "code": "111111100101010",
            "weightExponent": 15,
            "status": "Accepted",
            "items": [],
            "cost": 128
          },
          {
            "word": "0101011",
            "code": "111111100101011",
            "weightExponent": 15,
            "status": "Accepted",
            "items": [],
            "cost": 83
          },
          {
            "word": "0101100",
            "code": "111111100101100",
            "weightExponent": 15,
            "status": "Accepted",
            "items": [
              "0",
              "1"
            ],
            "cost": 168
          },
          {
            "word": "0101101",
            "code": "111111100101101",
            "weightExponent": 15,
            "status": "Accepted",
            "items": [],
            "cost": 65
          },
          {
            "word": "0101110",
            "code": "111111100101110",
            "weightExponent": 15,
            "status": "Accepted",
            "items": [],
            "cost": 65
          },
          {
            "word": "0101111",
            "code": "111111100101111",
            "weightExponent": 15,
            "status": "Accepted",
            "items": [],
            "cost": 62
          },
          {
            "word": "0110000",
            "code": "111111100110000",
            "weightExponent": 15,
            "status": "Accepted",
            "items": [],
            "cost": 149
          },
          {
            "word": "0110001",
            "code": "111111100110001",
            "weightExponent": 15,
            "status": "Accepted",
            "items": [],
            "cost": 110
          },
          {
            "word": "0110010",
            "code": "111111100110010",
            "weightExponent": 15,
            "status": "Accepted",
            "items": [],
            "cost": 128
          },
          {
            "word": "0110011",
            "code": "111111100110011",
            "weightExponent": 15,
            "status": "Accepted",
            "items": [],
            "cost": 107
          },
          {
            "word": "0110100",
            "code": "111111100110100",
            "weightExponent": 15,
            "status": "Accepted",
            "items": [
              "0",
              "0",
              "1"
            ],
            "cost": 194
          },
          {
            "word": "0110101",
            "code": "111111100110101",
            "weightExponent": 15,
            "status": "Accepted",
            "items": [],
            "cost": 65
          },
          {
            "word": "0110110",
            "code": "111111100110110",
            "weightExponent": 15,
            "status": "Accepted",
            "items": [],
            "cost": 65
          },
          {
            "word": "0110111",
            "code": "111111100110111",
            "weightExponent": 15,
            "status": "Accepted",
            "items": [],
            "cost": 62
          },
          {
            "word": "0111000",
            "code": "111111100111000",
            "weightExponent": 15,
            "status": "Accepted",
            "items": [],
            "cost": 134
          },
          {
            "word": "0111001",
            "code": "111111100111001",
            "weightExponent": 15,
            "status": "Accepted",
            "items": [],
            "cost": 86
          },
          {
            "word": "0111010",
            "code": "111111100111010",
            "weightExponent": 15,
            "status": "Accepted",
            "items": [],
            "cost": 128
          },
          {
            "word": "0111011",
            "code": "111111100111011",
            "weightExponent": 15,
            "status": "Accepted",
            "items": [],
            "cost": 83
          },
          {
            "word": "0111100",
            "code": "111111100111100",
            "weightExponent": 15,
            "status": "Accepted",
            "items": [
              "0",
              "1"
            ],
            "cost": 168
          },
          {
            "word": "0111101",
            "code": "111111100111101",
            "weightExponent": 15,
            "status": "Accepted",
            "items": [],
            "cost": 65
          },
          {
            "word": "0111110",
            "code": "111111100111110",
            "weightExponent": 15,
            "status": "Accepted",
            "items": [],
            "cost": 65
          },
          {
            "word": "0111111",
            "code": "111111100111111",
            "weightExponent": 15,
            "status": "Accepted",
            "items": [],
            "cost": 62
          },
          {
            "word": "1000000",
            "code": "111111101000000",
            "weightExponent": 15,
            "status": "Accepted",
            "items": [],
            "cost": 158
          },
          {
            "word": "1000001",
            "code": "111111101000001",
            "weightExponent": 15,
            "status": "Accepted",
            "items": [],
            "cost": 128
          },
          {
            "word": "1000010",
            "code": "111111101000010",
            "weightExponent": 15,
            "status": "Accepted",
            "items": [],
            "cost": 125
          },
          {
            "word": "1000011",
            "code": "111111101000011",
            "weightExponent": 15,
            "status": "Accepted",
            "items": [],
            "cost": 125
          },
          {
            "word": "1000100",
            "code": "111111101000100",
            "weightExponent": 15,
            "status": "Accepted",
            "items": [],
            "cost": 152
          },
          {
            "word": "1000101",
            "code": "111111101000101",
            "weightExponent": 15,
            "status": "Accepted",
            "items": [],
            "cost": 101
          },
          {
            "word": "1000110",
            "code": "111111101000110",
            "weightExponent": 15,
            "status": "Accepted",
            "items": [],
            "cost": 101
          },
          {
            "word": "1000111",
            "code": "111111101000111",
            "weightExponent": 15,
            "status": "Accepted",
            "items": [],
            "cost": 98
          },
          {
            "word": "1001000",
            "code": "111111101001000",
            "weightExponent": 15,
            "status": "Accepted",
            "items": [],
            "cost": 143
          },
          {
            "word": "1001001",
            "code": "111111101001001",
            "weightExponent": 15,
            "status": "Accepted",
            "items": [],
            "cost": 98
          },
          {
            "word": "1001010",
            "code": "111111101001010",
            "weightExponent": 15,
            "status": "Accepted",
            "items": [],
            "cost": 98
          },
          {
            "word": "1001011",
            "code": "111111101001011",
            "weightExponent": 15,
            "status": "Accepted",
            "items": [],
            "cost": 95
          },
          {
            "word": "1001100",
            "code": "111111101001100",
            "weightExponent": 15,
            "status": "Accepted",
            "items": [],
            "cost": 128
          },
          {
            "word": "1001101",
            "code": "111111101001101",
            "weightExponent": 15,
            "status": "Accepted",
            "items": [],
            "cost": 98
          },
          {
            "word": "1001110",
            "code": "111111101001110",
            "weightExponent": 15,
            "status": "Accepted",
            "items": [],
            "cost": 98
          },
          {
            "word": "1001111",
            "code": "111111101001111",
            "weightExponent": 15,
            "status": "Accepted",
            "items": [],
            "cost": 95
          },
          {
            "word": "1010000",
            "code": "111111101010000",
            "weightExponent": 15,
            "status": "Accepted",
            "items": [],
            "cost": 146
          },
          {
            "word": "1010001",
            "code": "111111101010001",
            "weightExponent": 15,
            "status": "RejectedNonBitOutput",
            "items": [
              "<non-bit>"
            ],
            "cost": 151
          },
          {
            "word": "1010010",
            "code": "111111101010010",
            "weightExponent": 15,
            "status": "Accepted",
            "items": [],
            "cost": 119
          },
          {
            "word": "1010011",
            "code": "111111101010011",
            "weightExponent": 15,
            "status": "RejectedNonBitOutput",
            "items": [
              "<non-bit>"
            ],
            "cost": 148
          },
          {
            "word": "1010100",
            "code": "111111101010100",
            "weightExponent": 15,
            "status": "Accepted",
            "items": [],
            "cost": 137
          },
          {
            "word": "1010101",
            "code": "111111101010101",
            "weightExponent": 15,
            "status": "Accepted",
            "items": [],
            "cost": 68
          },
          {
            "word": "1010110",
            "code": "111111101010110",
            "weightExponent": 15,
            "status": "Accepted",
            "items": [],
            "cost": 68
          },
          {
            "word": "1010111",
            "code": "111111101010111",
            "weightExponent": 15,
            "status": "Accepted",
            "items": [],
            "cost": 65
          },
          {
            "word": "1011000",
            "code": "111111101011000",
            "weightExponent": 15,
            "status": "Accepted",
            "items": [],
            "cost": 146
          },
          {
            "word": "1011001",
            "code": "111111101011001",
            "weightExponent": 15,
            "status": "Accepted",
            "items": [],
            "cost": 95
          },
          {
            "word": "1011010",
            "code": "111111101011010",
            "weightExponent": 15,
            "status": "Accepted",
            "items": [],
            "cost": 68
          },
          {
            "word": "1011011",
            "code": "111111101011011",
            "weightExponent": 15,
            "status": "Accepted",
            "items": [],
            "cost": 65
          },
          {
            "word": "1011100",
            "code": "111111101011100",
            "weightExponent": 15,
            "status": "Accepted",
            "items": [],
            "cost": 95
          },
          {
            "word": "1011101",
            "code": "111111101011101",
            "weightExponent": 15,
            "status": "Accepted",
            "items": [],
            "cost": 65
          },
          {
            "word": "1011110",
            "code": "111111101011110",
            "weightExponent": 15,
            "status": "Accepted",
            "items": [],
            "cost": 65
          },
          {
            "word": "1011111",
            "code": "111111101011111",
            "weightExponent": 15,
            "status": "Accepted",
            "items": [],
            "cost": 62
          },
          {
            "word": "1100000",
            "code": "111111101100000",
            "weightExponent": 15,
            "status": "Accepted",
            "items": [],
            "cost": 152
          },
          {
            "word": "1100001",
            "code": "111111101100001",
            "weightExponent": 15,
            "status": "RejectedNonBitOutput",
            "items": [
              "<non-bit>"
            ],
            "cost": 166
          },
          {
            "word": "1100010",
            "code": "111111101100010",
            "weightExponent": 15,
            "status": "RejectedNonBitOutput",
            "items": [
              "<non-bit>"
            ],
            "cost": 148
          },
          {
            "word": "1100011",
            "code": "111111101100011",
            "weightExponent": 15,
            "status": "RejectedNonBitOutput",
            "items": [
              "<non-bit>"
            ],
            "cost": 148
          },
          {
            "word": "1100100",
            "code": "111111101100100",
            "weightExponent": 15,
            "status": "Accepted",
            "items": [],
            "cost": 146
          },
          {
            "word": "1100101",
            "code": "111111101100101",
            "weightExponent": 15,
            "status": "Accepted",
            "items": [],
            "cost": 95
          },
          {
            "word": "1100110",
            "code": "111111101100110",
            "weightExponent": 15,
            "status": "Accepted",
            "items": [],
            "cost": 95
          },
          {
            "word": "1100111",
            "code": "111111101100111",
            "weightExponent": 15,
            "status": "Accepted",
            "items": [],
            "cost": 92
          },
          {
            "word": "1101000",
            "code": "111111101101000",
            "weightExponent": 15,
            "status": "Accepted",
            "items": [],
            "cost": 137
          },
          {
            "word": "1101001",
            "code": "111111101101001",
            "weightExponent": 15,
            "status": "Accepted",
            "items": [],
            "cost": 116
          },
          {
            "word": "1101010",
            "code": "111111101101010",
            "weightExponent": 15,
            "status": "Accepted",
            "items": [],
            "cost": 68
          },
          {
            "word": "1101011",
            "code": "111111101101011",
            "weightExponent": 15,
            "status": "Accepted",
            "items": [],
            "cost": 65
          },
          {
            "word": "1101100",
            "code": "111111101101100",
            "weightExponent": 15,
            "status": "Accepted",
            "items": [],
            "cost": 95
          },
          {
            "word": "1101101",
            "code": "111111101101101",
            "weightExponent": 15,
            "status": "Accepted",
            "items": [],
            "cost": 65
          },
          {
            "word": "1101110",
            "code": "111111101101110",
            "weightExponent": 15,
            "status": "Accepted",
            "items": [],
            "cost": 65
          },
          {
            "word": "1101111",
            "code": "111111101101111",
            "weightExponent": 15,
            "status": "Accepted",
            "items": [],
            "cost": 62
          },
          {
            "word": "1110000",
            "code": "111111101110000",
            "weightExponent": 15,
            "status": "Accepted",
            "items": [],
            "cost": 146
          },
          {
            "word": "1110001",
            "code": "111111101110001",
            "weightExponent": 15,
            "status": "Accepted",
            "items": [],
            "cost": 110
          },
          {
            "word": "1110010",
            "code": "111111101110010",
            "weightExponent": 15,
            "status": "Accepted",
            "items": [],
            "cost": 95
          },
          {
            "word": "1110011",
            "code": "111111101110011",
            "weightExponent": 15,
            "status": "Accepted",
            "items": [],
            "cost": 92
          },
          {
            "word": "1110100",
            "code": "111111101110100",
            "weightExponent": 15,
            "status": "Accepted",
            "items": [],
            "cost": 116
          },
          {
            "word": "1110101",
            "code": "111111101110101",
            "weightExponent": 15,
            "status": "Accepted",
            "items": [],
            "cost": 65
          },
          {
            "word": "1110110",
            "code": "111111101110110",
            "weightExponent": 15,
            "status": "Accepted",
            "items": [],
            "cost": 65
          },
          {
            "word": "1110111",
            "code": "111111101110111",
            "weightExponent": 15,
            "status": "Accepted",
            "items": [],
            "cost": 62
          },
          {
            "word": "1111000",
            "code": "111111101111000",
            "weightExponent": 15,
            "status": "Accepted",
            "items": [],
            "cost": 110
          },
          {
            "word": "1111001",
            "code": "111111101111001",
            "weightExponent": 15,
            "status": "Accepted",
            "items": [],
            "cost": 92
          },
          {
            "word": "1111010",
            "code": "111111101111010",
            "weightExponent": 15,
            "status": "Accepted",
            "items": [],
            "cost": 65
          },
          {
            "word": "1111011",
            "code": "111111101111011",
            "weightExponent": 15,
            "status": "Accepted",
            "items": [],
            "cost": 62
          },
          {
            "word": "1111100",
            "code": "111111101111100",
            "weightExponent": 15,
            "status": "Accepted",
            "items": [],
            "cost": 92
          },
          {
            "word": "1111101",
            "code": "111111101111101",
            "weightExponent": 15,
            "status": "Accepted",
            "items": [],
            "cost": 62
          },
          {
            "word": "1111110",
            "code": "111111101111110",
            "weightExponent": 15,
            "status": "Accepted",
            "items": [],
            "cost": 62
          },
          {
            "word": "1111111",
            "code": "111111101111111",
            "weightExponent": 15,
            "status": "Accepted",
            "items": [],
            "cost": 59
          },
          {
            "word": "00000000",
            "code": "11111111000000000",
            "weightExponent": 17,
            "status": "Accepted",
            "items": [],
            "cost": 204
          },
          {
            "word": "00000001",
            "code": "11111111000000001",
            "weightExponent": 17,
            "status": "Accepted",
            "items": [],
            "cost": 189
          },
          {
            "word": "00000010",
            "code": "11111111000000010",
            "weightExponent": 17,
            "status": "Accepted",
            "items": [],
            "cost": 165
          },
          {
            "word": "00000011",
            "code": "11111111000000011",
            "weightExponent": 17,
            "status": "Accepted",
            "items": [],
            "cost": 165
          },
          {
            "word": "00000100",
            "code": "11111111000000100",
            "weightExponent": 17,
            "status": "Accepted",
            "items": [],
            "cost": 147
          },
          {
            "word": "00000101",
            "code": "11111111000000101",
            "weightExponent": 17,
            "status": "Accepted",
            "items": [],
            "cost": 147
          },
          {
            "word": "00000110",
            "code": "11111111000000110",
            "weightExponent": 17,
            "status": "Accepted",
            "items": [],
            "cost": 147
          },
          {
            "word": "00000111",
            "code": "11111111000000111",
            "weightExponent": 17,
            "status": "Accepted",
            "items": [],
            "cost": 147
          },
          {
            "word": "00001000",
            "code": "11111111000001000",
            "weightExponent": 17,
            "status": "Accepted",
            "items": [],
            "cost": 174
          },
          {
            "word": "00001001",
            "code": "11111111000001001",
            "weightExponent": 17,
            "status": "Accepted",
            "items": [],
            "cost": 171
          },
          {
            "word": "00001010",
            "code": "11111111000001010",
            "weightExponent": 17,
            "status": "Accepted",
            "items": [],
            "cost": 129
          },
          {
            "word": "00001011",
            "code": "11111111000001011",
            "weightExponent": 17,
            "status": "Accepted",
            "items": [],
            "cost": 126
          },
          {
            "word": "00001100",
            "code": "11111111000001100",
            "weightExponent": 17,
            "status": "Accepted",
            "items": [],
            "cost": 144
          },
          {
            "word": "00001101",
            "code": "11111111000001101",
            "weightExponent": 17,
            "status": "Accepted",
            "items": [],
            "cost": 141
          },
          {
            "word": "00001110",
            "code": "11111111000001110",
            "weightExponent": 17,
            "status": "Accepted",
            "items": [],
            "cost": 129
          },
          {
            "word": "00001111",
            "code": "11111111000001111",
            "weightExponent": 17,
            "status": "Accepted",
            "items": [],
            "cost": 126
          },
          {
            "word": "00010000",
            "code": "11111111000010000",
            "weightExponent": 17,
            "status": "Accepted",
            "items": [],
            "cost": 156
          },
          {
            "word": "00010001",
            "code": "11111111000010001",
            "weightExponent": 17,
            "status": "Accepted",
            "items": [],
            "cost": 153
          },
          {
            "word": "00010010",
            "code": "11111111000010010",
            "weightExponent": 17,
            "status": "Accepted",
            "items": [],
            "cost": 111
          },
          {
            "word": "00010011",
            "code": "11111111000010011",
            "weightExponent": 17,
            "status": "Accepted",
            "items": [],
            "cost": 108
          },
          {
            "word": "00010100",
            "code": "11111111000010100",
            "weightExponent": 17,
            "status": "Accepted",
            "items": [],
            "cost": 126
          },
          {
            "word": "00010101",
            "code": "11111111000010101",
            "weightExponent": 17,
            "status": "Accepted",
            "items": [],
            "cost": 123
          },
          {
            "word": "00010110",
            "code": "11111111000010110",
            "weightExponent": 17,
            "status": "Accepted",
            "items": [],
            "cost": 111
          },
          {
            "word": "00010111",
            "code": "11111111000010111",
            "weightExponent": 17,
            "status": "Accepted",
            "items": [],
            "cost": 108
          },
          {
            "word": "00011000",
            "code": "11111111000011000",
            "weightExponent": 17,
            "status": "Accepted",
            "items": [],
            "cost": 156
          },
          {
            "word": "00011001",
            "code": "11111111000011001",
            "weightExponent": 17,
            "status": "Accepted",
            "items": [],
            "cost": 153
          },
          {
            "word": "00011010",
            "code": "11111111000011010",
            "weightExponent": 17,
            "status": "Accepted",
            "items": [],
            "cost": 111
          },
          {
            "word": "00011011",
            "code": "11111111000011011",
            "weightExponent": 17,
            "status": "Accepted",
            "items": [],
            "cost": 108
          },
          {
            "word": "00011100",
            "code": "11111111000011100",
            "weightExponent": 17,
            "status": "Accepted",
            "items": [],
            "cost": 126
          },
          {
            "word": "00011101",
            "code": "11111111000011101",
            "weightExponent": 17,
            "status": "Accepted",
            "items": [],
            "cost": 123
          },
          {
            "word": "00011110",
            "code": "11111111000011110",
            "weightExponent": 17,
            "status": "Accepted",
            "items": [],
            "cost": 111
          },
          {
            "word": "00011111",
            "code": "11111111000011111",
            "weightExponent": 17,
            "status": "Accepted",
            "items": [],
            "cost": 108
          },
          {
            "word": "00100000",
            "code": "11111111000100000",
            "weightExponent": 17,
            "status": "Accepted",
            "items": [],
            "cost": 189
          },
          {
            "word": "00100001",
            "code": "11111111000100001",
            "weightExponent": 17,
            "status": "Accepted",
            "items": [],
            "cost": 174
          },
          {
            "word": "00100010",
            "code": "11111111000100010",
            "weightExponent": 17,
            "status": "Accepted",
            "items": [],
            "cost": 138
          },
          {
            "word": "00100011",
            "code": "11111111000100011",
            "weightExponent": 17,
            "status": "Accepted",
            "items": [],
            "cost": 135
          },
          {
            "word": "00100100",
            "code": "11111111000100100",
            "weightExponent": 17,
            "status": "Accepted",
            "items": [
              "0",
              "0"
            ],
            "cost": 214
          },
          {
            "word": "00100101",
            "code": "11111111000100101",
            "weightExponent": 17,
            "status": "Accepted",
            "items": [
              "0",
              "0"
            ],
            "cost": 214
          },
          {
            "word": "00100110",
            "code": "11111111000100110",
            "weightExponent": 17,
            "status": "Accepted",
            "items": [],
            "cost": 135
          },
          {
            "word": "00100111",
            "code": "11111111000100111",
            "weightExponent": 17,
            "status": "Accepted",
            "items": [],
            "cost": 132
          },
          {
            "word": "00101000",
            "code": "11111111000101000",
            "weightExponent": 17,
            "status": "Accepted",
            "items": [],
            "cost": 150
          },
          {
            "word": "00101001",
            "code": "11111111000101001",
            "weightExponent": 17,
            "status": "Accepted",
            "items": [],
            "cost": 147
          },
          {
            "word": "00101010",
            "code": "11111111000101010",
            "weightExponent": 17,
            "status": "Accepted",
            "items": [],
            "cost": 93
          },
          {
            "word": "00101011",
            "code": "11111111000101011",
            "weightExponent": 17,
            "status": "Accepted",
            "items": [],
            "cost": 90
          },
          {
            "word": "00101100",
            "code": "11111111000101100",
            "weightExponent": 17,
            "status": "Accepted",
            "items": [],
            "cost": 120
          },
          {
            "word": "00101101",
            "code": "11111111000101101",
            "weightExponent": 17,
            "status": "Accepted",
            "items": [],
            "cost": 90
          },
          {
            "word": "00101110",
            "code": "11111111000101110",
            "weightExponent": 17,
            "status": "Accepted",
            "items": [],
            "cost": 90
          },
          {
            "word": "00101111",
            "code": "11111111000101111",
            "weightExponent": 17,
            "status": "Accepted",
            "items": [],
            "cost": 87
          },
          {
            "word": "00110000",
            "code": "11111111000110000",
            "weightExponent": 17,
            "status": "Accepted",
            "items": [],
            "cost": 201
          },
          {
            "word": "00110001",
            "code": "11111111000110001",
            "weightExponent": 17,
            "status": "Accepted",
            "items": [],
            "cost": 162
          },
          {
            "word": "00110010",
            "code": "11111111000110010",
            "weightExponent": 17,
            "status": "Accepted",
            "items": [],
            "cost": 120
          },
          {
            "word": "00110011",
            "code": "11111111000110011",
            "weightExponent": 17,
            "status": "Accepted",
            "items": [],
            "cost": 111
          },
          {
            "word": "00110100",
            "code": "11111111000110100",
            "weightExponent": 17,
            "status": "Accepted",
            "items": [],
            "cost": 156
          },
          {
            "word": "00110101",
            "code": "11111111000110101",
            "weightExponent": 17,
            "status": "RejectedNonBitOutput",
            "items": [
              "<non-bit>"
            ],
            "cost": 185
          },
          {
            "word": "00110110",
            "code": "11111111000110110",
            "weightExponent": 17,
            "status": "Accepted",
            "items": [],
            "cost": 117
          },
          {
            "word": "00110111",
            "code": "11111111000110111",
            "weightExponent": 17,
            "status": "Accepted",
            "items": [],
            "cost": 108
          },
          {
            "word": "00111000",
            "code": "11111111000111000",
            "weightExponent": 17,
            "status": "Accepted",
            "items": [],
            "cost": 135
          },
          {
            "word": "00111001",
            "code": "11111111000111001",
            "weightExponent": 17,
            "status": "Accepted",
            "items": [],
            "cost": 132
          },
          {
            "word": "00111010",
            "code": "11111111000111010",
            "weightExponent": 17,
            "status": "Accepted",
            "items": [],
            "cost": 93
          },
          {
            "word": "00111011",
            "code": "11111111000111011",
            "weightExponent": 17,
            "status": "Accepted",
            "items": [],
            "cost": 90
          },
          {
            "word": "00111100",
            "code": "11111111000111100",
            "weightExponent": 17,
            "status": "Accepted",
            "items": [],
            "cost": 120
          },
          {
            "word": "00111101",
            "code": "11111111000111101",
            "weightExponent": 17,
            "status": "Accepted",
            "items": [],
            "cost": 90
          },
          {
            "word": "00111110",
            "code": "11111111000111110",
            "weightExponent": 17,
            "status": "Accepted",
            "items": [],
            "cost": 90
          },
          {
            "word": "00111111",
            "code": "11111111000111111",
            "weightExponent": 17,
            "status": "Accepted",
            "items": [],
            "cost": 87
          },
          {
            "word": "01000000",
            "code": "11111111001000000",
            "weightExponent": 17,
            "status": "Accepted",
            "items": [],
            "cost": 171
          },
          {
            "word": "01000001",
            "code": "11111111001000001",
            "weightExponent": 17,
            "status": "Accepted",
            "items": [],
            "cost": 156
          },
          {
            "word": "01000010",
            "code": "11111111001000010",
            "weightExponent": 17,
            "status": "Accepted",
            "items": [],
            "cost": 120
          },
          {
            "word": "01000011",
            "code": "11111111001000011",
            "weightExponent": 17,
            "status": "Accepted",
            "items": [],
            "cost": 117
          },
          {
            "word": "01000100",
            "code": "11111111001000100",
            "weightExponent": 17,
            "status": "Accepted",
            "items": [
              "0",
              "0"
            ],
            "cost": 196
          },
          {
            "word": "01000101",
            "code": "11111111001000101",
            "weightExponent": 17,
            "status": "Accepted",
            "items": [
              "0",
              "0"
            ],
            "cost": 196
          },
          {
            "word": "01000110",
            "code": "11111111001000110",
            "weightExponent": 17,
            "status": "Accepted",
            "items": [],
            "cost": 117
          },
          {
            "word": "01000111",
            "code": "11111111001000111",
            "weightExponent": 17,
            "status": "Accepted",
            "items": [],
            "cost": 114
          },
          {
            "word": "01001000",
            "code": "11111111001001000",
            "weightExponent": 17,
            "status": "Accepted",
            "items": [],
            "cost": 132
          },
          {
            "word": "01001001",
            "code": "11111111001001001",
            "weightExponent": 17,
            "status": "Accepted",
            "items": [],
            "cost": 129
          },
          {
            "word": "01001010",
            "code": "11111111001001010",
            "weightExponent": 17,
            "status": "Accepted",
            "items": [],
            "cost": 75
          },
          {
            "word": "01001011",
            "code": "11111111001001011",
            "weightExponent": 17,
            "status": "Accepted",
            "items": [],
            "cost": 72
          },
          {
            "word": "01001100",
            "code": "11111111001001100",
            "weightExponent": 17,
            "status": "Accepted",
            "items": [],
            "cost": 102
          },
          {
            "word": "01001101",
            "code": "11111111001001101",
            "weightExponent": 17,
            "status": "Accepted",
            "items": [],
            "cost": 72
          },
          {
            "word": "01001110",
            "code": "11111111001001110",
            "weightExponent": 17,
            "status": "Accepted",
            "items": [],
            "cost": 72
          },
          {
            "word": "01001111",
            "code": "11111111001001111",
            "weightExponent": 17,
            "status": "Accepted",
            "items": [],
            "cost": 69
          },
          {
            "word": "01010000",
            "code": "11111111001010000",
            "weightExponent": 17,
            "status": "Accepted",
            "items": [],
            "cost": 183
          },
          {
            "word": "01010001",
            "code": "11111111001010001",
            "weightExponent": 17,
            "status": "Accepted",
            "items": [],
            "cost": 144
          },
          {
            "word": "01010010",
            "code": "11111111001010010",
            "weightExponent": 17,
            "status": "Accepted",
            "items": [],
            "cost": 102
          },
          {
            "word": "01010011",
            "code": "11111111001010011",
            "weightExponent": 17,
            "status": "Accepted",
            "items": [],
            "cost": 93
          },
          {
            "word": "01010100",
            "code": "11111111001010100",
            "weightExponent": 17,
            "status": "Accepted",
            "items": [],
            "cost": 138
          },
          {
            "word": "01010101",
            "code": "11111111001010101",
            "weightExponent": 17,
            "status": "RejectedNonBitOutput",
            "items": [
              "<non-bit>"
            ],
            "cost": 167
          },
          {
            "word": "01010110",
            "code": "11111111001010110",
            "weightExponent": 17,
            "status": "Accepted",
            "items": [],
            "cost": 99
          },
          {
            "word": "01010111",
            "code": "11111111001010111",
            "weightExponent": 17,
            "status": "Accepted",
            "items": [],
            "cost": 90
          },
          {
            "word": "01011000",
            "code": "11111111001011000",
            "weightExponent": 17,
            "status": "Accepted",
            "items": [],
            "cost": 117
          },
          {
            "word": "01011001",
            "code": "11111111001011001",
            "weightExponent": 17,
            "status": "Accepted",
            "items": [],
            "cost": 114
          },
          {
            "word": "01011010",
            "code": "11111111001011010",
            "weightExponent": 17,
            "status": "Accepted",
            "items": [],
            "cost": 75
          },
          {
            "word": "01011011",
            "code": "11111111001011011",
            "weightExponent": 17,
            "status": "Accepted",
            "items": [],
            "cost": 72
          },
          {
            "word": "01011100",
            "code": "11111111001011100",
            "weightExponent": 17,
            "status": "Accepted",
            "items": [],
            "cost": 102
          },
          {
            "word": "01011101",
            "code": "11111111001011101",
            "weightExponent": 17,
            "status": "Accepted",
            "items": [],
            "cost": 72
          },
          {
            "word": "01011110",
            "code": "11111111001011110",
            "weightExponent": 17,
            "status": "Accepted",
            "items": [],
            "cost": 72
          },
          {
            "word": "01011111",
            "code": "11111111001011111",
            "weightExponent": 17,
            "status": "Accepted",
            "items": [],
            "cost": 69
          },
          {
            "word": "01100000",
            "code": "11111111001100000",
            "weightExponent": 17,
            "status": "Accepted",
            "items": [],
            "cost": 171
          },
          {
            "word": "01100001",
            "code": "11111111001100001",
            "weightExponent": 17,
            "status": "Accepted",
            "items": [],
            "cost": 156
          },
          {
            "word": "01100010",
            "code": "11111111001100010",
            "weightExponent": 17,
            "status": "Accepted",
            "items": [],
            "cost": 120
          },
          {
            "word": "01100011",
            "code": "11111111001100011",
            "weightExponent": 17,
            "status": "Accepted",
            "items": [],
            "cost": 117
          },
          {
            "word": "01100100",
            "code": "11111111001100100",
            "weightExponent": 17,
            "status": "Accepted",
            "items": [
              "0",
              "0"
            ],
            "cost": 196
          },
          {
            "word": "01100101",
            "code": "11111111001100101",
            "weightExponent": 17,
            "status": "Accepted",
            "items": [
              "0",
              "0"
            ],
            "cost": 196
          },
          {
            "word": "01100110",
            "code": "11111111001100110",
            "weightExponent": 17,
            "status": "Accepted",
            "items": [],
            "cost": 117
          },
          {
            "word": "01100111",
            "code": "11111111001100111",
            "weightExponent": 17,
            "status": "Accepted",
            "items": [],
            "cost": 114
          },
          {
            "word": "01101000",
            "code": "11111111001101000",
            "weightExponent": 17,
            "status": "Accepted",
            "items": [],
            "cost": 132
          },
          {
            "word": "01101001",
            "code": "11111111001101001",
            "weightExponent": 17,
            "status": "Accepted",
            "items": [],
            "cost": 129
          },
          {
            "word": "01101010",
            "code": "11111111001101010",
            "weightExponent": 17,
            "status": "Accepted",
            "items": [],
            "cost": 75
          },
          {
            "word": "01101011",
            "code": "11111111001101011",
            "weightExponent": 17,
            "status": "Accepted",
            "items": [],
            "cost": 72
          },
          {
            "word": "01101100",
            "code": "11111111001101100",
            "weightExponent": 17,
            "status": "Accepted",
            "items": [],
            "cost": 102
          },
          {
            "word": "01101101",
            "code": "11111111001101101",
            "weightExponent": 17,
            "status": "Accepted",
            "items": [],
            "cost": 72
          },
          {
            "word": "01101110",
            "code": "11111111001101110",
            "weightExponent": 17,
            "status": "Accepted",
            "items": [],
            "cost": 72
          },
          {
            "word": "01101111",
            "code": "11111111001101111",
            "weightExponent": 17,
            "status": "Accepted",
            "items": [],
            "cost": 69
          },
          {
            "word": "01110000",
            "code": "11111111001110000",
            "weightExponent": 17,
            "status": "Accepted",
            "items": [],
            "cost": 183
          },
          {
            "word": "01110001",
            "code": "11111111001110001",
            "weightExponent": 17,
            "status": "Accepted",
            "items": [],
            "cost": 144
          },
          {
            "word": "01110010",
            "code": "11111111001110010",
            "weightExponent": 17,
            "status": "Accepted",
            "items": [],
            "cost": 102
          },
          {
            "word": "01110011",
            "code": "11111111001110011",
            "weightExponent": 17,
            "status": "Accepted",
            "items": [],
            "cost": 93
          },
          {
            "word": "01110100",
            "code": "11111111001110100",
            "weightExponent": 17,
            "status": "Accepted",
            "items": [],
            "cost": 138
          },
          {
            "word": "01110101",
            "code": "11111111001110101",
            "weightExponent": 17,
            "status": "RejectedNonBitOutput",
            "items": [
              "<non-bit>"
            ],
            "cost": 167
          },
          {
            "word": "01110110",
            "code": "11111111001110110",
            "weightExponent": 17,
            "status": "Accepted",
            "items": [],
            "cost": 99
          },
          {
            "word": "01110111",
            "code": "11111111001110111",
            "weightExponent": 17,
            "status": "Accepted",
            "items": [],
            "cost": 90
          },
          {
            "word": "01111000",
            "code": "11111111001111000",
            "weightExponent": 17,
            "status": "Accepted",
            "items": [],
            "cost": 117
          },
          {
            "word": "01111001",
            "code": "11111111001111001",
            "weightExponent": 17,
            "status": "Accepted",
            "items": [],
            "cost": 114
          },
          {
            "word": "01111010",
            "code": "11111111001111010",
            "weightExponent": 17,
            "status": "Accepted",
            "items": [],
            "cost": 75
          },
          {
            "word": "01111011",
            "code": "11111111001111011",
            "weightExponent": 17,
            "status": "Accepted",
            "items": [],
            "cost": 72
          },
          {
            "word": "01111100",
            "code": "11111111001111100",
            "weightExponent": 17,
            "status": "Accepted",
            "items": [],
            "cost": 102
          },
          {
            "word": "01111101",
            "code": "11111111001111101",
            "weightExponent": 17,
            "status": "Accepted",
            "items": [],
            "cost": 72
          },
          {
            "word": "01111110",
            "code": "11111111001111110",
            "weightExponent": 17,
            "status": "Accepted",
            "items": [],
            "cost": 72
          },
          {
            "word": "01111111",
            "code": "11111111001111111",
            "weightExponent": 17,
            "status": "Accepted",
            "items": [],
            "cost": 69
          },
          {
            "word": "10000000",
            "code": "11111111010000000",
            "weightExponent": 17,
            "status": "Accepted",
            "items": [],
            "cost": 165
          },
          {
            "word": "10000001",
            "code": "11111111010000001",
            "weightExponent": 17,
            "status": "RejectedNonBitOutput",
            "items": [
              "<non-bit>"
            ],
            "cost": 194
          },
          {
            "word": "10000010",
            "code": "11111111010000010",
            "weightExponent": 17,
            "status": "Accepted",
            "items": [],
            "cost": 138
          },
          {
            "word": "10000011",
            "code": "11111111010000011",
            "weightExponent": 17,
            "status": "Accepted",
            "items": [],
            "cost": 135
          },
          {
            "word": "10000100",
            "code": "11111111010000100",
            "weightExponent": 17,
            "status": "Accepted",
            "items": [],
            "cost": 135
          },
          {
            "word": "10000101",
            "code": "11111111010000101",
            "weightExponent": 17,
            "status": "Accepted",
            "items": [],
            "cost": 132
          },
          {
            "word": "10000110",
            "code": "11111111010000110",
            "weightExponent": 17,
            "status": "Accepted",
            "items": [],
            "cost": 135
          },
          {
            "word": "10000111",
            "code": "11111111010000111",
            "weightExponent": 17,
            "status": "Accepted",
            "items": [],
            "cost": 132
          },
          {
            "word": "10001000",
            "code": "11111111010001000",
            "weightExponent": 17,
            "status": "Accepted",
            "items": [],
            "cost": 159
          },
          {
            "word": "10001001",
            "code": "11111111010001001",
            "weightExponent": 17,
            "status": "Accepted",
            "items": [],
            "cost": 156
          },
          {
            "word": "10001010",
            "code": "11111111010001010",
            "weightExponent": 17,
            "status": "Accepted",
            "items": [],
            "cost": 111
          },
          {
            "word": "10001011",
            "code": "11111111010001011",
            "weightExponent": 17,
            "status": "Accepted",
            "items": [],
            "cost": 108
          },
          {
            "word": "10001100",
            "code": "11111111010001100",
            "weightExponent": 17,
            "status": "Accepted",
            "items": [],
            "cost": 138
          },
          {
            "word": "10001101",
            "code": "11111111010001101",
            "weightExponent": 17,
            "status": "Accepted",
            "items": [],
            "cost": 108
          },
          {
            "word": "10001110",
            "code": "11111111010001110",
            "weightExponent": 17,
            "status": "Accepted",
            "items": [],
            "cost": 108
          },
          {
            "word": "10001111",
            "code": "11111111010001111",
            "weightExponent": 17,
            "status": "Accepted",
            "items": [],
            "cost": 105
          },
          {
            "word": "10010000",
            "code": "11111111010010000",
            "weightExponent": 17,
            "status": "Accepted",
            "items": [],
            "cost": 165
          },
          {
            "word": "10010001",
            "code": "11111111010010001",
            "weightExponent": 17,
            "status": "Accepted",
            "items": [],
            "cost": 150
          },
          {
            "word": "10010010",
            "code": "11111111010010010",
            "weightExponent": 17,
            "status": "Accepted",
            "items": [],
            "cost": 108
          },
          {
            "word": "10010011",
            "code": "11111111010010011",
            "weightExponent": 17,
            "status": "Accepted",
            "items": [],
            "cost": 105
          },
          {
            "word": "10010100",
            "code": "11111111010010100",
            "weightExponent": 17,
            "status": "Accepted",
            "items": [],
            "cost": 135
          },
          {
            "word": "10010101",
            "code": "11111111010010101",
            "weightExponent": 17,
            "status": "Accepted",
            "items": [],
            "cost": 105
          },
          {
            "word": "10010110",
            "code": "11111111010010110",
            "weightExponent": 17,
            "status": "Accepted",
            "items": [],
            "cost": 105
          },
          {
            "word": "10010111",
            "code": "11111111010010111",
            "weightExponent": 17,
            "status": "Accepted",
            "items": [],
            "cost": 102
          },
          {
            "word": "10011000",
            "code": "11111111010011000",
            "weightExponent": 17,
            "status": "Accepted",
            "items": [],
            "cost": 138
          },
          {
            "word": "10011001",
            "code": "11111111010011001",
            "weightExponent": 17,
            "status": "Accepted",
            "items": [],
            "cost": 135
          },
          {
            "word": "10011010",
            "code": "11111111010011010",
            "weightExponent": 17,
            "status": "Accepted",
            "items": [],
            "cost": 108
          },
          {
            "word": "10011011",
            "code": "11111111010011011",
            "weightExponent": 17,
            "status": "Accepted",
            "items": [],
            "cost": 105
          },
          {
            "word": "10011100",
            "code": "11111111010011100",
            "weightExponent": 17,
            "status": "Accepted",
            "items": [],
            "cost": 135
          },
          {
            "word": "10011101",
            "code": "11111111010011101",
            "weightExponent": 17,
            "status": "Accepted",
            "items": [],
            "cost": 105
          },
          {
            "word": "10011110",
            "code": "11111111010011110",
            "weightExponent": 17,
            "status": "Accepted",
            "items": [],
            "cost": 105
          },
          {
            "word": "10011111",
            "code": "11111111010011111",
            "weightExponent": 17,
            "status": "Accepted",
            "items": [],
            "cost": 102
          },
          {
            "word": "10100000",
            "code": "11111111010100000",
            "weightExponent": 17,
            "status": "Accepted",
            "items": [],
            "cost": 183
          },
          {
            "word": "10100001",
            "code": "11111111010100001",
            "weightExponent": 17,
            "status": "Accepted",
            "items": [],
            "cost": 153
          },
          {
            "word": "10100010",
            "code": "11111111010100010",
            "weightExponent": 17,
            "status": "Accepted",
            "items": [],
            "cost": 126
          },
          {
            "word": "10100011",
            "code": "11111111010100011",
            "weightExponent": 17,
            "status": "Accepted",
            "items": [],
            "cost": 126
          },
          {
            "word": "10100100",
            "code": "11111111010100100",
            "weightExponent": 17,
            "status": "Accepted",
            "items": [],
            "cost": 156
          },
          {
            "word": "10100101",
            "code": "11111111010100101",
            "weightExponent": 17,
            "status": "Accepted",
            "items": [],
            "cost": 126
          },
          {
            "word": "10100110",
            "code": "11111111010100110",
            "weightExponent": 17,
            "status": "Accepted",
            "items": [],
            "cost": 123
          },
          {
            "word": "10100111",
            "code": "11111111010100111",
            "weightExponent": 17,
            "status": "Accepted",
            "items": [],
            "cost": 123
          },
          {
            "word": "10101000",
            "code": "11111111010101000",
            "weightExponent": 17,
            "status": "Accepted",
            "items": [
              "0"
            ],
            "cost": 179
          },
          {
            "word": "10101001",
            "code": "11111111010101001",
            "weightExponent": 17,
            "status": "Accepted",
            "items": [],
            "cost": 141
          },
          {
            "word": "10101010",
            "code": "11111111010101010",
            "weightExponent": 17,
            "status": "Accepted",
            "items": [],
            "cost": 78
          },
          {
            "word": "10101011",
            "code": "11111111010101011",
            "weightExponent": 17,
            "status": "Accepted",
            "items": [],
            "cost": 75
          },
          {
            "word": "10101100",
            "code": "11111111010101100",
            "weightExponent": 17,
            "status": "Accepted",
            "items": [],
            "cost": 105
          },
          {
            "word": "10101101",
            "code": "11111111010101101",
            "weightExponent": 17,
            "status": "Accepted",
            "items": [],
            "cost": 75
          },
          {
            "word": "10101110",
            "code": "11111111010101110",
            "weightExponent": 17,
            "status": "Accepted",
            "items": [],
            "cost": 75
          },
          {
            "word": "10101111",
            "code": "11111111010101111",
            "weightExponent": 17,
            "status": "Accepted",
            "items": [],
            "cost": 72
          },
          {
            "word": "10110000",
            "code": "11111111010110000",
            "weightExponent": 17,
            "status": "Accepted",
            "items": [],
            "cost": 153
          },
          {
            "word": "10110001",
            "code": "11111111010110001",
            "weightExponent": 17,
            "status": "RejectedNonBitOutput",
            "items": [
              "<non-bit>"
            ],
            "cost": 182
          },
          {
            "word": "10110010",
            "code": "11111111010110010",
            "weightExponent": 17,
            "status": "Accepted",
            "items": [],
            "cost": 105
          },
          {
            "word": "10110011",
            "code": "11111111010110011",
            "weightExponent": 17,
            "status": "Accepted",
            "items": [],
            "cost": 102
          },
          {
            "word": "10110100",
            "code": "11111111010110100",
            "weightExponent": 17,
            "status": "Accepted",
            "items": [],
            "cost": 126
          },
          {
            "word": "10110101",
            "code": "11111111010110101",
            "weightExponent": 17,
            "status": "Accepted",
            "items": [],
            "cost": 75
          },
          {
            "word": "10110110",
            "code": "11111111010110110",
            "weightExponent": 17,
            "status": "Accepted",
            "items": [],
            "cost": 75
          },
          {
            "word": "10110111",
            "code": "11111111010110111",
            "weightExponent": 17,
            "status": "Accepted",
            "items": [],
            "cost": 72
          },
          {
            "word": "10111000",
            "code": "11111111010111000",
            "weightExponent": 17,
            "status": "Accepted",
            "items": [],
            "cost": 120
          },
          {
            "word": "10111001",
            "code": "11111111010111001",
            "weightExponent": 17,
            "status": "Accepted",
            "items": [],
            "cost": 102
          },
          {
            "word": "10111010",
            "code": "11111111010111010",
            "weightExponent": 17,
            "status": "Accepted",
            "items": [],
            "cost": 75
          },
          {
            "word": "10111011",
            "code": "11111111010111011",
            "weightExponent": 17,
            "status": "Accepted",
            "items": [],
            "cost": 72
          },
          {
            "word": "10111100",
            "code": "11111111010111100",
            "weightExponent": 17,
            "status": "Accepted",
            "items": [],
            "cost": 102
          },
          {
            "word": "10111101",
            "code": "11111111010111101",
            "weightExponent": 17,
            "status": "Accepted",
            "items": [],
            "cost": 72
          },
          {
            "word": "10111110",
            "code": "11111111010111110",
            "weightExponent": 17,
            "status": "Accepted",
            "items": [],
            "cost": 72
          },
          {
            "word": "10111111",
            "code": "11111111010111111",
            "weightExponent": 17,
            "status": "Accepted",
            "items": [],
            "cost": 69
          },
          {
            "word": "11000000",
            "code": "11111111011000000",
            "weightExponent": 17,
            "status": "Accepted",
            "items": [],
            "cost": 174
          },
          {
            "word": "11000001",
            "code": "11111111011000001",
            "weightExponent": 17,
            "status": "Accepted",
            "items": [],
            "cost": 159
          },
          {
            "word": "11000010",
            "code": "11111111011000010",
            "weightExponent": 17,
            "status": "Accepted",
            "items": [],
            "cost": 135
          },
          {
            "word": "11000011",
            "code": "11111111011000011",
            "weightExponent": 17,
            "status": "Accepted",
            "items": [],
            "cost": 135
          },
          {
            "word": "11000100",
            "code": "11111111011000100",
            "weightExponent": 17,
            "status": "Accepted",
            "items": [],
            "cost": 117
          },
          {
            "word": "11000101",
            "code": "11111111011000101",
            "weightExponent": 17,
            "status": "Accepted",
            "items": [],
            "cost": 117
          },
          {
            "word": "11000110",
            "code": "11111111011000110",
            "weightExponent": 17,
            "status": "Accepted",
            "items": [],
            "cost": 117
          },
          {
            "word": "11000111",
            "code": "11111111011000111",
            "weightExponent": 17,
            "status": "Accepted",
            "items": [],
            "cost": 117
          },
          {
            "word": "11001000",
            "code": "11111111011001000",
            "weightExponent": 17,
            "status": "Accepted",
            "items": [],
            "cost": 153
          },
          {
            "word": "11001001",
            "code": "11111111011001001",
            "weightExponent": 17,
            "status": "RejectedNonBitOutput",
            "items": [
              "<non-bit>"
            ],
            "cost": 182
          },
          {
            "word": "11001010",
            "code": "11111111011001010",
            "weightExponent": 17,
            "status": "Accepted",
            "items": [],
            "cost": 105
          },
          {
            "word": "11001011",
            "code": "11111111011001011",
            "weightExponent": 17,
            "status": "Accepted",
            "items": [],
            "cost": 102
          },
          {
            "word": "11001100",
            "code": "11111111011001100",
            "weightExponent": 17,
            "status": "Accepted",
            "items": [],
            "cost": 132
          },
          {
            "word": "11001101",
            "code": "11111111011001101",
            "weightExponent": 17,
            "status": "Accepted",
            "items": [],
            "cost": 102
          },
          {
            "word": "11001110",
            "code": "11111111011001110",
            "weightExponent": 17,
            "status": "Accepted",
            "items": [],
            "cost": 102
          },
          {
            "word": "11001111",
            "code": "11111111011001111",
            "weightExponent": 17,
            "status": "Accepted",
            "items": [],
            "cost": 99
          },
          {
            "word": "11010000",
            "code": "11111111011010000",
            "weightExponent": 17,
            "status": "Accepted",
            "items": [],
            "cost": 147
          },
          {
            "word": "11010001",
            "code": "11111111011010001",
            "weightExponent": 17,
            "status": "RejectedNonBitOutput",
            "items": [
              "<non-bit>"
            ],
            "cost": 176
          },
          {
            "word": "11010010",
            "code": "11111111011010010",
            "weightExponent": 17,
            "status": "Accepted",
            "items": [],
            "cost": 126
          },
          {
            "word": "11010011",
            "code": "11111111011010011",
            "weightExponent": 17,
            "status": "Accepted",
            "items": [],
            "cost": 123
          },
          {
            "word": "11010100",
            "code": "11111111011010100",
            "weightExponent": 17,
            "status": "Accepted",
            "items": [],
            "cost": 147
          },
          {
            "word": "11010101",
            "code": "11111111011010101",
            "weightExponent": 17,
            "status": "Accepted",
            "items": [],
            "cost": 75
          },
          {
            "word": "11010110",
            "code": "11111111011010110",
            "weightExponent": 17,
            "status": "Accepted",
            "items": [],
            "cost": 75
          },
          {
            "word": "11010111",
            "code": "11111111011010111",
            "weightExponent": 17,
            "status": "Accepted",
            "items": [],
            "cost": 72
          },
          {
            "word": "11011000",
            "code": "11111111011011000",
            "weightExponent": 17,
            "status": "Accepted",
            "items": [],
            "cost": 147
          },
          {
            "word": "11011001",
            "code": "11111111011011001",
            "weightExponent": 17,
            "status": "Accepted",
            "items": [],
            "cost": 102
          },
          {
            "word": "11011010",
            "code": "11111111011011010",
            "weightExponent": 17,
            "status": "Accepted",
            "items": [],
            "cost": 75
          },
          {
            "word": "11011011",
            "code": "11111111011011011",
            "weightExponent": 17,
            "status": "Accepted",
            "items": [],
            "cost": 72
          },
          {
            "word": "11011100",
            "code": "11111111011011100",
            "weightExponent": 17,
            "status": "Accepted",
            "items": [],
            "cost": 102
          },
          {
            "word": "11011101",
            "code": "11111111011011101",
            "weightExponent": 17,
            "status": "Accepted",
            "items": [],
            "cost": 72
          },
          {
            "word": "11011110",
            "code": "11111111011011110",
            "weightExponent": 17,
            "status": "Accepted",
            "items": [],
            "cost": 72
          },
          {
            "word": "11011111",
            "code": "11111111011011111",
            "weightExponent": 17,
            "status": "Accepted",
            "items": [],
            "cost": 69
          },
          {
            "word": "11100000",
            "code": "11111111011100000",
            "weightExponent": 17,
            "status": "Accepted",
            "items": [],
            "cost": 153
          },
          {
            "word": "11100001",
            "code": "11111111011100001",
            "weightExponent": 17,
            "status": "RejectedNonBitOutput",
            "items": [
              "<non-bit>"
            ],
            "cost": 182
          },
          {
            "word": "11100010",
            "code": "11111111011100010",
            "weightExponent": 17,
            "status": "Accepted",
            "items": [],
            "cost": 120
          },
          {
            "word": "11100011",
            "code": "11111111011100011",
            "weightExponent": 17,
            "status": "Accepted",
            "items": [],
            "cost": 117
          },
          {
            "word": "11100100",
            "code": "11111111011100100",
            "weightExponent": 17,
            "status": "Accepted",
            "items": [],
            "cost": 147
          },
          {
            "word": "11100101",
            "code": "11111111011100101",
            "weightExponent": 17,
            "status": "Accepted",
            "items": [],
            "cost": 102
          },
          {
            "word": "11100110",
            "code": "11111111011100110",
            "weightExponent": 17,
            "status": "Accepted",
            "items": [],
            "cost": 102
          },
          {
            "word": "11100111",
            "code": "11111111011100111",
            "weightExponent": 17,
            "status": "Accepted",
            "items": [],
            "cost": 99
          },
          {
            "word": "11101000",
            "code": "11111111011101000",
            "weightExponent": 17,
            "status": "Accepted",
            "items": [],
            "cost": 132
          },
          {
            "word": "11101001",
            "code": "11111111011101001",
            "weightExponent": 17,
            "status": "Accepted",
            "items": [],
            "cost": 123
          },
          {
            "word": "11101010",
            "code": "11111111011101010",
            "weightExponent": 17,
            "status": "Accepted",
            "items": [],
            "cost": 75
          },
          {
            "word": "11101011",
            "code": "11111111011101011",
            "weightExponent": 17,
            "status": "Accepted",
            "items": [],
            "cost": 72
          },
          {
            "word": "11101100",
            "code": "11111111011101100",
            "weightExponent": 17,
            "status": "Accepted",
            "items": [],
            "cost": 102
          },
          {
            "word": "11101101",
            "code": "11111111011101101",
            "weightExponent": 17,
            "status": "Accepted",
            "items": [],
            "cost": 72
          },
          {
            "word": "11101110",
            "code": "11111111011101110",
            "weightExponent": 17,
            "status": "Accepted",
            "items": [],
            "cost": 72
          },
          {
            "word": "11101111",
            "code": "11111111011101111",
            "weightExponent": 17,
            "status": "Accepted",
            "items": [],
            "cost": 69
          },
          {
            "word": "11110000",
            "code": "11111111011110000",
            "weightExponent": 17,
            "status": "Accepted",
            "items": [],
            "cost": 147
          },
          {
            "word": "11110001",
            "code": "11111111011110001",
            "weightExponent": 17,
            "status": "Accepted",
            "items": [],
            "cost": 117
          },
          {
            "word": "11110010",
            "code": "11111111011110010",
            "weightExponent": 17,
            "status": "Accepted",
            "items": [],
            "cost": 102
          },
          {
            "word": "11110011",
            "code": "11111111011110011",
            "weightExponent": 17,
            "status": "Accepted",
            "items": [],
            "cost": 99
          },
          {
            "word": "11110100",
            "code": "11111111011110100",
            "weightExponent": 17,
            "status": "Accepted",
            "items": [],
            "cost": 123
          },
          {
            "word": "11110101",
            "code": "11111111011110101",
            "weightExponent": 17,
            "status": "Accepted",
            "items": [],
            "cost": 72
          },
          {
            "word": "11110110",
            "code": "11111111011110110",
            "weightExponent": 17,
            "status": "Accepted",
            "items": [],
            "cost": 72
          },
          {
            "word": "11110111",
            "code": "11111111011110111",
            "weightExponent": 17,
            "status": "Accepted",
            "items": [],
            "cost": 69
          },
          {
            "word": "11111000",
            "code": "11111111011111000",
            "weightExponent": 17,
            "status": "Accepted",
            "items": [],
            "cost": 117
          },
          {
            "word": "11111001",
            "code": "11111111011111001",
            "weightExponent": 17,
            "status": "Accepted",
            "items": [],
            "cost": 99
          },
          {
            "word": "11111010",
            "code": "11111111011111010",
            "weightExponent": 17,
            "status": "Accepted",
            "items": [],
            "cost": 72
          },
          {
            "word": "11111011",
            "code": "11111111011111011",
            "weightExponent": 17,
            "status": "Accepted",
            "items": [],
            "cost": 69
          },
          {
            "word": "11111100",
            "code": "11111111011111100",
            "weightExponent": 17,
            "status": "Accepted",
            "items": [],
            "cost": 99
          },
          {
            "word": "11111101",
            "code": "11111111011111101",
            "weightExponent": 17,
            "status": "Accepted",
            "items": [],
            "cost": 69
          },
          {
            "word": "11111110",
            "code": "11111111011111110",
            "weightExponent": 17,
            "status": "Accepted",
            "items": [],
            "cost": 69
          },
          {
            "word": "11111111",
            "code": "11111111011111111",
            "weightExponent": 17,
            "status": "Accepted",
            "items": [],
            "cost": 66
          },
          {
            "word": "000000000",
            "code": "1111111110000000000",
            "weightExponent": 19,
            "status": "Accepted",
            "items": [],
            "cost": 235
          },
          {
            "word": "000000001",
            "code": "1111111110000000001",
            "weightExponent": 19,
            "status": "RejectedNonBitOutput",
            "items": [
              "<non-bit>"
            ],
            "cost": 249
          },
          {
            "word": "000000010",
            "code": "1111111110000000010",
            "weightExponent": 19,
            "status": "RejectedNonBitOutput",
            "items": [
              "<non-bit>"
            ],
            "cost": 231
          },
          {
            "word": "000000011",
            "code": "1111111110000000011",
            "weightExponent": 19,
            "status": "RejectedNonBitOutput",
            "items": [
              "<non-bit>"
            ],
            "cost": 231
          },
          {
            "word": "000000100",
            "code": "1111111110000000100",
            "weightExponent": 19,
            "status": "Accepted",
            "items": [
              "1"
            ],
            "cost": 240
          },
          {
            "word": "000000101",
            "code": "1111111110000000101",
            "weightExponent": 19,
            "status": "Accepted",
            "items": [],
            "cost": 172
          },
          {
            "word": "000000110",
            "code": "1111111110000000110",
            "weightExponent": 19,
            "status": "RejectedTypeError",
            "items": [],
            "cost": 227
          },
          {
            "word": "000000111",
            "code": "1111111110000000111",
            "weightExponent": 19,
            "status": "Accepted",
            "items": [],
            "cost": 172
          },
          {
            "word": "000001000",
            "code": "1111111110000001000",
            "weightExponent": 19,
            "status": "Accepted",
            "items": [
              "1"
            ],
            "cost": 222
          },
          {
            "word": "000001001",
            "code": "1111111110000001001",
            "weightExponent": 19,
            "status": "Accepted",
            "items": [],
            "cost": 154
          },
          {
            "word": "000001010",
            "code": "1111111110000001010",
            "weightExponent": 19,
            "status": "RejectedTypeError",
            "items": [],
            "cost": 209
          },
          {
            "word": "000001011",
            "code": "1111111110000001011",
            "weightExponent": 19,
            "status": "Accepted",
            "items": [],
            "cost": 154
          },
          {
            "word": "000001100",
            "code": "1111111110000001100",
            "weightExponent": 19,
            "status": "Accepted",
            "items": [
              "1"
            ],
            "cost": 222
          },
          {
            "word": "000001101",
            "code": "1111111110000001101",
            "weightExponent": 19,
            "status": "Accepted",
            "items": [],
            "cost": 154
          },
          {
            "word": "000001110",
            "code": "1111111110000001110",
            "weightExponent": 19,
            "status": "RejectedTypeError",
            "items": [],
            "cost": 209
          },
          {
            "word": "000001111",
            "code": "1111111110000001111",
            "weightExponent": 19,
            "status": "Accepted",
            "items": [],
            "cost": 154
          },
          {
            "word": "000010000",
            "code": "1111111110000010000",
            "weightExponent": 19,
            "status": "Accepted",
            "items": [],
            "cost": 220
          },
          {
            "word": "000010001",
            "code": "1111111110000010001",
            "weightExponent": 19,
            "status": "Accepted",
            "items": [],
            "cost": 181
          },
          {
            "word": "000010010",
            "code": "1111111110000010010",
            "weightExponent": 19,
            "status": "Accepted",
            "items": [],
            "cost": 199
          },
          {
            "word": "000010011",
            "code": "1111111110000010011",
            "weightExponent": 19,
            "status": "Accepted",
            "items": [],
            "cost": 178
          },
          {
            "word": "000010100",
            "code": "1111111110000010100",
            "weightExponent": 19,
            "status": "Accepted",
            "items": [
              "0",
              "0",
              "1"
            ],
            "cost": 265
          },
          {
            "word": "000010101",
            "code": "1111111110000010101",
            "weightExponent": 19,
            "status": "Accepted",
            "items": [],
            "cost": 136
          },
          {
            "word": "000010110",
            "code": "1111111110000010110",
            "weightExponent": 19,
            "status": "Accepted",
            "items": [],
            "cost": 136
          },
          {
            "word": "000010111",
            "code": "1111111110000010111",
            "weightExponent": 19,
            "status": "Accepted",
            "items": [],
            "cost": 133
          },
          {
            "word": "000011000",
            "code": "1111111110000011000",
            "weightExponent": 19,
            "status": "Accepted",
            "items": [],
            "cost": 205
          },
          {
            "word": "000011001",
            "code": "1111111110000011001",
            "weightExponent": 19,
            "status": "Accepted",
            "items": [],
            "cost": 157
          },
          {
            "word": "000011010",
            "code": "1111111110000011010",
            "weightExponent": 19,
            "status": "Accepted",
            "items": [],
            "cost": 199
          },
          {
            "word": "000011011",
            "code": "1111111110000011011",
            "weightExponent": 19,
            "status": "Accepted",
            "items": [],
            "cost": 154
          },
          {
            "word": "000011100",
            "code": "1111111110000011100",
            "weightExponent": 19,
            "status": "Accepted",
            "items": [
              "0",
              "1"
            ],
            "cost": 239
          },
          {
            "word": "000011101",
            "code": "1111111110000011101",
            "weightExponent": 19,
            "status": "Accepted",
            "items": [],
            "cost": 136
          },
          {
            "word": "000011110",
            "code": "1111111110000011110",
            "weightExponent": 19,
            "status": "Accepted",
            "items": [],
            "cost": 136
          },
          {
            "word": "000011111",
            "code": "1111111110000011111",
            "weightExponent": 19,
            "status": "Accepted",
            "items": [],
            "cost": 133
          },
          {
            "word": "000100000",
            "code": "1111111110000100000",
            "weightExponent": 19,
            "status": "Accepted",
            "items": [],
            "cost": 202
          },
          {
            "word": "000100001",
            "code": "1111111110000100001",
            "weightExponent": 19,
            "status": "Accepted",
            "items": [],
            "cost": 163
          },
          {
            "word": "000100010",
            "code": "1111111110000100010",
            "weightExponent": 19,
            "status": "Accepted",
            "items": [],
            "cost": 181
          },
          {
            "word": "000100011",
            "code": "1111111110000100011",
            "weightExponent": 19,
            "status": "Accepted",
            "items": [],
            "cost": 160
          },
          {
            "word": "000100100",
            "code": "1111111110000100100",
            "weightExponent": 19,
            "status": "Accepted",
            "items": [
              "0",
              "0",
              "1"
            ],
            "cost": 247
          },
          {
            "word": "000100101",
            "code": "1111111110000100101",
            "weightExponent": 19,
            "status": "Accepted",
            "items": [],
            "cost": 118
          },
          {
            "word": "000100110",
            "code": "1111111110000100110",
            "weightExponent": 19,
            "status": "Accepted",
            "items": [],
            "cost": 118
          },
          {
            "word": "000100111",
            "code": "1111111110000100111",
            "weightExponent": 19,
            "status": "Accepted",
            "items": [],
            "cost": 115
          },
          {
            "word": "000101000",
            "code": "1111111110000101000",
            "weightExponent": 19,
            "status": "Accepted",
            "items": [],
            "cost": 187
          },
          {
            "word": "000101001",
            "code": "1111111110000101001",
            "weightExponent": 19,
            "status": "Accepted",
            "items": [],
            "cost": 139
          },
          {
            "word": "000101010",
            "code": "1111111110000101010",
            "weightExponent": 19,
            "status": "Accepted",
            "items": [],
            "cost": 181
          },
          {
            "word": "000101011",
            "code": "1111111110000101011",
            "weightExponent": 19,
            "status": "Accepted",
            "items": [],
            "cost": 136
          },
          {
            "word": "000101100",
            "code": "1111111110000101100",
            "weightExponent": 19,
            "status": "Accepted",
            "items": [
              "0",
              "1"
            ],
            "cost": 221
          },
          {
            "word": "000101101",
            "code": "1111111110000101101",
            "weightExponent": 19,
            "status": "Accepted",
            "items": [],
            "cost": 118
          },
          {
            "word": "000101110",
            "code": "1111111110000101110",
            "weightExponent": 19,
            "status": "Accepted",
            "items": [],
            "cost": 118
          },
          {
            "word": "000101111",
            "code": "1111111110000101111",
            "weightExponent": 19,
            "status": "Accepted",
            "items": [],
            "cost": 115
          },
          {
            "word": "000110000",
            "code": "1111111110000110000",
            "weightExponent": 19,
            "status": "Accepted",
            "items": [],
            "cost": 202
          },
          {
            "word": "000110001",
            "code": "1111111110000110001",
            "weightExponent": 19,
            "status": "Accepted",
            "items": [],
            "cost": 163
          },
          {
            "word": "000110010",
            "code": "1111111110000110010",
            "weightExponent": 19,
            "status": "Accepted",
            "items": [],
            "cost": 181
          },
          {
            "word": "000110011",
            "code": "1111111110000110011",
            "weightExponent": 19,
            "status": "Accepted",
            "items": [],
            "cost": 160
          },
          {
            "word": "000110100",
            "code": "1111111110000110100",
            "weightExponent": 19,
            "status": "Accepted",
            "items": [
              "0",
              "0",
              "1"
            ],
            "cost": 247
          },
          {
            "word": "000110101",
            "code": "1111111110000110101",
            "weightExponent": 19,
            "status": "Accepted",
            "items": [],
            "cost": 118
          },
          {
            "word": "000110110",
            "code": "1111111110000110110",
            "weightExponent": 19,
            "status": "Accepted",
            "items": [],
            "cost": 118
          },
          {
            "word": "000110111",
            "code": "1111111110000110111",
            "weightExponent": 19,
            "status": "Accepted",
            "items": [],
            "cost": 115
          },
          {
            "word": "000111000",
            "code": "1111111110000111000",
            "weightExponent": 19,
            "status": "Accepted",
            "items": [],
            "cost": 187
          },
          {
            "word": "000111001",
            "code": "1111111110000111001",
            "weightExponent": 19,
            "status": "Accepted",
            "items": [],
            "cost": 139
          },
          {
            "word": "000111010",
            "code": "1111111110000111010",
            "weightExponent": 19,
            "status": "Accepted",
            "items": [],
            "cost": 181
          },
          {
            "word": "000111011",
            "code": "1111111110000111011",
            "weightExponent": 19,
            "status": "Accepted",
            "items": [],
            "cost": 136
          },
          {
            "word": "000111100",
            "code": "1111111110000111100",
            "weightExponent": 19,
            "status": "Accepted",
            "items": [
              "0",
              "1"
            ],
            "cost": 221
          },
          {
            "word": "000111101",
            "code": "1111111110000111101",
            "weightExponent": 19,
            "status": "Accepted",
            "items": [],
            "cost": 118
          },
          {
            "word": "000111110",
            "code": "1111111110000111110",
            "weightExponent": 19,
            "status": "Accepted",
            "items": [],
            "cost": 118
          },
          {
            "word": "000111111",
            "code": "1111111110000111111",
            "weightExponent": 19,
            "status": "Accepted",
            "items": [],
            "cost": 115
          },
          {
            "word": "001000000",
            "code": "1111111110001000000",
            "weightExponent": 19,
            "status": "Accepted",
            "items": [],
            "cost": 220
          },
          {
            "word": "001000001",
            "code": "1111111110001000001",
            "weightExponent": 19,
            "status": "RejectedNonBitOutput",
            "items": [
              "<non-bit>"
            ],
            "cost": 234
          },
          {
            "word": "001000010",
            "code": "1111111110001000010",
            "weightExponent": 19,
            "status": "RejectedNonBitOutput",
            "items": [
              "<non-bit>"
            ],
            "cost": 216
          },
          {
            "word": "001000011",
            "code": "1111111110001000011",
            "weightExponent": 19,
            "status": "RejectedNonBitOutput",
            "items": [
              "<non-bit>"
            ],
            "cost": 216
          },
          {
            "word": "001000100",
            "code": "1111111110001000100",
            "weightExponent": 19,
            "status": "RejectedTypeError",
            "items": [],
            "cost": 217
          },
          {
            "word": "001000101",
            "code": "1111111110001000101",
            "weightExponent": 19,
            "status": "Accepted",
            "items": [],
            "cost": 145
          },
          {
            "word": "001000110",
            "code": "1111111110001000110",
            "weightExponent": 19,
            "status": "Accepted",
            "items": [],
            "cost": 145
          },
          {
            "word": "001000111",
            "code": "1111111110001000111",
            "weightExponent": 19,
            "status": "Accepted",
            "items": [],
            "cost": 142
          },
          {
            "word": "001001000",
            "code": "1111111110001001000",
            "weightExponent": 19,
            "status": "Accepted",
            "items": [],
            "cost": 172
          },
          {
            "word": "001001001",
            "code": "1111111110001001001",
            "weightExponent": 19,
            "status": "Accepted",
            "items": [],
            "cost": 172
          },
          {
            "word": "001001010",
            "code": "1111111110001001010",
            "weightExponent": 19,
            "status": "Accepted",
            "items": [],
            "cost": 172
          },
          {
            "word": "001001011",
            "code": "1111111110001001011",
            "weightExponent": 19,
            "status": "Accepted",
            "items": [],
            "cost": 172
          },
          {
            "word": "001001100",
            "code": "1111111110001001100",
            "weightExponent": 19,
            "status": "RejectedNonBitOutput",
            "items": [
              "<non-bit>"
            ],
            "cost": 222
          },
          {
            "word": "001001101",
            "code": "1111111110001001101",
            "weightExponent": 19,
            "status": "Accepted",
            "items": [],
            "cost": 142
          },
          {
            "word": "001001110",
            "code": "1111111110001001110",
            "weightExponent": 19,
            "status": "Accepted",
            "items": [],
            "cost": 142
          },
          {
            "word": "001001111",
            "code": "1111111110001001111",
            "weightExponent": 19,
            "status": "Accepted",
            "items": [],
            "cost": 139
          },
          {
            "word": "001010000",
            "code": "1111111110001010000",
            "weightExponent": 19,
            "status": "Accepted",
            "items": [],
            "cost": 214
          },
          {
            "word": "001010001",
            "code": "1111111110001010001",
            "weightExponent": 19,
            "status": "RejectedNonBitOutput",
            "items": [
              "<non-bit>"
            ],
            "cost": 195
          },
          {
            "word": "001010010",
            "code": "1111111110001010010",
            "weightExponent": 19,
            "status": "RejectedNonBitOutput",
            "items": [
              "<non-bit>"
            ],
            "cost": 225
          },
          {
            "word": "001010011",
            "code": "1111111110001010011",
            "weightExponent": 19,
            "status": "RejectedNonBitOutput",
            "items": [
              "<non-bit>"
            ],
            "cost": 192
          },
          {
            "word": "001010100",
            "code": "1111111110001010100",
            "weightExponent": 19,
            "status": "Accepted",
            "items": [
              "0",
              "0",
              "1"
            ],
            "cost": 250
          },
          {
            "word": "001010101",
            "code": "1111111110001010101",
            "weightExponent": 19,
            "status": "Accepted",
            "items": [],
            "cost": 100
          },
          {
            "word": "001010110",
            "code": "1111111110001010110",
            "weightExponent": 19,
            "status": "Accepted",
            "items": [],
            "cost": 100
          },
          {
            "word": "001010111",
            "code": "1111111110001010111",
            "weightExponent": 19,
            "status": "Accepted",
            "items": [],
            "cost": 97
          },
          {
            "word": "001011000",
            "code": "1111111110001011000",
            "weightExponent": 19,
            "status": "Accepted",
            "items": [
              "1"
            ],
            "cost": 210
          },
          {
            "word": "001011001",
            "code": "1111111110001011001",
            "weightExponent": 19,
            "status": "Accepted",
            "items": [],
            "cost": 127
          },
          {
            "word": "001011010",
            "code": "1111111110001011010",
            "weightExponent": 19,
            "status": "Accepted",
            "items": [],
            "cost": 100
          },
          {
            "word": "001011011",
            "code": "1111111110001011011",
            "weightExponent": 19,
            "status": "Accepted",
            "items": [],
            "cost": 97
          },
          {
            "word": "001011100",
            "code": "1111111110001011100",
            "weightExponent": 19,
            "status": "Accepted",
            "items": [],
            "cost": 127
          },
          {
            "word": "001011101",
            "code": "1111111110001011101",
            "weightExponent": 19,
            "status": "Accepted",
            "items": [],
            "cost": 97
          },
          {
            "word": "001011110",
            "code": "1111111110001011110",
            "weightExponent": 19,
            "status": "Accepted",
            "items": [],
            "cost": 97
          },
          {
            "word": "001011111",
            "code": "1111111110001011111",
            "weightExponent": 19,
            "status": "Accepted",
            "items": [],
            "cost": 94
          },
          {
            "word": "001100000",
            "code": "1111111110001100000",
            "weightExponent": 19,
            "status": "Accepted",
            "items": [],
            "cost": 208
          },
          {
            "word": "001100001",
            "code": "1111111110001100001",
            "weightExponent": 19,
            "status": "Accepted",
            "items": [],
            "cost": 205
          },
          {
            "word": "001100010",
            "code": "1111111110001100010",
            "weightExponent": 19,
            "status": "Accepted",
            "items": [],
            "cost": 190
          },
          {
            "word": "001100011",
            "code": "1111111110001100011",
            "weightExponent": 19,
            "status": "Accepted",
            "items": [],
            "cost": 169
          },
          {
            "word": "001100100",
            "code": "1111111110001100100",
            "weightExponent": 19,
            "status": "Accepted",
            "items": [],
            "cost": 193
          },
          {
            "word": "001100101",
            "code": "1111111110001100101",
            "weightExponent": 19,
            "status": "Accepted",
            "items": [],
            "cost": 127
          },
          {
            "word": "001100110",
            "code": "1111111110001100110",
            "weightExponent": 19,
            "status": "Accepted",
            "items": [],
            "cost": 121
          },
          {
            "word": "001100111",
            "code": "1111111110001100111",
            "weightExponent": 19,
            "status": "Accepted",
            "items": [],
            "cost": 118
          },
          {
            "word": "001101000",
            "code": "1111111110001101000",
            "weightExponent": 19,
            "status": "Accepted",
            "items": [],
            "cost": 193
          },
          {
            "word": "001101001",
            "code": "1111111110001101001",
            "weightExponent": 19,
            "status": "Accepted",
            "items": [],
            "cost": 163
          },
          {
            "word": "001101010",
            "code": "1111111110001101010",
            "weightExponent": 19,
            "status": "Accepted",
            "items": [],
            "cost": 160
          },
          {
            "word": "001101011",
            "code": "1111111110001101011",
            "weightExponent": 19,
            "status": "Accepted",
            "items": [],
            "cost": 160
          },
          {
            "word": "001101100",
            "code": "1111111110001101100",
            "weightExponent": 19,
            "status": "Accepted",
            "items": [],
            "cost": 163
          },
          {
            "word": "001101101",
            "code": "1111111110001101101",
            "weightExponent": 19,
            "status": "Accepted",
            "items": [],
            "cost": 124
          },
          {
            "word": "001101110",
            "code": "1111111110001101110",
            "weightExponent": 19,
            "status": "Accepted",
            "items": [],
            "cost": 118
          },
          {
            "word": "001101111",
            "code": "1111111110001101111",
            "weightExponent": 19,
            "status": "Accepted",
            "items": [],
            "cost": 115
          },
          {
            "word": "001110000",
            "code": "1111111110001110000",
            "weightExponent": 19,
            "status": "Accepted",
            "items": [],
            "cost": 199
          },
          {
            "word": "001110001",
            "code": "1111111110001110001",
            "weightExponent": 19,
            "status": "Accepted",
            "items": [],
            "cost": 148
          },
          {
            "word": "001110010",
            "code": "1111111110001110010",
            "weightExponent": 19,
            "status": "Accepted",
            "items": [],
            "cost": 178
          },
          {
            "word": "001110011",
            "code": "1111111110001110011",
            "weightExponent": 19,
            "status": "Accepted",
            "items": [],
            "cost": 145
          },
          {
            "word": "001110100",
            "code": "1111111110001110100",
            "weightExponent": 19,
            "status": "Accepted",
            "items": [
              "0",
              "1"
            ],
            "cost": 224
          },
          {
            "word": "001110101",
            "code": "1111111110001110101",
            "weightExponent": 19,
            "status": "Accepted",
            "items": [],
            "cost": 100
          },
          {
            "word": "001110110",
            "code": "1111111110001110110",
            "weightExponent": 19,
            "status": "Accepted",
            "items": [],
            "cost": 100
          },
          {
            "word": "001110111",
            "code": "1111111110001110111",
            "weightExponent": 19,
            "status": "Accepted",
            "items": [],
            "cost": 97
          },
          {
            "word": "001111000",
            "code": "1111111110001111000",
            "weightExponent": 19,
            "status": "RejectedTypeError",
            "items": [],
            "cost": 197
          },
          {
            "word": "001111001",
            "code": "1111111110001111001",
            "weightExponent": 19,
            "status": "Accepted",
            "items": [],
            "cost": 127
          },
          {
            "word": "001111010",
            "code": "1111111110001111010",
            "weightExponent": 19,
            "status": "Accepted",
            "items": [],
            "cost": 100
          },
          {
            "word": "001111011",
            "code": "1111111110001111011",
            "weightExponent": 19,
            "status": "Accepted",
            "items": [],
            "cost": 97
          },
          {
            "word": "001111100",
            "code": "1111111110001111100",
            "weightExponent": 19,
            "status": "Accepted",
            "items": [],
            "cost": 127
          },
          {
            "word": "001111101",
            "code": "1111111110001111101",
            "weightExponent": 19,
            "status": "Accepted",
            "items": [],
            "cost": 97
          },
          {
            "word": "001111110",
            "code": "1111111110001111110",
            "weightExponent": 19,
            "status": "Accepted",
            "items": [],
            "cost": 97
          },
          {
            "word": "001111111",
            "code": "1111111110001111111",
            "weightExponent": 19,
            "status": "Accepted",
            "items": [],
            "cost": 94
          },
          {
            "word": "010000000",
            "code": "1111111110010000000",
            "weightExponent": 19,
            "status": "Accepted",
            "items": [],
            "cost": 202
          },
          {
            "word": "010000001",
            "code": "1111111110010000001",
            "weightExponent": 19,
            "status": "RejectedNonBitOutput",
            "items": [
              "<non-bit>"
            ],
            "cost": 216
          },
          {
            "word": "010000010",
            "code": "1111111110010000010",
            "weightExponent": 19,
            "status": "RejectedNonBitOutput",
            "items": [
              "<non-bit>"
            ],
            "cost": 198
          },
          {
            "word": "010000011",
            "code": "1111111110010000011",
            "weightExponent": 19,
            "status": "RejectedNonBitOutput",
            "items": [
              "<non-bit>"
            ],
            "cost": 198
          },
          {
            "word": "010000100",
            "code": "1111111110010000100",
            "weightExponent": 19,
            "status": "RejectedTypeError",
            "items": [],
            "cost": 199
          },
          {
            "word": "010000101",
            "code": "1111111110010000101",
            "weightExponent": 19,
            "status": "Accepted",
            "items": [],
            "cost": 127
          },
          {
            "word": "010000110",
            "code": "1111111110010000110",
            "weightExponent": 19,
            "status": "Accepted",
            "items": [],
            "cost": 127
          },
          {
            "word": "010000111",
            "code": "1111111110010000111",
            "weightExponent": 19,
            "status": "Accepted",
            "items": [],
            "cost": 124
          },
          {
            "word": "010001000",
            "code": "1111111110010001000",
            "weightExponent": 19,
            "status": "Accepted",
            "items": [],
            "cost": 154
          },
          {
            "word": "010001001",
            "code": "1111111110010001001",
            "weightExponent": 19,
            "status": "Accepted",
            "items": [],
            "cost": 154
          },
          {
            "word": "010001010",
            "code": "1111111110010001010",
            "weightExponent": 19,
            "status": "Accepted",
            "items": [],
            "cost": 154
          },
          {
            "word": "010001011",
            "code": "1111111110010001011",
            "weightExponent": 19,
            "status": "Accepted",
            "items": [],
            "cost": 154
          },
          {
            "word": "010001100",
            "code": "1111111110010001100",
            "weightExponent": 19,
            "status": "RejectedNonBitOutput",
            "items": [
              "<non-bit>"
            ],
            "cost": 204
          },
          {
            "word": "010001101",
            "code": "1111111110010001101",
            "weightExponent": 19,
            "status": "Accepted",
            "items": [],
            "cost": 124
          },
          {
            "word": "010001110",
            "code": "1111111110010001110",
            "weightExponent": 19,
            "status": "Accepted",
            "items": [],
            "cost": 124
          },
          {
            "word": "010001111",
            "code": "1111111110010001111",
            "weightExponent": 19,
            "status": "Accepted",
            "items": [],
            "cost": 121
          },
          {
            "word": "010010000",
            "code": "1111111110010010000",
            "weightExponent": 19,
            "status": "Accepted",
            "items": [],
            "cost": 196
          },
          {
            "word": "010010001",
            "code": "1111111110010010001",
            "weightExponent": 19,
            "status": "RejectedNonBitOutput",
            "items": [
              "<non-bit>"
            ],
            "cost": 177
          },
          {
            "word": "010010010",
            "code": "1111111110010010010",
            "weightExponent": 19,
            "status": "RejectedNonBitOutput",
            "items": [
              "<non-bit>"
            ],
            "cost": 207
          },
          {
            "word": "010010011",
            "code": "1111111110010010011",
            "weightExponent": 19,
            "status": "RejectedNonBitOutput",
            "items": [
              "<non-bit>"
            ],
            "cost": 174
          },
          {
            "word": "010010100",
            "code": "1111111110010010100",
            "weightExponent": 19,
            "status": "Accepted",
            "items": [
              "0",
              "0",
              "1"
            ],
            "cost": 232
          },
          {
            "word": "010010101",
            "code": "1111111110010010101",
            "weightExponent": 19,
            "status": "Accepted",
            "items": [],
            "cost": 82
          },
          {
            "word": "010010110",
            "code": "1111111110010010110",
            "weightExponent": 19,
            "status": "Accepted",
            "items": [],
            "cost": 82
          },
          {
            "word": "010010111",
            "code": "1111111110010010111",
            "weightExponent": 19,
            "status": "Accepted",
            "items": [],
            "cost": 79
          },
          {
            "word": "010011000",
            "code": "1111111110010011000",
            "weightExponent": 19,
            "status": "Accepted",
            "items": [
              "1"
            ],
            "cost": 192
          },
          {
            "word": "010011001",
            "code": "1111111110010011001",
            "weightExponent": 19,
            "status": "Accepted",
            "items": [],
            "cost": 109
          },
          {
            "word": "010011010",
            "code": "1111111110010011010",
            "weightExponent": 19,
            "status": "Accepted",
            "items": [],
            "cost": 82
          },
          {
            "word": "010011011",
            "code": "1111111110010011011",
            "weightExponent": 19,
            "status": "Accepted",
            "items": [],
            "cost": 79
          },
          {
            "word": "010011100",
            "code": "1111111110010011100",
            "weightExponent": 19,
            "status": "Accepted",
            "items": [],
            "cost": 109
          },
          {
            "word": "010011101",
            "code": "1111111110010011101",
            "weightExponent": 19,
            "status": "Accepted",
            "items": [],
            "cost": 79
          },
          {
            "word": "010011110",
            "code": "1111111110010011110",
            "weightExponent": 19,
            "status": "Accepted",
            "items": [],
            "cost": 79
          },
          {
            "word": "010011111",
            "code": "1111111110010011111",
            "weightExponent": 19,
            "status": "Accepted",
            "items": [],
            "cost": 76
          },
          {
            "word": "010100000",
            "code": "1111111110010100000",
            "weightExponent": 19,
            "status": "Accepted",
            "items": [],
            "cost": 190
          },
          {
            "word": "010100001",
            "code": "1111111110010100001",
            "weightExponent": 19,
            "status": "Accepted",
            "items": [],
            "cost": 187
          },
          {
            "word": "010100010",
            "code": "1111111110010100010",
            "weightExponent": 19,
            "status": "Accepted",
            "items": [],
            "cost": 172
          },
          {
            "word": "010100011",
            "code": "1111111110010100011",
            "weightExponent": 19,
            "status": "Accepted",
            "items": [],
            "cost": 151
          },
          {
            "word": "010100100",
            "code": "1111111110010100100",
            "weightExponent": 19,
            "status": "Accepted",
            "items": [],
            "cost": 175
          },
          {
            "word": "010100101",
            "code": "1111111110010100101",
            "weightExponent": 19,
            "status": "Accepted",
            "items": [],
            "cost": 109
          },
          {
            "word": "010100110",
            "code": "1111111110010100110",
            "weightExponent": 19,
            "status": "Accepted",
            "items": [],
            "cost": 103
          },
          {
            "word": "010100111",
            "code": "1111111110010100111",
            "weightExponent": 19,
            "status": "Accepted",
            "items": [],
            "cost": 100
          },
          {
            "word": "010101000",
            "code": "1111111110010101000",
            "weightExponent": 19,
            "status": "Accepted",
            "items": [],
            "cost": 175
          },
          {
            "word": "010101001",
            "code": "1111111110010101001",
            "weightExponent": 19,
            "status": "Accepted",
            "items": [],
            "cost": 145
          },
          {
            "word": "010101010",
            "code": "1111111110010101010",
            "weightExponent": 19,
            "status": "Accepted",
            "items": [],
            "cost": 142
          },
          {
            "word": "010101011",
            "code": "1111111110010101011",
            "weightExponent": 19,
            "status": "Accepted",
            "items": [],
            "cost": 142
          },
          {
            "word": "010101100",
            "code": "1111111110010101100",
            "weightExponent": 19,
            "status": "Accepted",
            "items": [],
            "cost": 145
          },
          {
            "word": "010101101",
            "code": "1111111110010101101",
            "weightExponent": 19,
            "status": "Accepted",
            "items": [],
            "cost": 106
          },
          {
            "word": "010101110",
            "code": "1111111110010101110",
            "weightExponent": 19,
            "status": "Accepted",
            "items": [],
            "cost": 100
          },
          {
            "word": "010101111",
            "code": "1111111110010101111",
            "weightExponent": 19,
            "status": "Accepted",
            "items": [],
            "cost": 97
          },
          {
            "word": "010110000",
            "code": "1111111110010110000",
            "weightExponent": 19,
            "status": "Accepted",
            "items": [],
            "cost": 181
          },
          {
            "word": "010110001",
            "code": "1111111110010110001",
            "weightExponent": 19,
            "status": "Accepted",
            "items": [],
            "cost": 130
          },
          {
            "word": "010110010",
            "code": "1111111110010110010",
            "weightExponent": 19,
            "status": "Accepted",
            "items": [],
            "cost": 160
          },
          {
            "word": "010110011",
            "code": "1111111110010110011",
            "weightExponent": 19,
            "status": "Accepted",
            "items": [],
            "cost": 127
          },
          {
            "word": "010110100",
            "code": "1111111110010110100",
            "weightExponent": 19,
            "status": "Accepted",
            "items": [
              "0",
              "1"
            ],
            "cost": 206
          },
          {
            "word": "010110101",
            "code": "1111111110010110101",
            "weightExponent": 19,
            "status": "Accepted",
            "items": [],
            "cost": 82
          },
          {
            "word": "010110110",
            "code": "1111111110010110110",
            "weightExponent": 19,
            "status": "Accepted",
            "items": [],
            "cost": 82
          },
          {
            "word": "010110111",
            "code": "1111111110010110111",
            "weightExponent": 19,
            "status": "Accepted",
            "items": [],
            "cost": 79
          },
          {
            "word": "010111000",
            "code": "1111111110010111000",
            "weightExponent": 19,
            "status": "RejectedTypeError",
            "items": [],
            "cost": 179
          },
          {
            "word": "010111001",
            "code": "1111111110010111001",
            "weightExponent": 19,
            "status": "Accepted",
            "items": [],
            "cost": 109
          },
          {
            "word": "010111010",
            "code": "1111111110010111010",
            "weightExponent": 19,
            "status": "Accepted",
            "items": [],
            "cost": 82
          },
          {
            "word": "010111011",
            "code": "1111111110010111011",
            "weightExponent": 19,
            "status": "Accepted",
            "items": [],
            "cost": 79
          },
          {
            "word": "010111100",
            "code": "1111111110010111100",
            "weightExponent": 19,
            "status": "Accepted",
            "items": [],
            "cost": 109
          },
          {
            "word": "010111101",
            "code": "1111111110010111101",
            "weightExponent": 19,
            "status": "Accepted",
            "items": [],
            "cost": 79
          },
          {
            "word": "010111110",
            "code": "1111111110010111110",
            "weightExponent": 19,
            "status": "Accepted",
            "items": [],
            "cost": 79
          },
          {
            "word": "010111111",
            "code": "1111111110010111111",
            "weightExponent": 19,
            "status": "Accepted",
            "items": [],
            "cost": 76
          },
          {
            "word": "011000000",
            "code": "1111111110011000000",
            "weightExponent": 19,
            "status": "Accepted",
            "items": [],
            "cost": 202
          },
          {
            "word": "011000001",
            "code": "1111111110011000001",
            "weightExponent": 19,
            "status": "RejectedNonBitOutput",
            "items": [
              "<non-bit>"
            ],
            "cost": 216
          },
          {
            "word": "011000010",
            "code": "1111111110011000010",
            "weightExponent": 19,
            "status": "RejectedNonBitOutput",
            "items": [
              "<non-bit>"
            ],
            "cost": 198
          },
          {
            "word": "011000011",
            "code": "1111111110011000011",
            "weightExponent": 19,
            "status": "RejectedNonBitOutput",
            "items": [
              "<non-bit>"
            ],
            "cost": 198
          },
          {
            "word": "011000100",
            "code": "1111111110011000100",
            "weightExponent": 19,
            "status": "RejectedTypeError",
            "items": [],
            "cost": 199
          },
          {
            "word": "011000101",
            "code": "1111111110011000101",
            "weightExponent": 19,
            "status": "Accepted",
            "items": [],
            "cost": 127
          },
          {
            "word": "011000110",
            "code": "1111111110011000110",
            "weightExponent": 19,
            "status": "Accepted",
            "items": [],
            "cost": 127
          },
          {
            "word": "011000111",
            "code": "1111111110011000111",
            "weightExponent": 19,
            "status": "Accepted",
            "items": [],
            "cost": 124
          },
          {
            "word": "011001000",
            "code": "1111111110011001000",
            "weightExponent": 19,
            "status": "Accepted",
            "items": [],
            "cost": 154
          },
          {
            "word": "011001001",
            "code": "1111111110011001001",
            "weightExponent": 19,
            "status": "Accepted",
            "items": [],
            "cost": 154
          },
          {
            "word": "011001010",
            "code": "1111111110011001010",
            "weightExponent": 19,
            "status": "Accepted",
            "items": [],
            "cost": 154
          },
          {
            "word": "011001011",
            "code": "1111111110011001011",
            "weightExponent": 19,
            "status": "Accepted",
            "items": [],
            "cost": 154
          },
          {
            "word": "011001100",
            "code": "1111111110011001100",
            "weightExponent": 19,
            "status": "RejectedNonBitOutput",
            "items": [
              "<non-bit>"
            ],
            "cost": 204
          },
          {
            "word": "011001101",
            "code": "1111111110011001101",
            "weightExponent": 19,
            "status": "Accepted",
            "items": [],
            "cost": 124
          },
          {
            "word": "011001110",
            "code": "1111111110011001110",
            "weightExponent": 19,
            "status": "Accepted",
            "items": [],
            "cost": 124
          },
          {
            "word": "011001111",
            "code": "1111111110011001111",
            "weightExponent": 19,
            "status": "Accepted",
            "items": [],
            "cost": 121
          },
          {
            "word": "011010000",
            "code": "1111111110011010000",
            "weightExponent": 19,
            "status": "Accepted",
            "items": [],
            "cost": 196
          },
          {
            "word": "011010001",
            "code": "1111111110011010001",
            "weightExponent": 19,
            "status": "RejectedNonBitOutput",
            "items": [
              "<non-bit>"
            ],
            "cost": 177
          },
          {
            "word": "011010010",
            "code": "1111111110011010010",
            "weightExponent": 19,
            "status": "RejectedNonBitOutput",
            "items": [
              "<non-bit>"
            ],
            "cost": 207
          },
          {
            "word": "011010011",
            "code": "1111111110011010011",
            "weightExponent": 19,
            "status": "RejectedNonBitOutput",
            "items": [
              "<non-bit>"
            ],
            "cost": 174
          },
          {
            "word": "011010100",
            "code": "1111111110011010100",
            "weightExponent": 19,
            "status": "Accepted",
            "items": [
              "0",
              "0",
              "1"
            ],
            "cost": 232
          },
          {
            "word": "011010101",
            "code": "1111111110011010101",
            "weightExponent": 19,
            "status": "Accepted",
            "items": [],
            "cost": 82
          },
          {
            "word": "011010110",
            "code": "1111111110011010110",
            "weightExponent": 19,
            "status": "Accepted",
            "items": [],
            "cost": 82
          },
          {
            "word": "011010111",
            "code": "1111111110011010111",
            "weightExponent": 19,
            "status": "Accepted",
            "items": [],
            "cost": 79
          },
          {
            "word": "011011000",
            "code": "1111111110011011000",
            "weightExponent": 19,
            "status": "Accepted",
            "items": [
              "1"
            ],
            "cost": 192
          },
          {
            "word": "011011001",
            "code": "1111111110011011001",
            "weightExponent": 19,
            "status": "Accepted",
            "items": [],
            "cost": 109
          },
          {
            "word": "011011010",
            "code": "1111111110011011010",
            "weightExponent": 19,
            "status": "Accepted",
            "items": [],
            "cost": 82
          },
          {
            "word": "011011011",
            "code": "1111111110011011011",
            "weightExponent": 19,
            "status": "Accepted",
            "items": [],
            "cost": 79
          },
          {
            "word": "011011100",
            "code": "1111111110011011100",
            "weightExponent": 19,
            "status": "Accepted",
            "items": [],
            "cost": 109
          },
          {
            "word": "011011101",
            "code": "1111111110011011101",
            "weightExponent": 19,
            "status": "Accepted",
            "items": [],
            "cost": 79
          },
          {
            "word": "011011110",
            "code": "1111111110011011110",
            "weightExponent": 19,
            "status": "Accepted",
            "items": [],
            "cost": 79
          },
          {
            "word": "011011111",
            "code": "1111111110011011111",
            "weightExponent": 19,
            "status": "Accepted",
            "items": [],
            "cost": 76
          },
          {
            "word": "011100000",
            "code": "1111111110011100000",
            "weightExponent": 19,
            "status": "Accepted",
            "items": [],
            "cost": 190
          },
          {
            "word": "011100001",
            "code": "1111111110011100001",
            "weightExponent": 19,
            "status": "Accepted",
            "items": [],
            "cost": 187
          },
          {
            "word": "011100010",
            "code": "1111111110011100010",
            "weightExponent": 19,
            "status": "Accepted",
            "items": [],
            "cost": 172
          },
          {
            "word": "011100011",
            "code": "1111111110011100011",
            "weightExponent": 19,
            "status": "Accepted",
            "items": [],
            "cost": 151
          },
          {
            "word": "011100100",
            "code": "1111111110011100100",
            "weightExponent": 19,
            "status": "Accepted",
            "items": [],
            "cost": 175
          },
          {
            "word": "011100101",
            "code": "1111111110011100101",
            "weightExponent": 19,
            "status": "Accepted",
            "items": [],
            "cost": 109
          },
          {
            "word": "011100110",
            "code": "1111111110011100110",
            "weightExponent": 19,
            "status": "Accepted",
            "items": [],
            "cost": 103
          },
          {
            "word": "011100111",
            "code": "1111111110011100111",
            "weightExponent": 19,
            "status": "Accepted",
            "items": [],
            "cost": 100
          },
          {
            "word": "011101000",
            "code": "1111111110011101000",
            "weightExponent": 19,
            "status": "Accepted",
            "items": [],
            "cost": 175
          },
          {
            "word": "011101001",
            "code": "1111111110011101001",
            "weightExponent": 19,
            "status": "Accepted",
            "items": [],
            "cost": 145
          },
          {
            "word": "011101010",
            "code": "1111111110011101010",
            "weightExponent": 19,
            "status": "Accepted",
            "items": [],
            "cost": 142
          },
          {
            "word": "011101011",
            "code": "1111111110011101011",
            "weightExponent": 19,
            "status": "Accepted",
            "items": [],
            "cost": 142
          },
          {
            "word": "011101100",
            "code": "1111111110011101100",
            "weightExponent": 19,
            "status": "Accepted",
            "items": [],
            "cost": 145
          },
          {
            "word": "011101101",
            "code": "1111111110011101101",
            "weightExponent": 19,
            "status": "Accepted",
            "items": [],
            "cost": 106
          },
          {
            "word": "011101110",
            "code": "1111111110011101110",
            "weightExponent": 19,
            "status": "Accepted",
            "items": [],
            "cost": 100
          },
          {
            "word": "011101111",
            "code": "1111111110011101111",
            "weightExponent": 19,
            "status": "Accepted",
            "items": [],
            "cost": 97
          },
          {
            "word": "011110000",
            "code": "1111111110011110000",
            "weightExponent": 19,
            "status": "Accepted",
            "items": [],
            "cost": 181
          },
          {
            "word": "011110001",
            "code": "1111111110011110001",
            "weightExponent": 19,
            "status": "Accepted",
            "items": [],
            "cost": 130
          },
          {
            "word": "011110010",
            "code": "1111111110011110010",
            "weightExponent": 19,
            "status": "Accepted",
            "items": [],
            "cost": 160
          },
          {
            "word": "011110011",
            "code": "1111111110011110011",
            "weightExponent": 19,
            "status": "Accepted",
            "items": [],
            "cost": 127
          },
          {
            "word": "011110100",
            "code": "1111111110011110100",
            "weightExponent": 19,
            "status": "Accepted",
            "items": [
              "0",
              "1"
            ],
            "cost": 206
          },
          {
            "word": "011110101",
            "code": "1111111110011110101",
            "weightExponent": 19,
            "status": "Accepted",
            "items": [],
            "cost": 82
          },
          {
            "word": "011110110",
            "code": "1111111110011110110",
            "weightExponent": 19,
            "status": "Accepted",
            "items": [],
            "cost": 82
          },
          {
            "word": "011110111",
            "code": "1111111110011110111",
            "weightExponent": 19,
            "status": "Accepted",
            "items": [],
            "cost": 79
          },
          {
            "word": "011111000",
            "code": "1111111110011111000",
            "weightExponent": 19,
            "status": "RejectedTypeError",
            "items": [],
            "cost": 179
          },
          {
            "word": "011111001",
            "code": "1111111110011111001",
            "weightExponent": 19,
            "status": "Accepted",
            "items": [],
            "cost": 109
          },
          {
            "word": "011111010",
            "code": "1111111110011111010",
            "weightExponent": 19,
            "status": "Accepted",
            "items": [],
            "cost": 82
          },
          {
            "word": "011111011",
            "code": "1111111110011111011",
            "weightExponent": 19,
            "status": "Accepted",
            "items": [],
            "cost": 79
          },
          {
            "word": "011111100",
            "code": "1111111110011111100",
            "weightExponent": 19,
            "status": "Accepted",
            "items": [],
            "cost": 109
          },
          {
            "word": "011111101",
            "code": "1111111110011111101",
            "weightExponent": 19,
            "status": "Accepted",
            "items": [],
            "cost": 79
          },
          {
            "word": "011111110",
            "code": "1111111110011111110",
            "weightExponent": 19,
            "status": "Accepted",
            "items": [],
            "cost": 79
          },
          {
            "word": "011111111",
            "code": "1111111110011111111",
            "weightExponent": 19,
            "status": "Accepted",
            "items": [],
            "cost": 76
          },
          {
            "word": "100000000",
            "code": "1111111110100000000",
            "weightExponent": 19,
            "status": "Accepted",
            "items": [],
            "cost": 202
          },
          {
            "word": "100000001",
            "code": "1111111110100000001",
            "weightExponent": 19,
            "status": "Accepted",
            "items": [],
            "cost": 172
          },
          {
            "word": "100000010",
            "code": "1111111110100000010",
            "weightExponent": 19,
            "status": "Accepted",
            "items": [],
            "cost": 169
          },
          {
            "word": "100000011",
            "code": "1111111110100000011",
            "weightExponent": 19,
            "status": "Accepted",
            "items": [],
            "cost": 169
          },
          {
            "word": "100000100",
            "code": "1111111110100000100",
            "weightExponent": 19,
            "status": "Accepted",
            "items": [],
            "cost": 196
          },
          {
            "word": "100000101",
            "code": "1111111110100000101",
            "weightExponent": 19,
            "status": "Accepted",
            "items": [],
            "cost": 145
          },
          {
            "word": "100000110",
            "code": "1111111110100000110",
            "weightExponent": 19,
            "status": "Accepted",
            "items": [],
            "cost": 145
          },
          {
            "word": "100000111",
            "code": "1111111110100000111",
            "weightExponent": 19,
            "status": "Accepted",
            "items": [],
            "cost": 142
          },
          {
            "word": "100001000",
            "code": "1111111110100001000",
            "weightExponent": 19,
            "status": "Accepted",
            "items": [],
            "cost": 187
          },
          {
            "word": "100001001",
            "code": "1111111110100001001",
            "weightExponent": 19,
            "status": "Accepted",
            "items": [],
            "cost": 142
          },
          {
            "word": "100001010",
            "code": "1111111110100001010",
            "weightExponent": 19,
            "status": "Accepted",
            "items": [],
            "cost": 142
          },
          {
            "word": "100001011",
            "code": "1111111110100001011",
            "weightExponent": 19,
            "status": "Accepted",
            "items": [],
            "cost": 139
          },
          {
            "word": "100001100",
            "code": "1111111110100001100",
            "weightExponent": 19,
            "status": "Accepted",
            "items": [],
            "cost": 172
          },
          {
            "word": "100001101",
            "code": "1111111110100001101",
            "weightExponent": 19,
            "status": "Accepted",
            "items": [],
            "cost": 142
          },
          {
            "word": "100001110",
            "code": "1111111110100001110",
            "weightExponent": 19,
            "status": "Accepted",
            "items": [],
            "cost": 142
          },
          {
            "word": "100001111",
            "code": "1111111110100001111",
            "weightExponent": 19,
            "status": "Accepted",
            "items": [],
            "cost": 139
          },
          {
            "word": "100010000",
            "code": "1111111110100010000",
            "weightExponent": 19,
            "status": "Accepted",
            "items": [],
            "cost": 190
          },
          {
            "word": "100010001",
            "code": "1111111110100010001",
            "weightExponent": 19,
            "status": "RejectedNonBitOutput",
            "items": [
              "<non-bit>"
            ],
            "cost": 195
          },
          {
            "word": "100010010",
            "code": "1111111110100010010",
            "weightExponent": 19,
            "status": "Accepted",
            "items": [],
            "cost": 163
          },
          {
            "word": "100010011",
            "code": "1111111110100010011",
            "weightExponent": 19,
            "status": "RejectedNonBitOutput",
            "items": [
              "<non-bit>"
            ],
            "cost": 192
          },
          {
            "word": "100010100",
            "code": "1111111110100010100",
            "weightExponent": 19,
            "status": "Accepted",
            "items": [],
            "cost": 181
          },
          {
            "word": "100010101",
            "code": "1111111110100010101",
            "weightExponent": 19,
            "status": "Accepted",
            "items": [],
            "cost": 118
          },
          {
            "word": "100010110",
            "code": "1111111110100010110",
            "weightExponent": 19,
            "status": "Accepted",
            "items": [],
            "cost": 118
          },
          {
            "word": "100010111",
            "code": "1111111110100010111",
            "weightExponent": 19,
            "status": "Accepted",
            "items": [],
            "cost": 115
          },
          {
            "word": "100011000",
            "code": "1111111110100011000",
            "weightExponent": 19,
            "status": "Accepted",
            "items": [],
            "cost": 190
          },
          {
            "word": "100011001",
            "code": "1111111110100011001",
            "weightExponent": 19,
            "status": "Accepted",
            "items": [],
            "cost": 145
          },
          {
            "word": "100011010",
            "code": "1111111110100011010",
            "weightExponent": 19,
            "status": "Accepted",
            "items": [],
            "cost": 118
          },
          {
            "word": "100011011",
            "code": "1111111110100011011",
            "weightExponent": 19,
            "status": "Accepted",
            "items": [],
            "cost": 115
          },
          {
            "word": "100011100",
            "code": "1111111110100011100",
            "weightExponent": 19,
            "status": "Accepted",
            "items": [],
            "cost": 145
          },
          {
            "word": "100011101",
            "code": "1111111110100011101",
            "weightExponent": 19,
            "status": "Accepted",
            "items": [],
            "cost": 115
          },
          {
            "word": "100011110",
            "code": "1111111110100011110",
            "weightExponent": 19,
            "status": "Accepted",
            "items": [],
            "cost": 115
          },
          {
            "word": "100011111",
            "code": "1111111110100011111",
            "weightExponent": 19,
            "status": "Accepted",
            "items": [],
            "cost": 112
          },
          {
            "word": "100100000",
            "code": "1111111110100100000",
            "weightExponent": 19,
            "status": "Accepted",
            "items": [],
            "cost": 196
          },
          {
            "word": "100100001",
            "code": "1111111110100100001",
            "weightExponent": 19,
            "status": "RejectedNonBitOutput",
            "items": [
              "<non-bit>"
            ],
            "cost": 210
          },
          {
            "word": "100100010",
            "code": "1111111110100100010",
            "weightExponent": 19,
            "status": "RejectedNonBitOutput",
            "items": [
              "<non-bit>"
            ],
            "cost": 192
          },
          {
            "word": "100100011",
            "code": "1111111110100100011",
            "weightExponent": 19,
            "status": "RejectedNonBitOutput",
            "items": [
              "<non-bit>"
            ],
            "cost": 192
          },
          {
            "word": "100100100",
            "code": "1111111110100100100",
            "weightExponent": 19,
            "status": "Accepted",
            "items": [],
            "cost": 181
          },
          {
            "word": "100100101",
            "code": "1111111110100100101",
            "weightExponent": 19,
            "status": "Accepted",
            "items": [],
            "cost": 115
          },
          {
            "word": "100100110",
            "code": "1111111110100100110",
            "weightExponent": 19,
            "status": "Accepted",
            "items": [],
            "cost": 115
          },
          {
            "word": "100100111",
            "code": "1111111110100100111",
            "weightExponent": 19,
            "status": "Accepted",
            "items": [],
            "cost": 112
          },
          {
            "word": "100101000",
            "code": "1111111110100101000",
            "weightExponent": 19,
            "status": "Accepted",
            "items": [],
            "cost": 190
          },
          {
            "word": "100101001",
            "code": "1111111110100101001",
            "weightExponent": 19,
            "status": "Accepted",
            "items": [],
            "cost": 142
          },
          {
            "word": "100101010",
            "code": "1111111110100101010",
            "weightExponent": 19,
            "status": "Accepted",
            "items": [],
            "cost": 115
          },
          {
            "word": "100101011",
            "code": "1111111110100101011",
            "weightExponent": 19,
            "status": "Accepted",
            "items": [],
            "cost": 112
          },
          {
            "word": "100101100",
            "code": "1111111110100101100",
            "weightExponent": 19,
            "status": "Accepted",
            "items": [],
            "cost": 142
          },
          {
            "word": "100101101",
            "code": "1111111110100101101",
            "weightExponent": 19,
            "status": "Accepted",
            "items": [],
            "cost": 112
          },
          {
            "word": "100101110",
            "code": "1111111110100101110",
            "weightExponent": 19,
            "status": "Accepted",
            "items": [],
            "cost": 112
          },
          {
            "word": "100101111",
            "code": "1111111110100101111",
            "weightExponent": 19,
            "status": "Accepted",
            "items": [],
            "cost": 109
          },
          {
            "word": "100110000",
            "code": "1111111110100110000",
            "weightExponent": 19,
            "status": "Accepted",
            "items": [],
            "cost": 190
          },
          {
            "word": "100110001",
            "code": "1111111110100110001",
            "weightExponent": 19,
            "status": "Accepted",
            "items": [],
            "cost": 145
          },
          {
            "word": "100110010",
            "code": "1111111110100110010",
            "weightExponent": 19,
            "status": "Accepted",
            "items": [],
            "cost": 145
          },
          {
            "word": "100110011",
            "code": "1111111110100110011",
            "weightExponent": 19,
            "status": "Accepted",
            "items": [],
            "cost": 142
          },
          {
            "word": "100110100",
            "code": "1111111110100110100",
            "weightExponent": 19,
            "status": "Accepted",
            "items": [],
            "cost": 166
          },
          {
            "word": "100110101",
            "code": "1111111110100110101",
            "weightExponent": 19,
            "status": "Accepted",
            "items": [],
            "cost": 115
          },
          {
            "word": "100110110",
            "code": "1111111110100110110",
            "weightExponent": 19,
            "status": "Accepted",
            "items": [],
            "cost": 115
          },
          {
            "word": "100110111",
            "code": "1111111110100110111",
            "weightExponent": 19,
            "status": "Accepted",
            "items": [],
            "cost": 112
          },
          {
            "word": "100111000",
            "code": "1111111110100111000",
            "weightExponent": 19,
            "status": "Accepted",
            "items": [],
            "cost": 160
          },
          {
            "word": "100111001",
            "code": "1111111110100111001",
            "weightExponent": 19,
            "status": "Accepted",
            "items": [],
            "cost": 142
          },
          {
            "word": "100111010",
            "code": "1111111110100111010",
            "weightExponent": 19,
            "status": "Accepted",
            "items": [],
            "cost": 115
          },
          {
            "word": "100111011",
            "code": "1111111110100111011",
            "weightExponent": 19,
            "status": "Accepted",
            "items": [],
            "cost": 112
          },
          {
            "word": "100111100",
            "code": "1111111110100111100",
            "weightExponent": 19,
            "status": "Accepted",
            "items": [],
            "cost": 142
          },
          {
            "word": "100111101",
            "code": "1111111110100111101",
            "weightExponent": 19,
            "status": "Accepted",
            "items": [],
            "cost": 112
          },
          {
            "word": "100111110",
            "code": "1111111110100111110",
            "weightExponent": 19,
            "status": "Accepted",
            "items": [],
            "cost": 112
          },
          {
            "word": "100111111",
            "code": "1111111110100111111",
            "weightExponent": 19,
            "status": "Accepted",
            "items": [],
            "cost": 109
          },
          {
            "word": "101000000",
            "code": "1111111110101000000",
            "weightExponent": 19,
            "status": "Accepted",
            "items": [],
            "cost": 190
          },
          {
            "word": "101000001",
            "code": "1111111110101000001",
            "weightExponent": 19,
            "status": "RejectedNonBitOutput",
            "items": [
              "<non-bit>"
            ],
            "cost": 219
          },
          {
            "word": "101000010",
            "code": "1111111110101000010",
            "weightExponent": 19,
            "status": "Accepted",
            "items": [],
            "cost": 163
          },
          {
            "word": "101000011",
            "code": "1111111110101000011",
            "weightExponent": 19,
            "status": "Accepted",
            "items": [],
            "cost": 160
          },
          {
            "word": "101000100",
            "code": "1111111110101000100",
            "weightExponent": 19,
            "status": "Accepted",
            "items": [],
            "cost": 136
          },
          {
            "word": "101000101",
            "code": "1111111110101000101",
            "weightExponent": 19,
            "status": "Accepted",
            "items": [],
            "cost": 133
          },
          {
            "word": "101000110",
            "code": "1111111110101000110",
            "weightExponent": 19,
            "status": "Accepted",
            "items": [],
            "cost": 136
          },
          {
            "word": "101000111",
            "code": "1111111110101000111",
            "weightExponent": 19,
            "status": "Accepted",
            "items": [],
            "cost": 133
          },
          {
            "word": "101001000",
            "code": "1111111110101001000",
            "weightExponent": 19,
            "status": "Accepted",
            "items": [],
            "cost": 163
          },
          {
            "word": "101001001",
            "code": "1111111110101001001",
            "weightExponent": 19,
            "status": "RejectedNonBitOutput",
            "items": [
              "<non-bit>"
            ],
            "cost": 192
          },
          {
            "word": "101001010",
            "code": "1111111110101001010",
            "weightExponent": 19,
            "status": "Accepted",
            "items": [],
            "cost": 136
          },
          {
            "word": "101001011",
            "code": "1111111110101001011",
            "weightExponent": 19,
            "status": "Accepted",
            "items": [],
            "cost": 133
          },
          {
            "word": "101001100",
            "code": "1111111110101001100",
            "weightExponent": 19,
            "status": "Accepted",
            "items": [],
            "cost": 133
          },
          {
            "word": "101001101",
            "code": "1111111110101001101",
            "weightExponent": 19,
            "status": "Accepted",
            "items": [],
            "cost": 130
          },
          {
            "word": "101001110",
            "code": "1111111110101001110",
            "weightExponent": 19,
            "status": "Accepted",
            "items": [],
            "cost": 133
          },
          {
            "word": "101001111",
            "code": "1111111110101001111",
            "weightExponent": 19,
            "status": "Accepted",
            "items": [],
            "cost": 130
          },
          {
            "word": "101010000",
            "code": "1111111110101010000",
            "weightExponent": 19,
            "status": "Accepted",
            "items": [],
            "cost": 148
          },
          {
            "word": "101010001",
            "code": "1111111110101010001",
            "weightExponent": 19,
            "status": "Accepted",
            "items": [],
            "cost": 148
          },
          {
            "word": "101010010",
            "code": "1111111110101010010",
            "weightExponent": 19,
            "status": "RejectedNonBitOutput",
            "items": [
              "<non-bit>"
            ],
            "cost": 177
          },
          {
            "word": "101010011",
            "code": "1111111110101010011",
            "weightExponent": 19,
            "status": "RejectedNonBitOutput",
            "items": [
              "<non-bit>"
            ],
            "cost": 177
          },
          {
            "word": "101010100",
            "code": "1111111110101010100",
            "weightExponent": 19,
            "status": "Accepted",
            "items": [],
            "cost": 166
          },
          {
            "word": "101010101",
            "code": "1111111110101010101",
            "weightExponent": 19,
            "status": "Accepted",
            "items": [],
            "cost": 85
          },
          {
            "word": "101010110",
            "code": "1111111110101010110",
            "weightExponent": 19,
            "status": "Accepted",
            "items": [],
            "cost": 85
          },
          {
            "word": "101010111",
            "code": "1111111110101010111",
            "weightExponent": 19,
            "status": "Accepted",
            "items": [],
            "cost": 82
          },
          {
            "word": "101011000",
            "code": "1111111110101011000",
            "weightExponent": 19,
            "status": "Accepted",
            "items": [],
            "cost": 184
          },
          {
            "word": "101011001",
            "code": "1111111110101011001",
            "weightExponent": 19,
            "status": "Accepted",
            "items": [],
            "cost": 112
          },
          {
            "word": "101011010",
            "code": "1111111110101011010",
            "weightExponent": 19,
            "status": "Accepted",
            "items": [],
            "cost": 85
          },
          {
            "word": "101011011",
            "code": "1111111110101011011",
            "weightExponent": 19,
            "status": "Accepted",
            "items": [],
            "cost": 82
          },
          {
            "word": "101011100",
            "code": "1111111110101011100",
            "weightExponent": 19,
            "status": "Accepted",
            "items": [],
            "cost": 112
          },
          {
            "word": "101011101",
            "code": "1111111110101011101",
            "weightExponent": 19,
            "status": "Accepted",
            "items": [],
            "cost": 82
          },
          {
            "word": "101011110",
            "code": "1111111110101011110",
            "weightExponent": 19,
            "status": "Accepted",
            "items": [],
            "cost": 82
          },
          {
            "word": "101011111",
            "code": "1111111110101011111",
            "weightExponent": 19,
            "status": "Accepted",
            "items": [],
            "cost": 79
          },
          {
            "word": "101100000",
            "code": "1111111110101100000",
            "weightExponent": 19,
            "status": "Accepted",
            "items": [],
            "cost": 190
          },
          {
            "word": "101100001",
            "code": "1111111110101100001",
            "weightExponent": 19,
            "status": "Accepted",
            "items": [],
            "cost": 160
          },
          {
            "word": "101100010",
            "code": "1111111110101100010",
            "weightExponent": 19,
            "status": "Accepted",
            "items": [],
            "cost": 157
          },
          {
            "word": "101100011",
            "code": "1111111110101100011",
            "weightExponent": 19,
            "status": "Accepted",
            "items": [],
            "cost": 157
          },
          {
            "word": "101100100",
            "code": "1111111110101100100",
            "weightExponent": 19,
            "status": "Accepted",
            "items": [],
            "cost": 184
          },
          {
            "word": "101100101",
            "code": "1111111110101100101",
            "weightExponent": 19,
            "status": "Accepted",
            "items": [],
            "cost": 112
          },
          {
            "word": "101100110",
            "code": "1111111110101100110",
            "weightExponent": 19,
            "status": "Accepted",
            "items": [],
            "cost": 112
          },
          {
            "word": "101100111",
            "code": "1111111110101100111",
            "weightExponent": 19,
            "status": "Accepted",
            "items": [],
            "cost": 109
          },
          {
            "word": "101101000",
            "code": "1111111110101101000",
            "weightExponent": 19,
            "status": "Accepted",
            "items": [],
            "cost": 175
          },
          {
            "word": "101101001",
            "code": "1111111110101101001",
            "weightExponent": 19,
            "status": "Accepted",
            "items": [],
            "cost": 133
          },
          {
            "word": "101101010",
            "code": "1111111110101101010",
            "weightExponent": 19,
            "status": "Accepted",
            "items": [],
            "cost": 85
          },
          {
            "word": "101101011",
            "code": "1111111110101101011",
            "weightExponent": 19,
            "status": "Accepted",
            "items": [],
            "cost": 82
          },
          {
            "word": "101101100",
            "code": "1111111110101101100",
            "weightExponent": 19,
            "status": "Accepted",
            "items": [],
            "cost": 112
          },
          {
            "word": "101101101",
            "code": "1111111110101101101",
            "weightExponent": 19,
            "status": "Accepted",
            "items": [],
            "cost": 82
          },
          {
            "word": "101101110",
            "code": "1111111110101101110",
            "weightExponent": 19,
            "status": "Accepted",
            "items": [],
            "cost": 82
          },
          {
            "word": "101101111",
            "code": "1111111110101101111",
            "weightExponent": 19,
            "status": "Accepted",
            "items": [],
            "cost": 79
          },
          {
            "word": "101110000",
            "code": "1111111110101110000",
            "weightExponent": 19,
            "status": "Accepted",
            "items": [],
            "cost": 184
          },
          {
            "word": "101110001",
            "code": "1111111110101110001",
            "weightExponent": 19,
            "status": "Accepted",
            "items": [],
            "cost": 127
          },
          {
            "word": "101110010",
            "code": "1111111110101110010",
            "weightExponent": 19,
            "status": "Accepted",
            "items": [],
            "cost": 112
          },
          {
            "word": "101110011",
            "code": "1111111110101110011",
            "weightExponent": 19,
            "status": "Accepted",
            "items": [],
            "cost": 109
          },
          {
            "word": "101110100",
            "code": "1111111110101110100",
            "weightExponent": 19,
            "status": "Accepted",
            "items": [],
            "cost": 133
          },
          {
            "word": "101110101",
            "code": "1111111110101110101",
            "weightExponent": 19,
            "status": "Accepted",
            "items": [],
            "cost": 82
          },
          {
            "word": "101110110",
            "code": "1111111110101110110",
            "weightExponent": 19,
            "status": "Accepted",
            "items": [],
            "cost": 82
          },
          {
            "word": "101110111",
            "code": "1111111110101110111",
            "weightExponent": 19,
            "status": "Accepted",
            "items": [],
            "cost": 79
          },
          {
            "word": "101111000",
            "code": "1111111110101111000",
            "weightExponent": 19,
            "status": "Accepted",
            "items": [],
            "cost": 127
          },
          {
            "word": "101111001",
            "code": "1111111110101111001",
            "weightExponent": 19,
            "status": "Accepted",
            "items": [],
            "cost": 109
          },
          {
            "word": "101111010",
            "code": "1111111110101111010",
            "weightExponent": 19,
            "status": "Accepted",
            "items": [],
            "cost": 82
          },
          {
            "word": "101111011",
            "code": "1111111110101111011",
            "weightExponent": 19,
            "status": "Accepted",
            "items": [],
            "cost": 79
          },
          {
            "word": "101111100",
            "code": "1111111110101111100",
            "weightExponent": 19,
            "status": "Accepted",
            "items": [],
            "cost": 109
          },
          {
            "word": "101111101",
            "code": "1111111110101111101",
            "weightExponent": 19,
            "status": "Accepted",
            "items": [],
            "cost": 79
          },
          {
            "word": "101111110",
            "code": "1111111110101111110",
            "weightExponent": 19,
            "status": "Accepted",
            "items": [],
            "cost": 79
          },
          {
            "word": "101111111",
            "code": "1111111110101111111",
            "weightExponent": 19,
            "status": "Accepted",
            "items": [],
            "cost": 76
          },
          {
            "word": "110000000",
            "code": "1111111110110000000",
            "weightExponent": 19,
            "status": "Accepted",
            "items": [],
            "cost": 205
          },
          {
            "word": "110000001",
            "code": "1111111110110000001",
            "weightExponent": 19,
            "status": "RejectedNonBitOutput",
            "items": [
              "<non-bit>"
            ],
            "cost": 219
          },
          {
            "word": "110000010",
            "code": "1111111110110000010",
            "weightExponent": 19,
            "status": "RejectedNonBitOutput",
            "items": [
              "<non-bit>"
            ],
            "cost": 201
          },
          {
            "word": "110000011",
            "code": "1111111110110000011",
            "weightExponent": 19,
            "status": "RejectedNonBitOutput",
            "items": [
              "<non-bit>"
            ],
            "cost": 201
          },
          {
            "word": "110000100",
            "code": "1111111110110000100",
            "weightExponent": 19,
            "status": "Accepted",
            "items": [
              "1"
            ],
            "cost": 210
          },
          {
            "word": "110000101",
            "code": "1111111110110000101",
            "weightExponent": 19,
            "status": "Accepted",
            "items": [],
            "cost": 142
          },
          {
            "word": "110000110",
            "code": "1111111110110000110",
            "weightExponent": 19,
            "status": "RejectedTypeError",
            "items": [],
            "cost": 197
          },
          {
            "word": "110000111",
            "code": "1111111110110000111",
            "weightExponent": 19,
            "status": "Accepted",
            "items": [],
            "cost": 142
          },
          {
            "word": "110001000",
            "code": "1111111110110001000",
            "weightExponent": 19,
            "status": "Accepted",
            "items": [
              "1"
            ],
            "cost": 192
          },
          {
            "word": "110001001",
            "code": "1111111110110001001",
            "weightExponent": 19,
            "status": "Accepted",
            "items": [],
            "cost": 124
          },
          {
            "word": "110001010",
            "code": "1111111110110001010",
            "weightExponent": 19,
            "status": "RejectedTypeError",
            "items": [],
            "cost": 179
          },
          {
            "word": "110001011",
            "code": "1111111110110001011",
            "weightExponent": 19,
            "status": "Accepted",
            "items": [],
            "cost": 124
          },
          {
            "word": "110001100",
            "code": "1111111110110001100",
            "weightExponent": 19,
            "status": "Accepted",
            "items": [
              "1"
            ],
            "cost": 192
          },
          {
            "word": "110001101",
            "code": "1111111110110001101",
            "weightExponent": 19,
            "status": "Accepted",
            "items": [],
            "cost": 124
          },
          {
            "word": "110001110",
            "code": "1111111110110001110",
            "weightExponent": 19,
            "status": "RejectedTypeError",
            "items": [],
            "cost": 179
          },
          {
            "word": "110001111",
            "code": "1111111110110001111",
            "weightExponent": 19,
            "status": "Accepted",
            "items": [],
            "cost": 124
          },
          {
            "word": "110010000",
            "code": "1111111110110010000",
            "weightExponent": 19,
            "status": "Accepted",
            "items": [],
            "cost": 190
          },
          {
            "word": "110010001",
            "code": "1111111110110010001",
            "weightExponent": 19,
            "status": "Accepted",
            "items": [],
            "cost": 160
          },
          {
            "word": "110010010",
            "code": "1111111110110010010",
            "weightExponent": 19,
            "status": "Accepted",
            "items": [],
            "cost": 157
          },
          {
            "word": "110010011",
            "code": "1111111110110010011",
            "weightExponent": 19,
            "status": "Accepted",
            "items": [],
            "cost": 157
          },
          {
            "word": "110010100",
            "code": "1111111110110010100",
            "weightExponent": 19,
            "status": "Accepted",
            "items": [],
            "cost": 184
          },
          {
            "word": "110010101",
            "code": "1111111110110010101",
            "weightExponent": 19,
            "status": "Accepted",
            "items": [],
            "cost": 112
          },
          {
            "word": "110010110",
            "code": "1111111110110010110",
            "weightExponent": 19,
            "status": "Accepted",
            "items": [],
            "cost": 112
          },
          {
            "word": "110010111",
            "code": "1111111110110010111",
            "weightExponent": 19,
            "status": "Accepted",
            "items": [],
            "cost": 109
          },
          {
            "word": "110011000",
            "code": "1111111110110011000",
            "weightExponent": 19,
            "status": "Accepted",
            "items": [],
            "cost": 175
          },
          {
            "word": "110011001",
            "code": "1111111110110011001",
            "weightExponent": 19,
            "status": "Accepted",
            "items": [],
            "cost": 139
          },
          {
            "word": "110011010",
            "code": "1111111110110011010",
            "weightExponent": 19,
            "status": "Accepted",
            "items": [],
            "cost": 112
          },
          {
            "word": "110011011",
            "code": "1111111110110011011",
            "weightExponent": 19,
            "status": "Accepted",
            "items": [],
            "cost": 109
          },
          {
            "word": "110011100",
            "code": "1111111110110011100",
            "weightExponent": 19,
            "status": "Accepted",
            "items": [],
            "cost": 139
          },
          {
            "word": "110011101",
            "code": "1111111110110011101",
            "weightExponent": 19,
            "status": "Accepted",
            "items": [],
            "cost": 109
          },
          {
            "word": "110011110",
            "code": "1111111110110011110",
            "weightExponent": 19,
            "status": "Accepted",
            "items": [],
            "cost": 109
          },
          {
            "word": "110011111",
            "code": "1111111110110011111",
            "weightExponent": 19,
            "status": "Accepted",
            "items": [],
            "cost": 106
          },
          {
            "word": "110100000",
            "code": "1111111110110100000",
            "weightExponent": 19,
            "status": "Accepted",
            "items": [],
            "cost": 184
          },
          {
            "word": "110100001",
            "code": "1111111110110100001",
            "weightExponent": 19,
            "status": "Accepted",
            "items": [],
            "cost": 154
          },
          {
            "word": "110100010",
            "code": "1111111110110100010",
            "weightExponent": 19,
            "status": "Accepted",
            "items": [],
            "cost": 151
          },
          {
            "word": "110100011",
            "code": "1111111110110100011",
            "weightExponent": 19,
            "status": "Accepted",
            "items": [],
            "cost": 151
          },
          {
            "word": "110100100",
            "code": "1111111110110100100",
            "weightExponent": 19,
            "status": "Accepted",
            "items": [],
            "cost": 184
          },
          {
            "word": "110100101",
            "code": "1111111110110100101",
            "weightExponent": 19,
            "status": "Accepted",
            "items": [],
            "cost": 133
          },
          {
            "word": "110100110",
            "code": "1111111110110100110",
            "weightExponent": 19,
            "status": "Accepted",
            "items": [],
            "cost": 133
          },
          {
            "word": "110100111",
            "code": "1111111110110100111",
            "weightExponent": 19,
            "status": "Accepted",
            "items": [],
            "cost": 130
          },
          {
            "word": "110101000",
            "code": "1111111110110101000",
            "weightExponent": 19,
            "status": "Accepted",
            "items": [
              "0",
              "0"
            ],
            "cost": 215
          },
          {
            "word": "110101001",
            "code": "1111111110110101001",
            "weightExponent": 19,
            "status": "Accepted",
            "items": [],
            "cost": 154
          },
          {
            "word": "110101010",
            "code": "1111111110110101010",
            "weightExponent": 19,
            "status": "Accepted",
            "items": [],
            "cost": 85
          },
          {
            "word": "110101011",
            "code": "1111111110110101011",
            "weightExponent": 19,
            "status": "Accepted",
            "items": [],
            "cost": 82
          },
          {
            "word": "110101100",
            "code": "1111111110110101100",
            "weightExponent": 19,
            "status": "Accepted",
            "items": [],
            "cost": 112
          },
          {
            "word": "110101101",
            "code": "1111111110110101101",
            "weightExponent": 19,
            "status": "Accepted",
            "items": [],
            "cost": 82
          },
          {
            "word": "110101110",
            "code": "1111111110110101110",
            "weightExponent": 19,
            "status": "Accepted",
            "items": [],
            "cost": 82
          },
          {
            "word": "110101111",
            "code": "1111111110110101111",
            "weightExponent": 19,
            "status": "Accepted",
            "items": [],
            "cost": 79
          },
          {
            "word": "110110000",
            "code": "1111111110110110000",
            "weightExponent": 19,
            "status": "Accepted",
            "items": [],
            "cost": 175
          },
          {
            "word": "110110001",
            "code": "1111111110110110001",
            "weightExponent": 19,
            "status": "Accepted",
            "items": [],
            "cost": 154
          },
          {
            "word": "110110010",
            "code": "1111111110110110010",
            "weightExponent": 19,
            "status": "Accepted",
            "items": [],
            "cost": 112
          },
          {
            "word": "110110011",
            "code": "1111111110110110011",
            "weightExponent": 19,
            "status": "Accepted",
            "items": [],
            "cost": 109
          },
          {
            "word": "110110100",
            "code": "1111111110110110100",
            "weightExponent": 19,
            "status": "Accepted",
            "items": [],
            "cost": 133
          },
          {
            "word": "110110101",
            "code": "1111111110110110101",
            "weightExponent": 19,
            "status": "Accepted",
            "items": [],
            "cost": 82
          },
          {
            "word": "110110110",
            "code": "1111111110110110110",
            "weightExponent": 19,
            "status": "Accepted",
            "items": [],
            "cost": 82
          },
          {
            "word": "110110111",
            "code": "1111111110110110111",
            "weightExponent": 19,
            "status": "Accepted",
            "items": [],
            "cost": 79
          },
          {
            "word": "110111000",
            "code": "1111111110110111000",
            "weightExponent": 19,
            "status": "Accepted",
            "items": [],
            "cost": 127
          },
          {
            "word": "110111001",
            "code": "1111111110110111001",
            "weightExponent": 19,
            "status": "Accepted",
            "items": [],
            "cost": 109
          },
          {
            "word": "110111010",
            "code": "1111111110110111010",
            "weightExponent": 19,
            "status": "Accepted",
            "items": [],
            "cost": 82
          },
          {
            "word": "110111011",
            "code": "1111111110110111011",
            "weightExponent": 19,
            "status": "Accepted",
            "items": [],
            "cost": 79
          },
          {
            "word": "110111100",
            "code": "1111111110110111100",
            "weightExponent": 19,
            "status": "Accepted",
            "items": [],
            "cost": 109
          },
          {
            "word": "110111101",
            "code": "1111111110110111101",
            "weightExponent": 19,
            "status": "Accepted",
            "items": [],
            "cost": 79
          },
          {
            "word": "110111110",
            "code": "1111111110110111110",
            "weightExponent": 19,
            "status": "Accepted",
            "items": [],
            "cost": 79
          },
          {
            "word": "110111111",
            "code": "1111111110110111111",
            "weightExponent": 19,
            "status": "Accepted",
            "items": [],
            "cost": 76
          },
          {
            "word": "111000000",
            "code": "1111111110111000000",
            "weightExponent": 19,
            "status": "Accepted",
            "items": [],
            "cost": 190
          },
          {
            "word": "111000001",
            "code": "1111111110111000001",
            "weightExponent": 19,
            "status": "Accepted",
            "items": [],
            "cost": 160
          },
          {
            "word": "111000010",
            "code": "1111111110111000010",
            "weightExponent": 19,
            "status": "Accepted",
            "items": [],
            "cost": 157
          },
          {
            "word": "111000011",
            "code": "1111111110111000011",
            "weightExponent": 19,
            "status": "Accepted",
            "items": [],
            "cost": 157
          },
          {
            "word": "111000100",
            "code": "1111111110111000100",
            "weightExponent": 19,
            "status": "Accepted",
            "items": [],
            "cost": 184
          },
          {
            "word": "111000101",
            "code": "1111111110111000101",
            "weightExponent": 19,
            "status": "Accepted",
            "items": [],
            "cost": 127
          },
          {
            "word": "111000110",
            "code": "1111111110111000110",
            "weightExponent": 19,
            "status": "Accepted",
            "items": [],
            "cost": 127
          },
          {
            "word": "111000111",
            "code": "1111111110111000111",
            "weightExponent": 19,
            "status": "Accepted",
            "items": [],
            "cost": 124
          },
          {
            "word": "111001000",
            "code": "1111111110111001000",
            "weightExponent": 19,
            "status": "Accepted",
            "items": [],
            "cost": 175
          },
          {
            "word": "111001001",
            "code": "1111111110111001001",
            "weightExponent": 19,
            "status": "Accepted",
            "items": [],
            "cost": 154
          },
          {
            "word": "111001010",
            "code": "1111111110111001010",
            "weightExponent": 19,
            "status": "Accepted",
            "items": [],
            "cost": 112
          },
          {
            "word": "111001011",
            "code": "1111111110111001011",
            "weightExponent": 19,
            "status": "Accepted",
            "items": [],
            "cost": 109
          },
          {
            "word": "111001100",
            "code": "1111111110111001100",
            "weightExponent": 19,
            "status": "Accepted",
            "items": [],
            "cost": 139
          },
          {
            "word": "111001101",
            "code": "1111111110111001101",
            "weightExponent": 19,
            "status": "Accepted",
            "items": [],
            "cost": 109
          },
          {
            "word": "111001110",
            "code": "1111111110111001110",
            "weightExponent": 19,
            "status": "Accepted",
            "items": [],
            "cost": 109
          },
          {
            "word": "111001111",
            "code": "1111111110111001111",
            "weightExponent": 19,
            "status": "Accepted",
            "items": [],
            "cost": 106
          },
          {
            "word": "111010000",
            "code": "1111111110111010000",
            "weightExponent": 19,
            "status": "Accepted",
            "items": [],
            "cost": 181
          },
          {
            "word": "111010001",
            "code": "1111111110111010001",
            "weightExponent": 19,
            "status": "Accepted",
            "items": [],
            "cost": 139
          },
          {
            "word": "111010010",
            "code": "1111111110111010010",
            "weightExponent": 19,
            "status": "Accepted",
            "items": [],
            "cost": 133
          },
          {
            "word": "111010011",
            "code": "1111111110111010011",
            "weightExponent": 19,
            "status": "Accepted",
            "items": [],
            "cost": 130
          },
          {
            "word": "111010100",
            "code": "1111111110111010100",
            "weightExponent": 19,
            "status": "Accepted",
            "items": [],
            "cost": 154
          },
          {
            "word": "111010101",
            "code": "1111111110111010101",
            "weightExponent": 19,
            "status": "Accepted",
            "items": [],
            "cost": 82
          },
          {
            "word": "111010110",
            "code": "1111111110111010110",
            "weightExponent": 19,
            "status": "Accepted",
            "items": [],
            "cost": 82
          },
          {
            "word": "111010111",
            "code": "1111111110111010111",
            "weightExponent": 19,
            "status": "Accepted",
            "items": [],
            "cost": 79
          },
          {
            "word": "111011000",
            "code": "1111111110111011000",
            "weightExponent": 19,
            "status": "Accepted",
            "items": [],
            "cost": 154
          },
          {
            "word": "111011001",
            "code": "1111111110111011001",
            "weightExponent": 19,
            "status": "Accepted",
            "items": [],
            "cost": 109
          },
          {
            "word": "111011010",
            "code": "1111111110111011010",
            "weightExponent": 19,
            "status": "Accepted",
            "items": [],
            "cost": 82
          },
          {
            "word": "111011011",
            "code": "1111111110111011011",
            "weightExponent": 19,
            "status": "Accepted",
            "items": [],
            "cost": 79
          },
          {
            "word": "111011100",
            "code": "1111111110111011100",
            "weightExponent": 19,
            "status": "Accepted",
            "items": [],
            "cost": 109
          },
          {
            "word": "111011101",
            "code": "1111111110111011101",
            "weightExponent": 19,
            "status": "Accepted",
            "items": [],
            "cost": 79
          },
          {
            "word": "111011110",
            "code": "1111111110111011110",
            "weightExponent": 19,
            "status": "Accepted",
            "items": [],
            "cost": 79
          },
          {
            "word": "111011111",
            "code": "1111111110111011111",
            "weightExponent": 19,
            "status": "Accepted",
            "items": [],
            "cost": 76
          },
          {
            "word": "111100000",
            "code": "1111111110111100000",
            "weightExponent": 19,
            "status": "Accepted",
            "items": [],
            "cost": 175
          },
          {
            "word": "111100001",
            "code": "1111111110111100001",
            "weightExponent": 19,
            "status": "Accepted",
            "items": [],
            "cost": 154
          },
          {
            "word": "111100010",
            "code": "1111111110111100010",
            "weightExponent": 19,
            "status": "Accepted",
            "items": [],
            "cost": 127
          },
          {
            "word": "111100011",
            "code": "1111111110111100011",
            "weightExponent": 19,
            "status": "Accepted",
            "items": [],
            "cost": 124
          },
          {
            "word": "111100100",
            "code": "1111111110111100100",
            "weightExponent": 19,
            "status": "Accepted",
            "items": [],
            "cost": 154
          },
          {
            "word": "111100101",
            "code": "1111111110111100101",
            "weightExponent": 19,
            "status": "Accepted",
            "items": [],
            "cost": 109
          },
          {
            "word": "111100110",
            "code": "1111111110111100110",
            "weightExponent": 19,
            "status": "Accepted",
            "items": [],
            "cost": 109
          },
          {
            "word": "111100111",
            "code": "1111111110111100111",
            "weightExponent": 19,
            "status": "Accepted",
            "items": [],
            "cost": 106
          },
          {
            "word": "111101000",
            "code": "1111111110111101000",
            "weightExponent": 19,
            "status": "Accepted",
            "items": [],
            "cost": 139
          },
          {
            "word": "111101001",
            "code": "1111111110111101001",
            "weightExponent": 19,
            "status": "Accepted",
            "items": [],
            "cost": 130
          },
          {
            "word": "111101010",
            "code": "1111111110111101010",
            "weightExponent": 19,
            "status": "Accepted",
            "items": [],
            "cost": 82
          },
          {
            "word": "111101011",
            "code": "1111111110111101011",
            "weightExponent": 19,
            "status": "Accepted",
            "items": [],
            "cost": 79
          },
          {
            "word": "111101100",
            "code": "1111111110111101100",
            "weightExponent": 19,
            "status": "Accepted",
            "items": [],
            "cost": 109
          },
          {
            "word": "111101101",
            "code": "1111111110111101101",
            "weightExponent": 19,
            "status": "Accepted",
            "items": [],
            "cost": 79
          },
          {
            "word": "111101110",
            "code": "1111111110111101110",
            "weightExponent": 19,
            "status": "Accepted",
            "items": [],
            "cost": 79
          },
          {
            "word": "111101111",
            "code": "1111111110111101111",
            "weightExponent": 19,
            "status": "Accepted",
            "items": [],
            "cost": 76
          },
          {
            "word": "111110000",
            "code": "1111111110111110000",
            "weightExponent": 19,
            "status": "Accepted",
            "items": [],
            "cost": 154
          },
          {
            "word": "111110001",
            "code": "1111111110111110001",
            "weightExponent": 19,
            "status": "Accepted",
            "items": [],
            "cost": 124
          },
          {
            "word": "111110010",
            "code": "1111111110111110010",
            "weightExponent": 19,
            "status": "Accepted",
            "items": [],
            "cost": 109
          },
          {
            "word": "111110011",
            "code": "1111111110111110011",
            "weightExponent": 19,
            "status": "Accepted",
            "items": [],
            "cost": 106
          },
          {
            "word": "111110100",
            "code": "1111111110111110100",
            "weightExponent": 19,
            "status": "Accepted",
            "items": [],
            "cost": 130
          },
          {
            "word": "111110101",
            "code": "1111111110111110101",
            "weightExponent": 19,
            "status": "Accepted",
            "items": [],
            "cost": 79
          },
          {
            "word": "111110110",
            "code": "1111111110111110110",
            "weightExponent": 19,
            "status": "Accepted",
            "items": [],
            "cost": 79
          },
          {
            "word": "111110111",
            "code": "1111111110111110111",
            "weightExponent": 19,
            "status": "Accepted",
            "items": [],
            "cost": 76
          },
          {
            "word": "111111000",
            "code": "1111111110111111000",
            "weightExponent": 19,
            "status": "Accepted",
            "items": [],
            "cost": 124
          },
          {
            "word": "111111001",
            "code": "1111111110111111001",
            "weightExponent": 19,
            "status": "Accepted",
            "items": [],
            "cost": 106
          },
          {
            "word": "111111010",
            "code": "1111111110111111010",
            "weightExponent": 19,
            "status": "Accepted",
            "items": [],
            "cost": 79
          },
          {
            "word": "111111011",
            "code": "1111111110111111011",
            "weightExponent": 19,
            "status": "Accepted",
            "items": [],
            "cost": 76
          },
          {
            "word": "111111100",
            "code": "1111111110111111100",
            "weightExponent": 19,
            "status": "Accepted",
            "items": [],
            "cost": 106
          },
          {
            "word": "111111101",
            "code": "1111111110111111101",
            "weightExponent": 19,
            "status": "Accepted",
            "items": [],
            "cost": 76
          },
          {
            "word": "111111110",
            "code": "1111111110111111110",
            "weightExponent": 19,
            "status": "Accepted",
            "items": [],
            "cost": 76
          },
          {
            "word": "111111111",
            "code": "1111111110111111111",
            "weightExponent": 19,
            "status": "Accepted",
            "items": [],
            "cost": 73
          }
        ]
      }
    },
    "checks": [
      "pinned oracle has 19 function-entry fuel sites",
      "all pinned-source oracle calls completed without resource ambiguity",
      "prefix ledger, output and debited cost equal direct",
      "state ledger, output and debited cost equal direct",
      "every full-budget row agrees with independently instrumented Zot output/failure oracle",
      "all finite framed codes form an antichain",
      "exact Kraft mass plus unevaluated length tail equals one",
      "prefix warm-cache debit agrees at t=16",
      "state warm-cache debit agrees at t=16",
      "probability partition at t=16",
      "prefix warm-cache debit agrees at t=64",
      "state warm-cache debit agrees at t=64",
      "probability partition at t=64",
      "prefix warm-cache debit agrees at t=256",
      "state warm-cache debit agrees at t=256",
      "probability partition at t=256",
      "prefix warm-cache debit agrees at t=1024",
      "state warm-cache debit agrees at t=1024",
      "probability partition at t=1024",
      "prefix warm-cache debit agrees at t=4096",
      "state warm-cache debit agrees at t=4096",
      "probability partition at t=4096",
      "raw Zot host-return prefix collision 0 / 00 retained",
      "adjacent-bit swap 01000 / 10000 changes output",
      "closure tag alone loses captured bit",
      "capture-erasing cache key would change result",
      "checkpoint interrupts an active CEK stack",
      "serialized continuation preserves output, residual and total steps",
      "missing source-code mass rejected",
      "representative-only or altered weight rejected",
      "changed output rejected",
      "free cached step rejected",
      "invalid frame refused: \"\"",
      "invalid frame refused: \"1\"",
      "invalid frame refused: \"10\"",
      "invalid frame refused: \"1000\"",
      "invalid frame refused: \"0x\"",
      "warm cache cannot turn just-below-cost Unknown into halt"
    ],
    "failures": [],
    "referenceRows": [
      {
        "word": "",
        "status": "Accepted",
        "items": []
      },
      {
        "word": "0",
        "status": "Accepted",
        "items": []
      },
      {
        "word": "1",
        "status": "Accepted",
        "items": []
      },
      {
        "word": "00",
        "status": "Accepted",
        "items": []
      },
      {
        "word": "01",
        "status": "Accepted",
        "items": []
      },
      {
        "word": "10",
        "status": "Accepted",
        "items": []
      },
      {
        "word": "11",
        "status": "Accepted",
        "items": []
      },
      {
        "word": "000",
        "status": "Accepted",
        "items": []
      },
      {
        "word": "001",
        "status": "RejectedNonBitOutput",
        "items": [
          "<non-bit>"
        ]
      },
      {
        "word": "010",
        "status": "RejectedNonBitOutput",
        "items": [
          "<non-bit>"
        ]
      },
      {
        "word": "011",
        "status": "RejectedNonBitOutput",
        "items": [
          "<non-bit>"
        ]
      },
      {
        "word": "100",
        "status": "Accepted",
        "items": []
      },
      {
        "word": "101",
        "status": "Accepted",
        "items": []
      },
      {
        "word": "110",
        "status": "Accepted",
        "items": []
      },
      {
        "word": "111",
        "status": "Accepted",
        "items": []
      },
      {
        "word": "0000",
        "status": "Accepted",
        "items": []
      },
      {
        "word": "0001",
        "status": "Accepted",
        "items": []
      },
      {
        "word": "0010",
        "status": "Accepted",
        "items": []
      },
      {
        "word": "0011",
        "status": "Accepted",
        "items": []
      },
      {
        "word": "0100",
        "status": "Accepted",
        "items": []
      },
      {
        "word": "0101",
        "status": "Accepted",
        "items": []
      },
      {
        "word": "0110",
        "status": "Accepted",
        "items": []
      },
      {
        "word": "0111",
        "status": "Accepted",
        "items": []
      },
      {
        "word": "1000",
        "status": "Accepted",
        "items": []
      },
      {
        "word": "1001",
        "status": "RejectedNonBitOutput",
        "items": [
          "<non-bit>"
        ]
      },
      {
        "word": "1010",
        "status": "Accepted",
        "items": []
      },
      {
        "word": "1011",
        "status": "Accepted",
        "items": []
      },
      {
        "word": "1100",
        "status": "Accepted",
        "items": []
      },
      {
        "word": "1101",
        "status": "Accepted",
        "items": []
      },
      {
        "word": "1110",
        "status": "Accepted",
        "items": []
      },
      {
        "word": "1111",
        "status": "Accepted",
        "items": []
      },
      {
        "word": "00000",
        "status": "Accepted",
        "items": []
      },
      {
        "word": "00001",
        "status": "RejectedNonBitOutput",
        "items": [
          "<non-bit>"
        ]
      },
      {
        "word": "00010",
        "status": "RejectedNonBitOutput",
        "items": [
          "<non-bit>"
        ]
      },
      {
        "word": "00011",
        "status": "RejectedNonBitOutput",
        "items": [
          "<non-bit>"
        ]
      },
      {
        "word": "00100",
        "status": "Accepted",
        "items": [
          "1"
        ]
      },
      {
        "word": "00101",
        "status": "Accepted",
        "items": []
      },
      {
        "word": "00110",
        "status": "RejectedTypeError",
        "items": []
      },
      {
        "word": "00111",
        "status": "Accepted",
        "items": []
      },
      {
        "word": "01000",
        "status": "Accepted",
        "items": [
          "1"
        ]
      },
      {
        "word": "01001",
        "status": "Accepted",
        "items": []
      },
      {
        "word": "01010",
        "status": "RejectedTypeError",
        "items": []
      },
      {
        "word": "01011",
        "status": "Accepted",
        "items": []
      },
      {
        "word": "01100",
        "status": "Accepted",
        "items": [
          "1"
        ]
      },
      {
        "word": "01101",
        "status": "Accepted",
        "items": []
      },
      {
        "word": "01110",
        "status": "RejectedTypeError",
        "items": []
      },
      {
        "word": "01111",
        "status": "Accepted",
        "items": []
      },
      {
        "word": "10000",
        "status": "Accepted",
        "items": []
      },
      {
        "word": "10001",
        "status": "Accepted",
        "items": []
      },
      {
        "word": "10010",
        "status": "Accepted",
        "items": []
      },
      {
        "word": "10011",
        "status": "Accepted",
        "items": []
      },
      {
        "word": "10100",
        "status": "Accepted",
        "items": []
      },
      {
        "word": "10101",
        "status": "Accepted",
        "items": []
      },
      {
        "word": "10110",
        "status": "Accepted",
        "items": []
      },
      {
        "word": "10111",
        "status": "Accepted",
        "items": []
      },
      {
        "word": "11000",
        "status": "Accepted",
        "items": []
      },
      {
        "word": "11001",
        "status": "Accepted",
        "items": []
      },
      {
        "word": "11010",
        "status": "Accepted",
        "items": []
      },
      {
        "word": "11011",
        "status": "Accepted",
        "items": []
      },
      {
        "word": "11100",
        "status": "Accepted",
        "items": []
      },
      {
        "word": "11101",
        "status": "Accepted",
        "items": []
      },
      {
        "word": "11110",
        "status": "Accepted",
        "items": []
      },
      {
        "word": "11111",
        "status": "Accepted",
        "items": []
      },
      {
        "word": "000000",
        "status": "Accepted",
        "items": []
      },
      {
        "word": "000001",
        "status": "Accepted",
        "items": []
      },
      {
        "word": "000010",
        "status": "Accepted",
        "items": []
      },
      {
        "word": "000011",
        "status": "Accepted",
        "items": []
      },
      {
        "word": "000100",
        "status": "Accepted",
        "items": []
      },
      {
        "word": "000101",
        "status": "Accepted",
        "items": []
      },
      {
        "word": "000110",
        "status": "Accepted",
        "items": []
      },
      {
        "word": "000111",
        "status": "Accepted",
        "items": []
      },
      {
        "word": "001000",
        "status": "Accepted",
        "items": []
      },
      {
        "word": "001001",
        "status": "Accepted",
        "items": []
      },
      {
        "word": "001010",
        "status": "Accepted",
        "items": []
      },
      {
        "word": "001011",
        "status": "Accepted",
        "items": []
      },
      {
        "word": "001100",
        "status": "Accepted",
        "items": []
      },
      {
        "word": "001101",
        "status": "Accepted",
        "items": []
      },
      {
        "word": "001110",
        "status": "Accepted",
        "items": []
      },
      {
        "word": "001111",
        "status": "Accepted",
        "items": []
      },
      {
        "word": "010000",
        "status": "Accepted",
        "items": []
      },
      {
        "word": "010001",
        "status": "Accepted",
        "items": []
      },
      {
        "word": "010010",
        "status": "Accepted",
        "items": []
      },
      {
        "word": "010011",
        "status": "Accepted",
        "items": []
      },
      {
        "word": "010100",
        "status": "Accepted",
        "items": []
      },
      {
        "word": "010101",
        "status": "Accepted",
        "items": []
      },
      {
        "word": "010110",
        "status": "Accepted",
        "items": []
      },
      {
        "word": "010111",
        "status": "Accepted",
        "items": []
      },
      {
        "word": "011000",
        "status": "Accepted",
        "items": []
      },
      {
        "word": "011001",
        "status": "Accepted",
        "items": []
      },
      {
        "word": "011010",
        "status": "Accepted",
        "items": []
      },
      {
        "word": "011011",
        "status": "Accepted",
        "items": []
      },
      {
        "word": "011100",
        "status": "Accepted",
        "items": []
      },
      {
        "word": "011101",
        "status": "Accepted",
        "items": []
      },
      {
        "word": "011110",
        "status": "Accepted",
        "items": []
      },
      {
        "word": "011111",
        "status": "Accepted",
        "items": []
      },
      {
        "word": "100000",
        "status": "Accepted",
        "items": []
      },
      {
        "word": "100001",
        "status": "RejectedNonBitOutput",
        "items": [
          "<non-bit>"
        ]
      },
      {
        "word": "100010",
        "status": "Accepted",
        "items": []
      },
      {
        "word": "100011",
        "status": "Accepted",
        "items": []
      },
      {
        "word": "100100",
        "status": "Accepted",
        "items": []
      },
      {
        "word": "100101",
        "status": "Accepted",
        "items": []
      },
      {
        "word": "100110",
        "status": "Accepted",
        "items": []
      },
      {
        "word": "100111",
        "status": "Accepted",
        "items": []
      },
      {
        "word": "101000",
        "status": "Accepted",
        "items": []
      },
      {
        "word": "101001",
        "status": "Accepted",
        "items": []
      },
      {
        "word": "101010",
        "status": "Accepted",
        "items": []
      },
      {
        "word": "101011",
        "status": "Accepted",
        "items": []
      },
      {
        "word": "101100",
        "status": "Accepted",
        "items": []
      },
      {
        "word": "101101",
        "status": "Accepted",
        "items": []
      },
      {
        "word": "101110",
        "status": "Accepted",
        "items": []
      },
      {
        "word": "101111",
        "status": "Accepted",
        "items": []
      },
      {
        "word": "110000",
        "status": "Accepted",
        "items": []
      },
      {
        "word": "110001",
        "status": "Accepted",
        "items": []
      },
      {
        "word": "110010",
        "status": "Accepted",
        "items": []
      },
      {
        "word": "110011",
        "status": "Accepted",
        "items": []
      },
      {
        "word": "110100",
        "status": "Accepted",
        "items": []
      },
      {
        "word": "110101",
        "status": "Accepted",
        "items": []
      },
      {
        "word": "110110",
        "status": "Accepted",
        "items": []
      },
      {
        "word": "110111",
        "status": "Accepted",
        "items": []
      },
      {
        "word": "111000",
        "status": "Accepted",
        "items": []
      },
      {
        "word": "111001",
        "status": "Accepted",
        "items": []
      },
      {
        "word": "111010",
        "status": "Accepted",
        "items": []
      },
      {
        "word": "111011",
        "status": "Accepted",
        "items": []
      },
      {
        "word": "111100",
        "status": "Accepted",
        "items": []
      },
      {
        "word": "111101",
        "status": "Accepted",
        "items": []
      },
      {
        "word": "111110",
        "status": "Accepted",
        "items": []
      },
      {
        "word": "111111",
        "status": "Accepted",
        "items": []
      },
      {
        "word": "0000000",
        "status": "Accepted",
        "items": []
      },
      {
        "word": "0000001",
        "status": "RejectedNonBitOutput",
        "items": [
          "<non-bit>"
        ]
      },
      {
        "word": "0000010",
        "status": "RejectedNonBitOutput",
        "items": [
          "<non-bit>"
        ]
      },
      {
        "word": "0000011",
        "status": "RejectedNonBitOutput",
        "items": [
          "<non-bit>"
        ]
      },
      {
        "word": "0000100",
        "status": "Accepted",
        "items": [
          "1"
        ]
      },
      {
        "word": "0000101",
        "status": "Accepted",
        "items": []
      },
      {
        "word": "0000110",
        "status": "RejectedTypeError",
        "items": []
      },
      {
        "word": "0000111",
        "status": "Accepted",
        "items": []
      },
      {
        "word": "0001000",
        "status": "Accepted",
        "items": [
          "1"
        ]
      },
      {
        "word": "0001001",
        "status": "Accepted",
        "items": []
      },
      {
        "word": "0001010",
        "status": "RejectedTypeError",
        "items": []
      },
      {
        "word": "0001011",
        "status": "Accepted",
        "items": []
      },
      {
        "word": "0001100",
        "status": "Accepted",
        "items": [
          "1"
        ]
      },
      {
        "word": "0001101",
        "status": "Accepted",
        "items": []
      },
      {
        "word": "0001110",
        "status": "RejectedTypeError",
        "items": []
      },
      {
        "word": "0001111",
        "status": "Accepted",
        "items": []
      },
      {
        "word": "0010000",
        "status": "Accepted",
        "items": []
      },
      {
        "word": "0010001",
        "status": "Accepted",
        "items": []
      },
      {
        "word": "0010010",
        "status": "Accepted",
        "items": []
      },
      {
        "word": "0010011",
        "status": "Accepted",
        "items": []
      },
      {
        "word": "0010100",
        "status": "Accepted",
        "items": [
          "0",
          "0",
          "1"
        ]
      },
      {
        "word": "0010101",
        "status": "Accepted",
        "items": []
      },
      {
        "word": "0010110",
        "status": "Accepted",
        "items": []
      },
      {
        "word": "0010111",
        "status": "Accepted",
        "items": []
      },
      {
        "word": "0011000",
        "status": "Accepted",
        "items": []
      },
      {
        "word": "0011001",
        "status": "Accepted",
        "items": []
      },
      {
        "word": "0011010",
        "status": "Accepted",
        "items": []
      },
      {
        "word": "0011011",
        "status": "Accepted",
        "items": []
      },
      {
        "word": "0011100",
        "status": "Accepted",
        "items": [
          "0",
          "1"
        ]
      },
      {
        "word": "0011101",
        "status": "Accepted",
        "items": []
      },
      {
        "word": "0011110",
        "status": "Accepted",
        "items": []
      },
      {
        "word": "0011111",
        "status": "Accepted",
        "items": []
      },
      {
        "word": "0100000",
        "status": "Accepted",
        "items": []
      },
      {
        "word": "0100001",
        "status": "Accepted",
        "items": []
      },
      {
        "word": "0100010",
        "status": "Accepted",
        "items": []
      },
      {
        "word": "0100011",
        "status": "Accepted",
        "items": []
      },
      {
        "word": "0100100",
        "status": "Accepted",
        "items": [
          "0",
          "0",
          "1"
        ]
      },
      {
        "word": "0100101",
        "status": "Accepted",
        "items": []
      },
      {
        "word": "0100110",
        "status": "Accepted",
        "items": []
      },
      {
        "word": "0100111",
        "status": "Accepted",
        "items": []
      },
      {
        "word": "0101000",
        "status": "Accepted",
        "items": []
      },
      {
        "word": "0101001",
        "status": "Accepted",
        "items": []
      },
      {
        "word": "0101010",
        "status": "Accepted",
        "items": []
      },
      {
        "word": "0101011",
        "status": "Accepted",
        "items": []
      },
      {
        "word": "0101100",
        "status": "Accepted",
        "items": [
          "0",
          "1"
        ]
      },
      {
        "word": "0101101",
        "status": "Accepted",
        "items": []
      },
      {
        "word": "0101110",
        "status": "Accepted",
        "items": []
      },
      {
        "word": "0101111",
        "status": "Accepted",
        "items": []
      },
      {
        "word": "0110000",
        "status": "Accepted",
        "items": []
      },
      {
        "word": "0110001",
        "status": "Accepted",
        "items": []
      },
      {
        "word": "0110010",
        "status": "Accepted",
        "items": []
      },
      {
        "word": "0110011",
        "status": "Accepted",
        "items": []
      },
      {
        "word": "0110100",
        "status": "Accepted",
        "items": [
          "0",
          "0",
          "1"
        ]
      },
      {
        "word": "0110101",
        "status": "Accepted",
        "items": []
      },
      {
        "word": "0110110",
        "status": "Accepted",
        "items": []
      },
      {
        "word": "0110111",
        "status": "Accepted",
        "items": []
      },
      {
        "word": "0111000",
        "status": "Accepted",
        "items": []
      },
      {
        "word": "0111001",
        "status": "Accepted",
        "items": []
      },
      {
        "word": "0111010",
        "status": "Accepted",
        "items": []
      },
      {
        "word": "0111011",
        "status": "Accepted",
        "items": []
      },
      {
        "word": "0111100",
        "status": "Accepted",
        "items": [
          "0",
          "1"
        ]
      },
      {
        "word": "0111101",
        "status": "Accepted",
        "items": []
      },
      {
        "word": "0111110",
        "status": "Accepted",
        "items": []
      },
      {
        "word": "0111111",
        "status": "Accepted",
        "items": []
      },
      {
        "word": "1000000",
        "status": "Accepted",
        "items": []
      },
      {
        "word": "1000001",
        "status": "Accepted",
        "items": []
      },
      {
        "word": "1000010",
        "status": "Accepted",
        "items": []
      },
      {
        "word": "1000011",
        "status": "Accepted",
        "items": []
      },
      {
        "word": "1000100",
        "status": "Accepted",
        "items": []
      },
      {
        "word": "1000101",
        "status": "Accepted",
        "items": []
      },
      {
        "word": "1000110",
        "status": "Accepted",
        "items": []
      },
      {
        "word": "1000111",
        "status": "Accepted",
        "items": []
      },
      {
        "word": "1001000",
        "status": "Accepted",
        "items": []
      },
      {
        "word": "1001001",
        "status": "Accepted",
        "items": []
      },
      {
        "word": "1001010",
        "status": "Accepted",
        "items": []
      },
      {
        "word": "1001011",
        "status": "Accepted",
        "items": []
      },
      {
        "word": "1001100",
        "status": "Accepted",
        "items": []
      },
      {
        "word": "1001101",
        "status": "Accepted",
        "items": []
      },
      {
        "word": "1001110",
        "status": "Accepted",
        "items": []
      },
      {
        "word": "1001111",
        "status": "Accepted",
        "items": []
      },
      {
        "word": "1010000",
        "status": "Accepted",
        "items": []
      },
      {
        "word": "1010001",
        "status": "RejectedNonBitOutput",
        "items": [
          "<non-bit>"
        ]
      },
      {
        "word": "1010010",
        "status": "Accepted",
        "items": []
      },
      {
        "word": "1010011",
        "status": "RejectedNonBitOutput",
        "items": [
          "<non-bit>"
        ]
      },
      {
        "word": "1010100",
        "status": "Accepted",
        "items": []
      },
      {
        "word": "1010101",
        "status": "Accepted",
        "items": []
      },
      {
        "word": "1010110",
        "status": "Accepted",
        "items": []
      },
      {
        "word": "1010111",
        "status": "Accepted",
        "items": []
      },
      {
        "word": "1011000",
        "status": "Accepted",
        "items": []
      },
      {
        "word": "1011001",
        "status": "Accepted",
        "items": []
      },
      {
        "word": "1011010",
        "status": "Accepted",
        "items": []
      },
      {
        "word": "1011011",
        "status": "Accepted",
        "items": []
      },
      {
        "word": "1011100",
        "status": "Accepted",
        "items": []
      },
      {
        "word": "1011101",
        "status": "Accepted",
        "items": []
      },
      {
        "word": "1011110",
        "status": "Accepted",
        "items": []
      },
      {
        "word": "1011111",
        "status": "Accepted",
        "items": []
      },
      {
        "word": "1100000",
        "status": "Accepted",
        "items": []
      },
      {
        "word": "1100001",
        "status": "RejectedNonBitOutput",
        "items": [
          "<non-bit>"
        ]
      },
      {
        "word": "1100010",
        "status": "RejectedNonBitOutput",
        "items": [
          "<non-bit>"
        ]
      },
      {
        "word": "1100011",
        "status": "RejectedNonBitOutput",
        "items": [
          "<non-bit>"
        ]
      },
      {
        "word": "1100100",
        "status": "Accepted",
        "items": []
      },
      {
        "word": "1100101",
        "status": "Accepted",
        "items": []
      },
      {
        "word": "1100110",
        "status": "Accepted",
        "items": []
      },
      {
        "word": "1100111",
        "status": "Accepted",
        "items": []
      },
      {
        "word": "1101000",
        "status": "Accepted",
        "items": []
      },
      {
        "word": "1101001",
        "status": "Accepted",
        "items": []
      },
      {
        "word": "1101010",
        "status": "Accepted",
        "items": []
      },
      {
        "word": "1101011",
        "status": "Accepted",
        "items": []
      },
      {
        "word": "1101100",
        "status": "Accepted",
        "items": []
      },
      {
        "word": "1101101",
        "status": "Accepted",
        "items": []
      },
      {
        "word": "1101110",
        "status": "Accepted",
        "items": []
      },
      {
        "word": "1101111",
        "status": "Accepted",
        "items": []
      },
      {
        "word": "1110000",
        "status": "Accepted",
        "items": []
      },
      {
        "word": "1110001",
        "status": "Accepted",
        "items": []
      },
      {
        "word": "1110010",
        "status": "Accepted",
        "items": []
      },
      {
        "word": "1110011",
        "status": "Accepted",
        "items": []
      },
      {
        "word": "1110100",
        "status": "Accepted",
        "items": []
      },
      {
        "word": "1110101",
        "status": "Accepted",
        "items": []
      },
      {
        "word": "1110110",
        "status": "Accepted",
        "items": []
      },
      {
        "word": "1110111",
        "status": "Accepted",
        "items": []
      },
      {
        "word": "1111000",
        "status": "Accepted",
        "items": []
      },
      {
        "word": "1111001",
        "status": "Accepted",
        "items": []
      },
      {
        "word": "1111010",
        "status": "Accepted",
        "items": []
      },
      {
        "word": "1111011",
        "status": "Accepted",
        "items": []
      },
      {
        "word": "1111100",
        "status": "Accepted",
        "items": []
      },
      {
        "word": "1111101",
        "status": "Accepted",
        "items": []
      },
      {
        "word": "1111110",
        "status": "Accepted",
        "items": []
      },
      {
        "word": "1111111",
        "status": "Accepted",
        "items": []
      },
      {
        "word": "00000000",
        "status": "Accepted",
        "items": []
      },
      {
        "word": "00000001",
        "status": "Accepted",
        "items": []
      },
      {
        "word": "00000010",
        "status": "Accepted",
        "items": []
      },
      {
        "word": "00000011",
        "status": "Accepted",
        "items": []
      },
      {
        "word": "00000100",
        "status": "Accepted",
        "items": []
      },
      {
        "word": "00000101",
        "status": "Accepted",
        "items": []
      },
      {
        "word": "00000110",
        "status": "Accepted",
        "items": []
      },
      {
        "word": "00000111",
        "status": "Accepted",
        "items": []
      },
      {
        "word": "00001000",
        "status": "Accepted",
        "items": []
      },
      {
        "word": "00001001",
        "status": "Accepted",
        "items": []
      },
      {
        "word": "00001010",
        "status": "Accepted",
        "items": []
      },
      {
        "word": "00001011",
        "status": "Accepted",
        "items": []
      },
      {
        "word": "00001100",
        "status": "Accepted",
        "items": []
      },
      {
        "word": "00001101",
        "status": "Accepted",
        "items": []
      },
      {
        "word": "00001110",
        "status": "Accepted",
        "items": []
      },
      {
        "word": "00001111",
        "status": "Accepted",
        "items": []
      },
      {
        "word": "00010000",
        "status": "Accepted",
        "items": []
      },
      {
        "word": "00010001",
        "status": "Accepted",
        "items": []
      },
      {
        "word": "00010010",
        "status": "Accepted",
        "items": []
      },
      {
        "word": "00010011",
        "status": "Accepted",
        "items": []
      },
      {
        "word": "00010100",
        "status": "Accepted",
        "items": []
      },
      {
        "word": "00010101",
        "status": "Accepted",
        "items": []
      },
      {
        "word": "00010110",
        "status": "Accepted",
        "items": []
      },
      {
        "word": "00010111",
        "status": "Accepted",
        "items": []
      },
      {
        "word": "00011000",
        "status": "Accepted",
        "items": []
      },
      {
        "word": "00011001",
        "status": "Accepted",
        "items": []
      },
      {
        "word": "00011010",
        "status": "Accepted",
        "items": []
      },
      {
        "word": "00011011",
        "status": "Accepted",
        "items": []
      },
      {
        "word": "00011100",
        "status": "Accepted",
        "items": []
      },
      {
        "word": "00011101",
        "status": "Accepted",
        "items": []
      },
      {
        "word": "00011110",
        "status": "Accepted",
        "items": []
      },
      {
        "word": "00011111",
        "status": "Accepted",
        "items": []
      },
      {
        "word": "00100000",
        "status": "Accepted",
        "items": []
      },
      {
        "word": "00100001",
        "status": "Accepted",
        "items": []
      },
      {
        "word": "00100010",
        "status": "Accepted",
        "items": []
      },
      {
        "word": "00100011",
        "status": "Accepted",
        "items": []
      },
      {
        "word": "00100100",
        "status": "Accepted",
        "items": [
          "0",
          "0"
        ]
      },
      {
        "word": "00100101",
        "status": "Accepted",
        "items": [
          "0",
          "0"
        ]
      },
      {
        "word": "00100110",
        "status": "Accepted",
        "items": []
      },
      {
        "word": "00100111",
        "status": "Accepted",
        "items": []
      },
      {
        "word": "00101000",
        "status": "Accepted",
        "items": []
      },
      {
        "word": "00101001",
        "status": "Accepted",
        "items": []
      },
      {
        "word": "00101010",
        "status": "Accepted",
        "items": []
      },
      {
        "word": "00101011",
        "status": "Accepted",
        "items": []
      },
      {
        "word": "00101100",
        "status": "Accepted",
        "items": []
      },
      {
        "word": "00101101",
        "status": "Accepted",
        "items": []
      },
      {
        "word": "00101110",
        "status": "Accepted",
        "items": []
      },
      {
        "word": "00101111",
        "status": "Accepted",
        "items": []
      },
      {
        "word": "00110000",
        "status": "Accepted",
        "items": []
      },
      {
        "word": "00110001",
        "status": "Accepted",
        "items": []
      },
      {
        "word": "00110010",
        "status": "Accepted",
        "items": []
      },
      {
        "word": "00110011",
        "status": "Accepted",
        "items": []
      },
      {
        "word": "00110100",
        "status": "Accepted",
        "items": []
      },
      {
        "word": "00110101",
        "status": "RejectedNonBitOutput",
        "items": [
          "<non-bit>"
        ]
      },
      {
        "word": "00110110",
        "status": "Accepted",
        "items": []
      },
      {
        "word": "00110111",
        "status": "Accepted",
        "items": []
      },
      {
        "word": "00111000",
        "status": "Accepted",
        "items": []
      },
      {
        "word": "00111001",
        "status": "Accepted",
        "items": []
      },
      {
        "word": "00111010",
        "status": "Accepted",
        "items": []
      },
      {
        "word": "00111011",
        "status": "Accepted",
        "items": []
      },
      {
        "word": "00111100",
        "status": "Accepted",
        "items": []
      },
      {
        "word": "00111101",
        "status": "Accepted",
        "items": []
      },
      {
        "word": "00111110",
        "status": "Accepted",
        "items": []
      },
      {
        "word": "00111111",
        "status": "Accepted",
        "items": []
      },
      {
        "word": "01000000",
        "status": "Accepted",
        "items": []
      },
      {
        "word": "01000001",
        "status": "Accepted",
        "items": []
      },
      {
        "word": "01000010",
        "status": "Accepted",
        "items": []
      },
      {
        "word": "01000011",
        "status": "Accepted",
        "items": []
      },
      {
        "word": "01000100",
        "status": "Accepted",
        "items": [
          "0",
          "0"
        ]
      },
      {
        "word": "01000101",
        "status": "Accepted",
        "items": [
          "0",
          "0"
        ]
      },
      {
        "word": "01000110",
        "status": "Accepted",
        "items": []
      },
      {
        "word": "01000111",
        "status": "Accepted",
        "items": []
      },
      {
        "word": "01001000",
        "status": "Accepted",
        "items": []
      },
      {
        "word": "01001001",
        "status": "Accepted",
        "items": []
      },
      {
        "word": "01001010",
        "status": "Accepted",
        "items": []
      },
      {
        "word": "01001011",
        "status": "Accepted",
        "items": []
      },
      {
        "word": "01001100",
        "status": "Accepted",
        "items": []
      },
      {
        "word": "01001101",
        "status": "Accepted",
        "items": []
      },
      {
        "word": "01001110",
        "status": "Accepted",
        "items": []
      },
      {
        "word": "01001111",
        "status": "Accepted",
        "items": []
      },
      {
        "word": "01010000",
        "status": "Accepted",
        "items": []
      },
      {
        "word": "01010001",
        "status": "Accepted",
        "items": []
      },
      {
        "word": "01010010",
        "status": "Accepted",
        "items": []
      },
      {
        "word": "01010011",
        "status": "Accepted",
        "items": []
      },
      {
        "word": "01010100",
        "status": "Accepted",
        "items": []
      },
      {
        "word": "01010101",
        "status": "RejectedNonBitOutput",
        "items": [
          "<non-bit>"
        ]
      },
      {
        "word": "01010110",
        "status": "Accepted",
        "items": []
      },
      {
        "word": "01010111",
        "status": "Accepted",
        "items": []
      },
      {
        "word": "01011000",
        "status": "Accepted",
        "items": []
      },
      {
        "word": "01011001",
        "status": "Accepted",
        "items": []
      },
      {
        "word": "01011010",
        "status": "Accepted",
        "items": []
      },
      {
        "word": "01011011",
        "status": "Accepted",
        "items": []
      },
      {
        "word": "01011100",
        "status": "Accepted",
        "items": []
      },
      {
        "word": "01011101",
        "status": "Accepted",
        "items": []
      },
      {
        "word": "01011110",
        "status": "Accepted",
        "items": []
      },
      {
        "word": "01011111",
        "status": "Accepted",
        "items": []
      },
      {
        "word": "01100000",
        "status": "Accepted",
        "items": []
      },
      {
        "word": "01100001",
        "status": "Accepted",
        "items": []
      },
      {
        "word": "01100010",
        "status": "Accepted",
        "items": []
      },
      {
        "word": "01100011",
        "status": "Accepted",
        "items": []
      },
      {
        "word": "01100100",
        "status": "Accepted",
        "items": [
          "0",
          "0"
        ]
      },
      {
        "word": "01100101",
        "status": "Accepted",
        "items": [
          "0",
          "0"
        ]
      },
      {
        "word": "01100110",
        "status": "Accepted",
        "items": []
      },
      {
        "word": "01100111",
        "status": "Accepted",
        "items": []
      },
      {
        "word": "01101000",
        "status": "Accepted",
        "items": []
      },
      {
        "word": "01101001",
        "status": "Accepted",
        "items": []
      },
      {
        "word": "01101010",
        "status": "Accepted",
        "items": []
      },
      {
        "word": "01101011",
        "status": "Accepted",
        "items": []
      },
      {
        "word": "01101100",
        "status": "Accepted",
        "items": []
      },
      {
        "word": "01101101",
        "status": "Accepted",
        "items": []
      },
      {
        "word": "01101110",
        "status": "Accepted",
        "items": []
      },
      {
        "word": "01101111",
        "status": "Accepted",
        "items": []
      },
      {
        "word": "01110000",
        "status": "Accepted",
        "items": []
      },
      {
        "word": "01110001",
        "status": "Accepted",
        "items": []
      },
      {
        "word": "01110010",
        "status": "Accepted",
        "items": []
      },
      {
        "word": "01110011",
        "status": "Accepted",
        "items": []
      },
      {
        "word": "01110100",
        "status": "Accepted",
        "items": []
      },
      {
        "word": "01110101",
        "status": "RejectedNonBitOutput",
        "items": [
          "<non-bit>"
        ]
      },
      {
        "word": "01110110",
        "status": "Accepted",
        "items": []
      },
      {
        "word": "01110111",
        "status": "Accepted",
        "items": []
      },
      {
        "word": "01111000",
        "status": "Accepted",
        "items": []
      },
      {
        "word": "01111001",
        "status": "Accepted",
        "items": []
      },
      {
        "word": "01111010",
        "status": "Accepted",
        "items": []
      },
      {
        "word": "01111011",
        "status": "Accepted",
        "items": []
      },
      {
        "word": "01111100",
        "status": "Accepted",
        "items": []
      },
      {
        "word": "01111101",
        "status": "Accepted",
        "items": []
      },
      {
        "word": "01111110",
        "status": "Accepted",
        "items": []
      },
      {
        "word": "01111111",
        "status": "Accepted",
        "items": []
      },
      {
        "word": "10000000",
        "status": "Accepted",
        "items": []
      },
      {
        "word": "10000001",
        "status": "RejectedNonBitOutput",
        "items": [
          "<non-bit>"
        ]
      },
      {
        "word": "10000010",
        "status": "Accepted",
        "items": []
      },
      {
        "word": "10000011",
        "status": "Accepted",
        "items": []
      },
      {
        "word": "10000100",
        "status": "Accepted",
        "items": []
      },
      {
        "word": "10000101",
        "status": "Accepted",
        "items": []
      },
      {
        "word": "10000110",
        "status": "Accepted",
        "items": []
      },
      {
        "word": "10000111",
        "status": "Accepted",
        "items": []
      },
      {
        "word": "10001000",
        "status": "Accepted",
        "items": []
      },
      {
        "word": "10001001",
        "status": "Accepted",
        "items": []
      },
      {
        "word": "10001010",
        "status": "Accepted",
        "items": []
      },
      {
        "word": "10001011",
        "status": "Accepted",
        "items": []
      },
      {
        "word": "10001100",
        "status": "Accepted",
        "items": []
      },
      {
        "word": "10001101",
        "status": "Accepted",
        "items": []
      },
      {
        "word": "10001110",
        "status": "Accepted",
        "items": []
      },
      {
        "word": "10001111",
        "status": "Accepted",
        "items": []
      },
      {
        "word": "10010000",
        "status": "Accepted",
        "items": []
      },
      {
        "word": "10010001",
        "status": "Accepted",
        "items": []
      },
      {
        "word": "10010010",
        "status": "Accepted",
        "items": []
      },
      {
        "word": "10010011",
        "status": "Accepted",
        "items": []
      },
      {
        "word": "10010100",
        "status": "Accepted",
        "items": []
      },
      {
        "word": "10010101",
        "status": "Accepted",
        "items": []
      },
      {
        "word": "10010110",
        "status": "Accepted",
        "items": []
      },
      {
        "word": "10010111",
        "status": "Accepted",
        "items": []
      },
      {
        "word": "10011000",
        "status": "Accepted",
        "items": []
      },
      {
        "word": "10011001",
        "status": "Accepted",
        "items": []
      },
      {
        "word": "10011010",
        "status": "Accepted",
        "items": []
      },
      {
        "word": "10011011",
        "status": "Accepted",
        "items": []
      },
      {
        "word": "10011100",
        "status": "Accepted",
        "items": []
      },
      {
        "word": "10011101",
        "status": "Accepted",
        "items": []
      },
      {
        "word": "10011110",
        "status": "Accepted",
        "items": []
      },
      {
        "word": "10011111",
        "status": "Accepted",
        "items": []
      },
      {
        "word": "10100000",
        "status": "Accepted",
        "items": []
      },
      {
        "word": "10100001",
        "status": "Accepted",
        "items": []
      },
      {
        "word": "10100010",
        "status": "Accepted",
        "items": []
      },
      {
        "word": "10100011",
        "status": "Accepted",
        "items": []
      },
      {
        "word": "10100100",
        "status": "Accepted",
        "items": []
      },
      {
        "word": "10100101",
        "status": "Accepted",
        "items": []
      },
      {
        "word": "10100110",
        "status": "Accepted",
        "items": []
      },
      {
        "word": "10100111",
        "status": "Accepted",
        "items": []
      },
      {
        "word": "10101000",
        "status": "Accepted",
        "items": [
          "0"
        ]
      },
      {
        "word": "10101001",
        "status": "Accepted",
        "items": []
      },
      {
        "word": "10101010",
        "status": "Accepted",
        "items": []
      },
      {
        "word": "10101011",
        "status": "Accepted",
        "items": []
      },
      {
        "word": "10101100",
        "status": "Accepted",
        "items": []
      },
      {
        "word": "10101101",
        "status": "Accepted",
        "items": []
      },
      {
        "word": "10101110",
        "status": "Accepted",
        "items": []
      },
      {
        "word": "10101111",
        "status": "Accepted",
        "items": []
      },
      {
        "word": "10110000",
        "status": "Accepted",
        "items": []
      },
      {
        "word": "10110001",
        "status": "RejectedNonBitOutput",
        "items": [
          "<non-bit>"
        ]
      },
      {
        "word": "10110010",
        "status": "Accepted",
        "items": []
      },
      {
        "word": "10110011",
        "status": "Accepted",
        "items": []
      },
      {
        "word": "10110100",
        "status": "Accepted",
        "items": []
      },
      {
        "word": "10110101",
        "status": "Accepted",
        "items": []
      },
      {
        "word": "10110110",
        "status": "Accepted",
        "items": []
      },
      {
        "word": "10110111",
        "status": "Accepted",
        "items": []
      },
      {
        "word": "10111000",
        "status": "Accepted",
        "items": []
      },
      {
        "word": "10111001",
        "status": "Accepted",
        "items": []
      },
      {
        "word": "10111010",
        "status": "Accepted",
        "items": []
      },
      {
        "word": "10111011",
        "status": "Accepted",
        "items": []
      },
      {
        "word": "10111100",
        "status": "Accepted",
        "items": []
      },
      {
        "word": "10111101",
        "status": "Accepted",
        "items": []
      },
      {
        "word": "10111110",
        "status": "Accepted",
        "items": []
      },
      {
        "word": "10111111",
        "status": "Accepted",
        "items": []
      },
      {
        "word": "11000000",
        "status": "Accepted",
        "items": []
      },
      {
        "word": "11000001",
        "status": "Accepted",
        "items": []
      },
      {
        "word": "11000010",
        "status": "Accepted",
        "items": []
      },
      {
        "word": "11000011",
        "status": "Accepted",
        "items": []
      },
      {
        "word": "11000100",
        "status": "Accepted",
        "items": []
      },
      {
        "word": "11000101",
        "status": "Accepted",
        "items": []
      },
      {
        "word": "11000110",
        "status": "Accepted",
        "items": []
      },
      {
        "word": "11000111",
        "status": "Accepted",
        "items": []
      },
      {
        "word": "11001000",
        "status": "Accepted",
        "items": []
      },
      {
        "word": "11001001",
        "status": "RejectedNonBitOutput",
        "items": [
          "<non-bit>"
        ]
      },
      {
        "word": "11001010",
        "status": "Accepted",
        "items": []
      },
      {
        "word": "11001011",
        "status": "Accepted",
        "items": []
      },
      {
        "word": "11001100",
        "status": "Accepted",
        "items": []
      },
      {
        "word": "11001101",
        "status": "Accepted",
        "items": []
      },
      {
        "word": "11001110",
        "status": "Accepted",
        "items": []
      },
      {
        "word": "11001111",
        "status": "Accepted",
        "items": []
      },
      {
        "word": "11010000",
        "status": "Accepted",
        "items": []
      },
      {
        "word": "11010001",
        "status": "RejectedNonBitOutput",
        "items": [
          "<non-bit>"
        ]
      },
      {
        "word": "11010010",
        "status": "Accepted",
        "items": []
      },
      {
        "word": "11010011",
        "status": "Accepted",
        "items": []
      },
      {
        "word": "11010100",
        "status": "Accepted",
        "items": []
      },
      {
        "word": "11010101",
        "status": "Accepted",
        "items": []
      },
      {
        "word": "11010110",
        "status": "Accepted",
        "items": []
      },
      {
        "word": "11010111",
        "status": "Accepted",
        "items": []
      },
      {
        "word": "11011000",
        "status": "Accepted",
        "items": []
      },
      {
        "word": "11011001",
        "status": "Accepted",
        "items": []
      },
      {
        "word": "11011010",
        "status": "Accepted",
        "items": []
      },
      {
        "word": "11011011",
        "status": "Accepted",
        "items": []
      },
      {
        "word": "11011100",
        "status": "Accepted",
        "items": []
      },
      {
        "word": "11011101",
        "status": "Accepted",
        "items": []
      },
      {
        "word": "11011110",
        "status": "Accepted",
        "items": []
      },
      {
        "word": "11011111",
        "status": "Accepted",
        "items": []
      },
      {
        "word": "11100000",
        "status": "Accepted",
        "items": []
      },
      {
        "word": "11100001",
        "status": "RejectedNonBitOutput",
        "items": [
          "<non-bit>"
        ]
      },
      {
        "word": "11100010",
        "status": "Accepted",
        "items": []
      },
      {
        "word": "11100011",
        "status": "Accepted",
        "items": []
      },
      {
        "word": "11100100",
        "status": "Accepted",
        "items": []
      },
      {
        "word": "11100101",
        "status": "Accepted",
        "items": []
      },
      {
        "word": "11100110",
        "status": "Accepted",
        "items": []
      },
      {
        "word": "11100111",
        "status": "Accepted",
        "items": []
      },
      {
        "word": "11101000",
        "status": "Accepted",
        "items": []
      },
      {
        "word": "11101001",
        "status": "Accepted",
        "items": []
      },
      {
        "word": "11101010",
        "status": "Accepted",
        "items": []
      },
      {
        "word": "11101011",
        "status": "Accepted",
        "items": []
      },
      {
        "word": "11101100",
        "status": "Accepted",
        "items": []
      },
      {
        "word": "11101101",
        "status": "Accepted",
        "items": []
      },
      {
        "word": "11101110",
        "status": "Accepted",
        "items": []
      },
      {
        "word": "11101111",
        "status": "Accepted",
        "items": []
      },
      {
        "word": "11110000",
        "status": "Accepted",
        "items": []
      },
      {
        "word": "11110001",
        "status": "Accepted",
        "items": []
      },
      {
        "word": "11110010",
        "status": "Accepted",
        "items": []
      },
      {
        "word": "11110011",
        "status": "Accepted",
        "items": []
      },
      {
        "word": "11110100",
        "status": "Accepted",
        "items": []
      },
      {
        "word": "11110101",
        "status": "Accepted",
        "items": []
      },
      {
        "word": "11110110",
        "status": "Accepted",
        "items": []
      },
      {
        "word": "11110111",
        "status": "Accepted",
        "items": []
      },
      {
        "word": "11111000",
        "status": "Accepted",
        "items": []
      },
      {
        "word": "11111001",
        "status": "Accepted",
        "items": []
      },
      {
        "word": "11111010",
        "status": "Accepted",
        "items": []
      },
      {
        "word": "11111011",
        "status": "Accepted",
        "items": []
      },
      {
        "word": "11111100",
        "status": "Accepted",
        "items": []
      },
      {
        "word": "11111101",
        "status": "Accepted",
        "items": []
      },
      {
        "word": "11111110",
        "status": "Accepted",
        "items": []
      },
      {
        "word": "11111111",
        "status": "Accepted",
        "items": []
      },
      {
        "word": "000000000",
        "status": "Accepted",
        "items": []
      },
      {
        "word": "000000001",
        "status": "RejectedNonBitOutput",
        "items": [
          "<non-bit>"
        ]
      },
      {
        "word": "000000010",
        "status": "RejectedNonBitOutput",
        "items": [
          "<non-bit>"
        ]
      },
      {
        "word": "000000011",
        "status": "RejectedNonBitOutput",
        "items": [
          "<non-bit>"
        ]
      },
      {
        "word": "000000100",
        "status": "Accepted",
        "items": [
          "1"
        ]
      },
      {
        "word": "000000101",
        "status": "Accepted",
        "items": []
      },
      {
        "word": "000000110",
        "status": "RejectedTypeError",
        "items": []
      },
      {
        "word": "000000111",
        "status": "Accepted",
        "items": []
      },
      {
        "word": "000001000",
        "status": "Accepted",
        "items": [
          "1"
        ]
      },
      {
        "word": "000001001",
        "status": "Accepted",
        "items": []
      },
      {
        "word": "000001010",
        "status": "RejectedTypeError",
        "items": []
      },
      {
        "word": "000001011",
        "status": "Accepted",
        "items": []
      },
      {
        "word": "000001100",
        "status": "Accepted",
        "items": [
          "1"
        ]
      },
      {
        "word": "000001101",
        "status": "Accepted",
        "items": []
      },
      {
        "word": "000001110",
        "status": "RejectedTypeError",
        "items": []
      },
      {
        "word": "000001111",
        "status": "Accepted",
        "items": []
      },
      {
        "word": "000010000",
        "status": "Accepted",
        "items": []
      },
      {
        "word": "000010001",
        "status": "Accepted",
        "items": []
      },
      {
        "word": "000010010",
        "status": "Accepted",
        "items": []
      },
      {
        "word": "000010011",
        "status": "Accepted",
        "items": []
      },
      {
        "word": "000010100",
        "status": "Accepted",
        "items": [
          "0",
          "0",
          "1"
        ]
      },
      {
        "word": "000010101",
        "status": "Accepted",
        "items": []
      },
      {
        "word": "000010110",
        "status": "Accepted",
        "items": []
      },
      {
        "word": "000010111",
        "status": "Accepted",
        "items": []
      },
      {
        "word": "000011000",
        "status": "Accepted",
        "items": []
      },
      {
        "word": "000011001",
        "status": "Accepted",
        "items": []
      },
      {
        "word": "000011010",
        "status": "Accepted",
        "items": []
      },
      {
        "word": "000011011",
        "status": "Accepted",
        "items": []
      },
      {
        "word": "000011100",
        "status": "Accepted",
        "items": [
          "0",
          "1"
        ]
      },
      {
        "word": "000011101",
        "status": "Accepted",
        "items": []
      },
      {
        "word": "000011110",
        "status": "Accepted",
        "items": []
      },
      {
        "word": "000011111",
        "status": "Accepted",
        "items": []
      },
      {
        "word": "000100000",
        "status": "Accepted",
        "items": []
      },
      {
        "word": "000100001",
        "status": "Accepted",
        "items": []
      },
      {
        "word": "000100010",
        "status": "Accepted",
        "items": []
      },
      {
        "word": "000100011",
        "status": "Accepted",
        "items": []
      },
      {
        "word": "000100100",
        "status": "Accepted",
        "items": [
          "0",
          "0",
          "1"
        ]
      },
      {
        "word": "000100101",
        "status": "Accepted",
        "items": []
      },
      {
        "word": "000100110",
        "status": "Accepted",
        "items": []
      },
      {
        "word": "000100111",
        "status": "Accepted",
        "items": []
      },
      {
        "word": "000101000",
        "status": "Accepted",
        "items": []
      },
      {
        "word": "000101001",
        "status": "Accepted",
        "items": []
      },
      {
        "word": "000101010",
        "status": "Accepted",
        "items": []
      },
      {
        "word": "000101011",
        "status": "Accepted",
        "items": []
      },
      {
        "word": "000101100",
        "status": "Accepted",
        "items": [
          "0",
          "1"
        ]
      },
      {
        "word": "000101101",
        "status": "Accepted",
        "items": []
      },
      {
        "word": "000101110",
        "status": "Accepted",
        "items": []
      },
      {
        "word": "000101111",
        "status": "Accepted",
        "items": []
      },
      {
        "word": "000110000",
        "status": "Accepted",
        "items": []
      },
      {
        "word": "000110001",
        "status": "Accepted",
        "items": []
      },
      {
        "word": "000110010",
        "status": "Accepted",
        "items": []
      },
      {
        "word": "000110011",
        "status": "Accepted",
        "items": []
      },
      {
        "word": "000110100",
        "status": "Accepted",
        "items": [
          "0",
          "0",
          "1"
        ]
      },
      {
        "word": "000110101",
        "status": "Accepted",
        "items": []
      },
      {
        "word": "000110110",
        "status": "Accepted",
        "items": []
      },
      {
        "word": "000110111",
        "status": "Accepted",
        "items": []
      },
      {
        "word": "000111000",
        "status": "Accepted",
        "items": []
      },
      {
        "word": "000111001",
        "status": "Accepted",
        "items": []
      },
      {
        "word": "000111010",
        "status": "Accepted",
        "items": []
      },
      {
        "word": "000111011",
        "status": "Accepted",
        "items": []
      },
      {
        "word": "000111100",
        "status": "Accepted",
        "items": [
          "0",
          "1"
        ]
      },
      {
        "word": "000111101",
        "status": "Accepted",
        "items": []
      },
      {
        "word": "000111110",
        "status": "Accepted",
        "items": []
      },
      {
        "word": "000111111",
        "status": "Accepted",
        "items": []
      },
      {
        "word": "001000000",
        "status": "Accepted",
        "items": []
      },
      {
        "word": "001000001",
        "status": "RejectedNonBitOutput",
        "items": [
          "<non-bit>"
        ]
      },
      {
        "word": "001000010",
        "status": "RejectedNonBitOutput",
        "items": [
          "<non-bit>"
        ]
      },
      {
        "word": "001000011",
        "status": "RejectedNonBitOutput",
        "items": [
          "<non-bit>"
        ]
      },
      {
        "word": "001000100",
        "status": "RejectedTypeError",
        "items": []
      },
      {
        "word": "001000101",
        "status": "Accepted",
        "items": []
      },
      {
        "word": "001000110",
        "status": "Accepted",
        "items": []
      },
      {
        "word": "001000111",
        "status": "Accepted",
        "items": []
      },
      {
        "word": "001001000",
        "status": "Accepted",
        "items": []
      },
      {
        "word": "001001001",
        "status": "Accepted",
        "items": []
      },
      {
        "word": "001001010",
        "status": "Accepted",
        "items": []
      },
      {
        "word": "001001011",
        "status": "Accepted",
        "items": []
      },
      {
        "word": "001001100",
        "status": "RejectedNonBitOutput",
        "items": [
          "<non-bit>"
        ]
      },
      {
        "word": "001001101",
        "status": "Accepted",
        "items": []
      },
      {
        "word": "001001110",
        "status": "Accepted",
        "items": []
      },
      {
        "word": "001001111",
        "status": "Accepted",
        "items": []
      },
      {
        "word": "001010000",
        "status": "Accepted",
        "items": []
      },
      {
        "word": "001010001",
        "status": "RejectedNonBitOutput",
        "items": [
          "<non-bit>"
        ]
      },
      {
        "word": "001010010",
        "status": "RejectedNonBitOutput",
        "items": [
          "<non-bit>"
        ]
      },
      {
        "word": "001010011",
        "status": "RejectedNonBitOutput",
        "items": [
          "<non-bit>"
        ]
      },
      {
        "word": "001010100",
        "status": "Accepted",
        "items": [
          "0",
          "0",
          "1"
        ]
      },
      {
        "word": "001010101",
        "status": "Accepted",
        "items": []
      },
      {
        "word": "001010110",
        "status": "Accepted",
        "items": []
      },
      {
        "word": "001010111",
        "status": "Accepted",
        "items": []
      },
      {
        "word": "001011000",
        "status": "Accepted",
        "items": [
          "1"
        ]
      },
      {
        "word": "001011001",
        "status": "Accepted",
        "items": []
      },
      {
        "word": "001011010",
        "status": "Accepted",
        "items": []
      },
      {
        "word": "001011011",
        "status": "Accepted",
        "items": []
      },
      {
        "word": "001011100",
        "status": "Accepted",
        "items": []
      },
      {
        "word": "001011101",
        "status": "Accepted",
        "items": []
      },
      {
        "word": "001011110",
        "status": "Accepted",
        "items": []
      },
      {
        "word": "001011111",
        "status": "Accepted",
        "items": []
      },
      {
        "word": "001100000",
        "status": "Accepted",
        "items": []
      },
      {
        "word": "001100001",
        "status": "Accepted",
        "items": []
      },
      {
        "word": "001100010",
        "status": "Accepted",
        "items": []
      },
      {
        "word": "001100011",
        "status": "Accepted",
        "items": []
      },
      {
        "word": "001100100",
        "status": "Accepted",
        "items": []
      },
      {
        "word": "001100101",
        "status": "Accepted",
        "items": []
      },
      {
        "word": "001100110",
        "status": "Accepted",
        "items": []
      },
      {
        "word": "001100111",
        "status": "Accepted",
        "items": []
      },
      {
        "word": "001101000",
        "status": "Accepted",
        "items": []
      },
      {
        "word": "001101001",
        "status": "Accepted",
        "items": []
      },
      {
        "word": "001101010",
        "status": "Accepted",
        "items": []
      },
      {
        "word": "001101011",
        "status": "Accepted",
        "items": []
      },
      {
        "word": "001101100",
        "status": "Accepted",
        "items": []
      },
      {
        "word": "001101101",
        "status": "Accepted",
        "items": []
      },
      {
        "word": "001101110",
        "status": "Accepted",
        "items": []
      },
      {
        "word": "001101111",
        "status": "Accepted",
        "items": []
      },
      {
        "word": "001110000",
        "status": "Accepted",
        "items": []
      },
      {
        "word": "001110001",
        "status": "Accepted",
        "items": []
      },
      {
        "word": "001110010",
        "status": "Accepted",
        "items": []
      },
      {
        "word": "001110011",
        "status": "Accepted",
        "items": []
      },
      {
        "word": "001110100",
        "status": "Accepted",
        "items": [
          "0",
          "1"
        ]
      },
      {
        "word": "001110101",
        "status": "Accepted",
        "items": []
      },
      {
        "word": "001110110",
        "status": "Accepted",
        "items": []
      },
      {
        "word": "001110111",
        "status": "Accepted",
        "items": []
      },
      {
        "word": "001111000",
        "status": "RejectedTypeError",
        "items": []
      },
      {
        "word": "001111001",
        "status": "Accepted",
        "items": []
      },
      {
        "word": "001111010",
        "status": "Accepted",
        "items": []
      },
      {
        "word": "001111011",
        "status": "Accepted",
        "items": []
      },
      {
        "word": "001111100",
        "status": "Accepted",
        "items": []
      },
      {
        "word": "001111101",
        "status": "Accepted",
        "items": []
      },
      {
        "word": "001111110",
        "status": "Accepted",
        "items": []
      },
      {
        "word": "001111111",
        "status": "Accepted",
        "items": []
      },
      {
        "word": "010000000",
        "status": "Accepted",
        "items": []
      },
      {
        "word": "010000001",
        "status": "RejectedNonBitOutput",
        "items": [
          "<non-bit>"
        ]
      },
      {
        "word": "010000010",
        "status": "RejectedNonBitOutput",
        "items": [
          "<non-bit>"
        ]
      },
      {
        "word": "010000011",
        "status": "RejectedNonBitOutput",
        "items": [
          "<non-bit>"
        ]
      },
      {
        "word": "010000100",
        "status": "RejectedTypeError",
        "items": []
      },
      {
        "word": "010000101",
        "status": "Accepted",
        "items": []
      },
      {
        "word": "010000110",
        "status": "Accepted",
        "items": []
      },
      {
        "word": "010000111",
        "status": "Accepted",
        "items": []
      },
      {
        "word": "010001000",
        "status": "Accepted",
        "items": []
      },
      {
        "word": "010001001",
        "status": "Accepted",
        "items": []
      },
      {
        "word": "010001010",
        "status": "Accepted",
        "items": []
      },
      {
        "word": "010001011",
        "status": "Accepted",
        "items": []
      },
      {
        "word": "010001100",
        "status": "RejectedNonBitOutput",
        "items": [
          "<non-bit>"
        ]
      },
      {
        "word": "010001101",
        "status": "Accepted",
        "items": []
      },
      {
        "word": "010001110",
        "status": "Accepted",
        "items": []
      },
      {
        "word": "010001111",
        "status": "Accepted",
        "items": []
      },
      {
        "word": "010010000",
        "status": "Accepted",
        "items": []
      },
      {
        "word": "010010001",
        "status": "RejectedNonBitOutput",
        "items": [
          "<non-bit>"
        ]
      },
      {
        "word": "010010010",
        "status": "RejectedNonBitOutput",
        "items": [
          "<non-bit>"
        ]
      },
      {
        "word": "010010011",
        "status": "RejectedNonBitOutput",
        "items": [
          "<non-bit>"
        ]
      },
      {
        "word": "010010100",
        "status": "Accepted",
        "items": [
          "0",
          "0",
          "1"
        ]
      },
      {
        "word": "010010101",
        "status": "Accepted",
        "items": []
      },
      {
        "word": "010010110",
        "status": "Accepted",
        "items": []
      },
      {
        "word": "010010111",
        "status": "Accepted",
        "items": []
      },
      {
        "word": "010011000",
        "status": "Accepted",
        "items": [
          "1"
        ]
      },
      {
        "word": "010011001",
        "status": "Accepted",
        "items": []
      },
      {
        "word": "010011010",
        "status": "Accepted",
        "items": []
      },
      {
        "word": "010011011",
        "status": "Accepted",
        "items": []
      },
      {
        "word": "010011100",
        "status": "Accepted",
        "items": []
      },
      {
        "word": "010011101",
        "status": "Accepted",
        "items": []
      },
      {
        "word": "010011110",
        "status": "Accepted",
        "items": []
      },
      {
        "word": "010011111",
        "status": "Accepted",
        "items": []
      },
      {
        "word": "010100000",
        "status": "Accepted",
        "items": []
      },
      {
        "word": "010100001",
        "status": "Accepted",
        "items": []
      },
      {
        "word": "010100010",
        "status": "Accepted",
        "items": []
      },
      {
        "word": "010100011",
        "status": "Accepted",
        "items": []
      },
      {
        "word": "010100100",
        "status": "Accepted",
        "items": []
      },
      {
        "word": "010100101",
        "status": "Accepted",
        "items": []
      },
      {
        "word": "010100110",
        "status": "Accepted",
        "items": []
      },
      {
        "word": "010100111",
        "status": "Accepted",
        "items": []
      },
      {
        "word": "010101000",
        "status": "Accepted",
        "items": []
      },
      {
        "word": "010101001",
        "status": "Accepted",
        "items": []
      },
      {
        "word": "010101010",
        "status": "Accepted",
        "items": []
      },
      {
        "word": "010101011",
        "status": "Accepted",
        "items": []
      },
      {
        "word": "010101100",
        "status": "Accepted",
        "items": []
      },
      {
        "word": "010101101",
        "status": "Accepted",
        "items": []
      },
      {
        "word": "010101110",
        "status": "Accepted",
        "items": []
      },
      {
        "word": "010101111",
        "status": "Accepted",
        "items": []
      },
      {
        "word": "010110000",
        "status": "Accepted",
        "items": []
      },
      {
        "word": "010110001",
        "status": "Accepted",
        "items": []
      },
      {
        "word": "010110010",
        "status": "Accepted",
        "items": []
      },
      {
        "word": "010110011",
        "status": "Accepted",
        "items": []
      },
      {
        "word": "010110100",
        "status": "Accepted",
        "items": [
          "0",
          "1"
        ]
      },
      {
        "word": "010110101",
        "status": "Accepted",
        "items": []
      },
      {
        "word": "010110110",
        "status": "Accepted",
        "items": []
      },
      {
        "word": "010110111",
        "status": "Accepted",
        "items": []
      },
      {
        "word": "010111000",
        "status": "RejectedTypeError",
        "items": []
      },
      {
        "word": "010111001",
        "status": "Accepted",
        "items": []
      },
      {
        "word": "010111010",
        "status": "Accepted",
        "items": []
      },
      {
        "word": "010111011",
        "status": "Accepted",
        "items": []
      },
      {
        "word": "010111100",
        "status": "Accepted",
        "items": []
      },
      {
        "word": "010111101",
        "status": "Accepted",
        "items": []
      },
      {
        "word": "010111110",
        "status": "Accepted",
        "items": []
      },
      {
        "word": "010111111",
        "status": "Accepted",
        "items": []
      },
      {
        "word": "011000000",
        "status": "Accepted",
        "items": []
      },
      {
        "word": "011000001",
        "status": "RejectedNonBitOutput",
        "items": [
          "<non-bit>"
        ]
      },
      {
        "word": "011000010",
        "status": "RejectedNonBitOutput",
        "items": [
          "<non-bit>"
        ]
      },
      {
        "word": "011000011",
        "status": "RejectedNonBitOutput",
        "items": [
          "<non-bit>"
        ]
      },
      {
        "word": "011000100",
        "status": "RejectedTypeError",
        "items": []
      },
      {
        "word": "011000101",
        "status": "Accepted",
        "items": []
      },
      {
        "word": "011000110",
        "status": "Accepted",
        "items": []
      },
      {
        "word": "011000111",
        "status": "Accepted",
        "items": []
      },
      {
        "word": "011001000",
        "status": "Accepted",
        "items": []
      },
      {
        "word": "011001001",
        "status": "Accepted",
        "items": []
      },
      {
        "word": "011001010",
        "status": "Accepted",
        "items": []
      },
      {
        "word": "011001011",
        "status": "Accepted",
        "items": []
      },
      {
        "word": "011001100",
        "status": "RejectedNonBitOutput",
        "items": [
          "<non-bit>"
        ]
      },
      {
        "word": "011001101",
        "status": "Accepted",
        "items": []
      },
      {
        "word": "011001110",
        "status": "Accepted",
        "items": []
      },
      {
        "word": "011001111",
        "status": "Accepted",
        "items": []
      },
      {
        "word": "011010000",
        "status": "Accepted",
        "items": []
      },
      {
        "word": "011010001",
        "status": "RejectedNonBitOutput",
        "items": [
          "<non-bit>"
        ]
      },
      {
        "word": "011010010",
        "status": "RejectedNonBitOutput",
        "items": [
          "<non-bit>"
        ]
      },
      {
        "word": "011010011",
        "status": "RejectedNonBitOutput",
        "items": [
          "<non-bit>"
        ]
      },
      {
        "word": "011010100",
        "status": "Accepted",
        "items": [
          "0",
          "0",
          "1"
        ]
      },
      {
        "word": "011010101",
        "status": "Accepted",
        "items": []
      },
      {
        "word": "011010110",
        "status": "Accepted",
        "items": []
      },
      {
        "word": "011010111",
        "status": "Accepted",
        "items": []
      },
      {
        "word": "011011000",
        "status": "Accepted",
        "items": [
          "1"
        ]
      },
      {
        "word": "011011001",
        "status": "Accepted",
        "items": []
      },
      {
        "word": "011011010",
        "status": "Accepted",
        "items": []
      },
      {
        "word": "011011011",
        "status": "Accepted",
        "items": []
      },
      {
        "word": "011011100",
        "status": "Accepted",
        "items": []
      },
      {
        "word": "011011101",
        "status": "Accepted",
        "items": []
      },
      {
        "word": "011011110",
        "status": "Accepted",
        "items": []
      },
      {
        "word": "011011111",
        "status": "Accepted",
        "items": []
      },
      {
        "word": "011100000",
        "status": "Accepted",
        "items": []
      },
      {
        "word": "011100001",
        "status": "Accepted",
        "items": []
      },
      {
        "word": "011100010",
        "status": "Accepted",
        "items": []
      },
      {
        "word": "011100011",
        "status": "Accepted",
        "items": []
      },
      {
        "word": "011100100",
        "status": "Accepted",
        "items": []
      },
      {
        "word": "011100101",
        "status": "Accepted",
        "items": []
      },
      {
        "word": "011100110",
        "status": "Accepted",
        "items": []
      },
      {
        "word": "011100111",
        "status": "Accepted",
        "items": []
      },
      {
        "word": "011101000",
        "status": "Accepted",
        "items": []
      },
      {
        "word": "011101001",
        "status": "Accepted",
        "items": []
      },
      {
        "word": "011101010",
        "status": "Accepted",
        "items": []
      },
      {
        "word": "011101011",
        "status": "Accepted",
        "items": []
      },
      {
        "word": "011101100",
        "status": "Accepted",
        "items": []
      },
      {
        "word": "011101101",
        "status": "Accepted",
        "items": []
      },
      {
        "word": "011101110",
        "status": "Accepted",
        "items": []
      },
      {
        "word": "011101111",
        "status": "Accepted",
        "items": []
      },
      {
        "word": "011110000",
        "status": "Accepted",
        "items": []
      },
      {
        "word": "011110001",
        "status": "Accepted",
        "items": []
      },
      {
        "word": "011110010",
        "status": "Accepted",
        "items": []
      },
      {
        "word": "011110011",
        "status": "Accepted",
        "items": []
      },
      {
        "word": "011110100",
        "status": "Accepted",
        "items": [
          "0",
          "1"
        ]
      },
      {
        "word": "011110101",
        "status": "Accepted",
        "items": []
      },
      {
        "word": "011110110",
        "status": "Accepted",
        "items": []
      },
      {
        "word": "011110111",
        "status": "Accepted",
        "items": []
      },
      {
        "word": "011111000",
        "status": "RejectedTypeError",
        "items": []
      },
      {
        "word": "011111001",
        "status": "Accepted",
        "items": []
      },
      {
        "word": "011111010",
        "status": "Accepted",
        "items": []
      },
      {
        "word": "011111011",
        "status": "Accepted",
        "items": []
      },
      {
        "word": "011111100",
        "status": "Accepted",
        "items": []
      },
      {
        "word": "011111101",
        "status": "Accepted",
        "items": []
      },
      {
        "word": "011111110",
        "status": "Accepted",
        "items": []
      },
      {
        "word": "011111111",
        "status": "Accepted",
        "items": []
      },
      {
        "word": "100000000",
        "status": "Accepted",
        "items": []
      },
      {
        "word": "100000001",
        "status": "Accepted",
        "items": []
      },
      {
        "word": "100000010",
        "status": "Accepted",
        "items": []
      },
      {
        "word": "100000011",
        "status": "Accepted",
        "items": []
      },
      {
        "word": "100000100",
        "status": "Accepted",
        "items": []
      },
      {
        "word": "100000101",
        "status": "Accepted",
        "items": []
      },
      {
        "word": "100000110",
        "status": "Accepted",
        "items": []
      },
      {
        "word": "100000111",
        "status": "Accepted",
        "items": []
      },
      {
        "word": "100001000",
        "status": "Accepted",
        "items": []
      },
      {
        "word": "100001001",
        "status": "Accepted",
        "items": []
      },
      {
        "word": "100001010",
        "status": "Accepted",
        "items": []
      },
      {
        "word": "100001011",
        "status": "Accepted",
        "items": []
      },
      {
        "word": "100001100",
        "status": "Accepted",
        "items": []
      },
      {
        "word": "100001101",
        "status": "Accepted",
        "items": []
      },
      {
        "word": "100001110",
        "status": "Accepted",
        "items": []
      },
      {
        "word": "100001111",
        "status": "Accepted",
        "items": []
      },
      {
        "word": "100010000",
        "status": "Accepted",
        "items": []
      },
      {
        "word": "100010001",
        "status": "RejectedNonBitOutput",
        "items": [
          "<non-bit>"
        ]
      },
      {
        "word": "100010010",
        "status": "Accepted",
        "items": []
      },
      {
        "word": "100010011",
        "status": "RejectedNonBitOutput",
        "items": [
          "<non-bit>"
        ]
      },
      {
        "word": "100010100",
        "status": "Accepted",
        "items": []
      },
      {
        "word": "100010101",
        "status": "Accepted",
        "items": []
      },
      {
        "word": "100010110",
        "status": "Accepted",
        "items": []
      },
      {
        "word": "100010111",
        "status": "Accepted",
        "items": []
      },
      {
        "word": "100011000",
        "status": "Accepted",
        "items": []
      },
      {
        "word": "100011001",
        "status": "Accepted",
        "items": []
      },
      {
        "word": "100011010",
        "status": "Accepted",
        "items": []
      },
      {
        "word": "100011011",
        "status": "Accepted",
        "items": []
      },
      {
        "word": "100011100",
        "status": "Accepted",
        "items": []
      },
      {
        "word": "100011101",
        "status": "Accepted",
        "items": []
      },
      {
        "word": "100011110",
        "status": "Accepted",
        "items": []
      },
      {
        "word": "100011111",
        "status": "Accepted",
        "items": []
      },
      {
        "word": "100100000",
        "status": "Accepted",
        "items": []
      },
      {
        "word": "100100001",
        "status": "RejectedNonBitOutput",
        "items": [
          "<non-bit>"
        ]
      },
      {
        "word": "100100010",
        "status": "RejectedNonBitOutput",
        "items": [
          "<non-bit>"
        ]
      },
      {
        "word": "100100011",
        "status": "RejectedNonBitOutput",
        "items": [
          "<non-bit>"
        ]
      },
      {
        "word": "100100100",
        "status": "Accepted",
        "items": []
      },
      {
        "word": "100100101",
        "status": "Accepted",
        "items": []
      },
      {
        "word": "100100110",
        "status": "Accepted",
        "items": []
      },
      {
        "word": "100100111",
        "status": "Accepted",
        "items": []
      },
      {
        "word": "100101000",
        "status": "Accepted",
        "items": []
      },
      {
        "word": "100101001",
        "status": "Accepted",
        "items": []
      },
      {
        "word": "100101010",
        "status": "Accepted",
        "items": []
      },
      {
        "word": "100101011",
        "status": "Accepted",
        "items": []
      },
      {
        "word": "100101100",
        "status": "Accepted",
        "items": []
      },
      {
        "word": "100101101",
        "status": "Accepted",
        "items": []
      },
      {
        "word": "100101110",
        "status": "Accepted",
        "items": []
      },
      {
        "word": "100101111",
        "status": "Accepted",
        "items": []
      },
      {
        "word": "100110000",
        "status": "Accepted",
        "items": []
      },
      {
        "word": "100110001",
        "status": "Accepted",
        "items": []
      },
      {
        "word": "100110010",
        "status": "Accepted",
        "items": []
      },
      {
        "word": "100110011",
        "status": "Accepted",
        "items": []
      },
      {
        "word": "100110100",
        "status": "Accepted",
        "items": []
      },
      {
        "word": "100110101",
        "status": "Accepted",
        "items": []
      },
      {
        "word": "100110110",
        "status": "Accepted",
        "items": []
      },
      {
        "word": "100110111",
        "status": "Accepted",
        "items": []
      },
      {
        "word": "100111000",
        "status": "Accepted",
        "items": []
      },
      {
        "word": "100111001",
        "status": "Accepted",
        "items": []
      },
      {
        "word": "100111010",
        "status": "Accepted",
        "items": []
      },
      {
        "word": "100111011",
        "status": "Accepted",
        "items": []
      },
      {
        "word": "100111100",
        "status": "Accepted",
        "items": []
      },
      {
        "word": "100111101",
        "status": "Accepted",
        "items": []
      },
      {
        "word": "100111110",
        "status": "Accepted",
        "items": []
      },
      {
        "word": "100111111",
        "status": "Accepted",
        "items": []
      },
      {
        "word": "101000000",
        "status": "Accepted",
        "items": []
      },
      {
        "word": "101000001",
        "status": "RejectedNonBitOutput",
        "items": [
          "<non-bit>"
        ]
      },
      {
        "word": "101000010",
        "status": "Accepted",
        "items": []
      },
      {
        "word": "101000011",
        "status": "Accepted",
        "items": []
      },
      {
        "word": "101000100",
        "status": "Accepted",
        "items": []
      },
      {
        "word": "101000101",
        "status": "Accepted",
        "items": []
      },
      {
        "word": "101000110",
        "status": "Accepted",
        "items": []
      },
      {
        "word": "101000111",
        "status": "Accepted",
        "items": []
      },
      {
        "word": "101001000",
        "status": "Accepted",
        "items": []
      },
      {
        "word": "101001001",
        "status": "RejectedNonBitOutput",
        "items": [
          "<non-bit>"
        ]
      },
      {
        "word": "101001010",
        "status": "Accepted",
        "items": []
      },
      {
        "word": "101001011",
        "status": "Accepted",
        "items": []
      },
      {
        "word": "101001100",
        "status": "Accepted",
        "items": []
      },
      {
        "word": "101001101",
        "status": "Accepted",
        "items": []
      },
      {
        "word": "101001110",
        "status": "Accepted",
        "items": []
      },
      {
        "word": "101001111",
        "status": "Accepted",
        "items": []
      },
      {
        "word": "101010000",
        "status": "Accepted",
        "items": []
      },
      {
        "word": "101010001",
        "status": "Accepted",
        "items": []
      },
      {
        "word": "101010010",
        "status": "RejectedNonBitOutput",
        "items": [
          "<non-bit>"
        ]
      },
      {
        "word": "101010011",
        "status": "RejectedNonBitOutput",
        "items": [
          "<non-bit>"
        ]
      },
      {
        "word": "101010100",
        "status": "Accepted",
        "items": []
      },
      {
        "word": "101010101",
        "status": "Accepted",
        "items": []
      },
      {
        "word": "101010110",
        "status": "Accepted",
        "items": []
      },
      {
        "word": "101010111",
        "status": "Accepted",
        "items": []
      },
      {
        "word": "101011000",
        "status": "Accepted",
        "items": []
      },
      {
        "word": "101011001",
        "status": "Accepted",
        "items": []
      },
      {
        "word": "101011010",
        "status": "Accepted",
        "items": []
      },
      {
        "word": "101011011",
        "status": "Accepted",
        "items": []
      },
      {
        "word": "101011100",
        "status": "Accepted",
        "items": []
      },
      {
        "word": "101011101",
        "status": "Accepted",
        "items": []
      },
      {
        "word": "101011110",
        "status": "Accepted",
        "items": []
      },
      {
        "word": "101011111",
        "status": "Accepted",
        "items": []
      },
      {
        "word": "101100000",
        "status": "Accepted",
        "items": []
      },
      {
        "word": "101100001",
        "status": "Accepted",
        "items": []
      },
      {
        "word": "101100010",
        "status": "Accepted",
        "items": []
      },
      {
        "word": "101100011",
        "status": "Accepted",
        "items": []
      },
      {
        "word": "101100100",
        "status": "Accepted",
        "items": []
      },
      {
        "word": "101100101",
        "status": "Accepted",
        "items": []
      },
      {
        "word": "101100110",
        "status": "Accepted",
        "items": []
      },
      {
        "word": "101100111",
        "status": "Accepted",
        "items": []
      },
      {
        "word": "101101000",
        "status": "Accepted",
        "items": []
      },
      {
        "word": "101101001",
        "status": "Accepted",
        "items": []
      },
      {
        "word": "101101010",
        "status": "Accepted",
        "items": []
      },
      {
        "word": "101101011",
        "status": "Accepted",
        "items": []
      },
      {
        "word": "101101100",
        "status": "Accepted",
        "items": []
      },
      {
        "word": "101101101",
        "status": "Accepted",
        "items": []
      },
      {
        "word": "101101110",
        "status": "Accepted",
        "items": []
      },
      {
        "word": "101101111",
        "status": "Accepted",
        "items": []
      },
      {
        "word": "101110000",
        "status": "Accepted",
        "items": []
      },
      {
        "word": "101110001",
        "status": "Accepted",
        "items": []
      },
      {
        "word": "101110010",
        "status": "Accepted",
        "items": []
      },
      {
        "word": "101110011",
        "status": "Accepted",
        "items": []
      },
      {
        "word": "101110100",
        "status": "Accepted",
        "items": []
      },
      {
        "word": "101110101",
        "status": "Accepted",
        "items": []
      },
      {
        "word": "101110110",
        "status": "Accepted",
        "items": []
      },
      {
        "word": "101110111",
        "status": "Accepted",
        "items": []
      },
      {
        "word": "101111000",
        "status": "Accepted",
        "items": []
      },
      {
        "word": "101111001",
        "status": "Accepted",
        "items": []
      },
      {
        "word": "101111010",
        "status": "Accepted",
        "items": []
      },
      {
        "word": "101111011",
        "status": "Accepted",
        "items": []
      },
      {
        "word": "101111100",
        "status": "Accepted",
        "items": []
      },
      {
        "word": "101111101",
        "status": "Accepted",
        "items": []
      },
      {
        "word": "101111110",
        "status": "Accepted",
        "items": []
      },
      {
        "word": "101111111",
        "status": "Accepted",
        "items": []
      },
      {
        "word": "110000000",
        "status": "Accepted",
        "items": []
      },
      {
        "word": "110000001",
        "status": "RejectedNonBitOutput",
        "items": [
          "<non-bit>"
        ]
      },
      {
        "word": "110000010",
        "status": "RejectedNonBitOutput",
        "items": [
          "<non-bit>"
        ]
      },
      {
        "word": "110000011",
        "status": "RejectedNonBitOutput",
        "items": [
          "<non-bit>"
        ]
      },
      {
        "word": "110000100",
        "status": "Accepted",
        "items": [
          "1"
        ]
      },
      {
        "word": "110000101",
        "status": "Accepted",
        "items": []
      },
      {
        "word": "110000110",
        "status": "RejectedTypeError",
        "items": []
      },
      {
        "word": "110000111",
        "status": "Accepted",
        "items": []
      },
      {
        "word": "110001000",
        "status": "Accepted",
        "items": [
          "1"
        ]
      },
      {
        "word": "110001001",
        "status": "Accepted",
        "items": []
      },
      {
        "word": "110001010",
        "status": "RejectedTypeError",
        "items": []
      },
      {
        "word": "110001011",
        "status": "Accepted",
        "items": []
      },
      {
        "word": "110001100",
        "status": "Accepted",
        "items": [
          "1"
        ]
      },
      {
        "word": "110001101",
        "status": "Accepted",
        "items": []
      },
      {
        "word": "110001110",
        "status": "RejectedTypeError",
        "items": []
      },
      {
        "word": "110001111",
        "status": "Accepted",
        "items": []
      },
      {
        "word": "110010000",
        "status": "Accepted",
        "items": []
      },
      {
        "word": "110010001",
        "status": "Accepted",
        "items": []
      },
      {
        "word": "110010010",
        "status": "Accepted",
        "items": []
      },
      {
        "word": "110010011",
        "status": "Accepted",
        "items": []
      },
      {
        "word": "110010100",
        "status": "Accepted",
        "items": []
      },
      {
        "word": "110010101",
        "status": "Accepted",
        "items": []
      },
      {
        "word": "110010110",
        "status": "Accepted",
        "items": []
      },
      {
        "word": "110010111",
        "status": "Accepted",
        "items": []
      },
      {
        "word": "110011000",
        "status": "Accepted",
        "items": []
      },
      {
        "word": "110011001",
        "status": "Accepted",
        "items": []
      },
      {
        "word": "110011010",
        "status": "Accepted",
        "items": []
      },
      {
        "word": "110011011",
        "status": "Accepted",
        "items": []
      },
      {
        "word": "110011100",
        "status": "Accepted",
        "items": []
      },
      {
        "word": "110011101",
        "status": "Accepted",
        "items": []
      },
      {
        "word": "110011110",
        "status": "Accepted",
        "items": []
      },
      {
        "word": "110011111",
        "status": "Accepted",
        "items": []
      },
      {
        "word": "110100000",
        "status": "Accepted",
        "items": []
      },
      {
        "word": "110100001",
        "status": "Accepted",
        "items": []
      },
      {
        "word": "110100010",
        "status": "Accepted",
        "items": []
      },
      {
        "word": "110100011",
        "status": "Accepted",
        "items": []
      },
      {
        "word": "110100100",
        "status": "Accepted",
        "items": []
      },
      {
        "word": "110100101",
        "status": "Accepted",
        "items": []
      },
      {
        "word": "110100110",
        "status": "Accepted",
        "items": []
      },
      {
        "word": "110100111",
        "status": "Accepted",
        "items": []
      },
      {
        "word": "110101000",
        "status": "Accepted",
        "items": [
          "0",
          "0"
        ]
      },
      {
        "word": "110101001",
        "status": "Accepted",
        "items": []
      },
      {
        "word": "110101010",
        "status": "Accepted",
        "items": []
      },
      {
        "word": "110101011",
        "status": "Accepted",
        "items": []
      },
      {
        "word": "110101100",
        "status": "Accepted",
        "items": []
      },
      {
        "word": "110101101",
        "status": "Accepted",
        "items": []
      },
      {
        "word": "110101110",
        "status": "Accepted",
        "items": []
      },
      {
        "word": "110101111",
        "status": "Accepted",
        "items": []
      },
      {
        "word": "110110000",
        "status": "Accepted",
        "items": []
      },
      {
        "word": "110110001",
        "status": "Accepted",
        "items": []
      },
      {
        "word": "110110010",
        "status": "Accepted",
        "items": []
      },
      {
        "word": "110110011",
        "status": "Accepted",
        "items": []
      },
      {
        "word": "110110100",
        "status": "Accepted",
        "items": []
      },
      {
        "word": "110110101",
        "status": "Accepted",
        "items": []
      },
      {
        "word": "110110110",
        "status": "Accepted",
        "items": []
      },
      {
        "word": "110110111",
        "status": "Accepted",
        "items": []
      },
      {
        "word": "110111000",
        "status": "Accepted",
        "items": []
      },
      {
        "word": "110111001",
        "status": "Accepted",
        "items": []
      },
      {
        "word": "110111010",
        "status": "Accepted",
        "items": []
      },
      {
        "word": "110111011",
        "status": "Accepted",
        "items": []
      },
      {
        "word": "110111100",
        "status": "Accepted",
        "items": []
      },
      {
        "word": "110111101",
        "status": "Accepted",
        "items": []
      },
      {
        "word": "110111110",
        "status": "Accepted",
        "items": []
      },
      {
        "word": "110111111",
        "status": "Accepted",
        "items": []
      },
      {
        "word": "111000000",
        "status": "Accepted",
        "items": []
      },
      {
        "word": "111000001",
        "status": "Accepted",
        "items": []
      },
      {
        "word": "111000010",
        "status": "Accepted",
        "items": []
      },
      {
        "word": "111000011",
        "status": "Accepted",
        "items": []
      },
      {
        "word": "111000100",
        "status": "Accepted",
        "items": []
      },
      {
        "word": "111000101",
        "status": "Accepted",
        "items": []
      },
      {
        "word": "111000110",
        "status": "Accepted",
        "items": []
      },
      {
        "word": "111000111",
        "status": "Accepted",
        "items": []
      },
      {
        "word": "111001000",
        "status": "Accepted",
        "items": []
      },
      {
        "word": "111001001",
        "status": "Accepted",
        "items": []
      },
      {
        "word": "111001010",
        "status": "Accepted",
        "items": []
      },
      {
        "word": "111001011",
        "status": "Accepted",
        "items": []
      },
      {
        "word": "111001100",
        "status": "Accepted",
        "items": []
      },
      {
        "word": "111001101",
        "status": "Accepted",
        "items": []
      },
      {
        "word": "111001110",
        "status": "Accepted",
        "items": []
      },
      {
        "word": "111001111",
        "status": "Accepted",
        "items": []
      },
      {
        "word": "111010000",
        "status": "Accepted",
        "items": []
      },
      {
        "word": "111010001",
        "status": "Accepted",
        "items": []
      },
      {
        "word": "111010010",
        "status": "Accepted",
        "items": []
      },
      {
        "word": "111010011",
        "status": "Accepted",
        "items": []
      },
      {
        "word": "111010100",
        "status": "Accepted",
        "items": []
      },
      {
        "word": "111010101",
        "status": "Accepted",
        "items": []
      },
      {
        "word": "111010110",
        "status": "Accepted",
        "items": []
      },
      {
        "word": "111010111",
        "status": "Accepted",
        "items": []
      },
      {
        "word": "111011000",
        "status": "Accepted",
        "items": []
      },
      {
        "word": "111011001",
        "status": "Accepted",
        "items": []
      },
      {
        "word": "111011010",
        "status": "Accepted",
        "items": []
      },
      {
        "word": "111011011",
        "status": "Accepted",
        "items": []
      },
      {
        "word": "111011100",
        "status": "Accepted",
        "items": []
      },
      {
        "word": "111011101",
        "status": "Accepted",
        "items": []
      },
      {
        "word": "111011110",
        "status": "Accepted",
        "items": []
      },
      {
        "word": "111011111",
        "status": "Accepted",
        "items": []
      },
      {
        "word": "111100000",
        "status": "Accepted",
        "items": []
      },
      {
        "word": "111100001",
        "status": "Accepted",
        "items": []
      },
      {
        "word": "111100010",
        "status": "Accepted",
        "items": []
      },
      {
        "word": "111100011",
        "status": "Accepted",
        "items": []
      },
      {
        "word": "111100100",
        "status": "Accepted",
        "items": []
      },
      {
        "word": "111100101",
        "status": "Accepted",
        "items": []
      },
      {
        "word": "111100110",
        "status": "Accepted",
        "items": []
      },
      {
        "word": "111100111",
        "status": "Accepted",
        "items": []
      },
      {
        "word": "111101000",
        "status": "Accepted",
        "items": []
      },
      {
        "word": "111101001",
        "status": "Accepted",
        "items": []
      },
      {
        "word": "111101010",
        "status": "Accepted",
        "items": []
      },
      {
        "word": "111101011",
        "status": "Accepted",
        "items": []
      },
      {
        "word": "111101100",
        "status": "Accepted",
        "items": []
      },
      {
        "word": "111101101",
        "status": "Accepted",
        "items": []
      },
      {
        "word": "111101110",
        "status": "Accepted",
        "items": []
      },
      {
        "word": "111101111",
        "status": "Accepted",
        "items": []
      },
      {
        "word": "111110000",
        "status": "Accepted",
        "items": []
      },
      {
        "word": "111110001",
        "status": "Accepted",
        "items": []
      },
      {
        "word": "111110010",
        "status": "Accepted",
        "items": []
      },
      {
        "word": "111110011",
        "status": "Accepted",
        "items": []
      },
      {
        "word": "111110100",
        "status": "Accepted",
        "items": []
      },
      {
        "word": "111110101",
        "status": "Accepted",
        "items": []
      },
      {
        "word": "111110110",
        "status": "Accepted",
        "items": []
      },
      {
        "word": "111110111",
        "status": "Accepted",
        "items": []
      },
      {
        "word": "111111000",
        "status": "Accepted",
        "items": []
      },
      {
        "word": "111111001",
        "status": "Accepted",
        "items": []
      },
      {
        "word": "111111010",
        "status": "Accepted",
        "items": []
      },
      {
        "word": "111111011",
        "status": "Accepted",
        "items": []
      },
      {
        "word": "111111100",
        "status": "Accepted",
        "items": []
      },
      {
        "word": "111111101",
        "status": "Accepted",
        "items": []
      },
      {
        "word": "111111110",
        "status": "Accepted",
        "items": []
      },
      {
        "word": "111111111",
        "status": "Accepted",
        "items": []
      }
    ],
    "probability": {
      "denominator": 524288,
      "lengthTailNumerator": 512,
      "cuts": [
        {
          "t": 16,
          "counts": {
            "Accepted": 1,
            "Unknown": 1022
          },
          "lowerNumerator": 262144,
          "upperNumerator": 524288,
          "unknownNumerator": 261632,
          "rejectedNumerator": 0
        },
        {
          "t": 64,
          "counts": {
            "Accepted": 65,
            "Unknown": 958
          },
          "lowerNumerator": 486896,
          "upperNumerator": 524288,
          "unknownNumerator": 36880,
          "rejectedNumerator": 0
        },
        {
          "t": 256,
          "counts": {
            "Accepted": 944,
            "RejectedNonBitOutput": 60,
            "RejectedTypeError": 18,
            "Unknown": 1
          },
          "lowerNumerator": 508607,
          "upperNumerator": 509120,
          "unknownNumerator": 1,
          "rejectedNumerator": 15168
        },
        {
          "t": 1024,
          "counts": {
            "Accepted": 945,
            "RejectedNonBitOutput": 60,
            "RejectedTypeError": 18
          },
          "lowerNumerator": 508608,
          "upperNumerator": 509120,
          "unknownNumerator": 0,
          "rejectedNumerator": 15168
        },
        {
          "t": 4096,
          "counts": {
            "Accepted": 945,
            "RejectedNonBitOutput": 60,
            "RejectedTypeError": 18
          },
          "lowerNumerator": 508608,
          "upperNumerator": 509120,
          "unknownNumerator": 0,
          "rejectedNumerator": 15168
        }
      ]
    },
    "counterexamples": {
      "rawPrefix": [
        "0",
        "00"
      ],
      "unsafeSwap": [
        {
          "word": "01000",
          "code": "11111001000",
          "weightExponent": 11,
          "status": "Accepted",
          "items": [
            "1"
          ],
          "cost": 116
        },
        {
          "word": "10000",
          "code": "11111010000",
          "weightExponent": 11,
          "status": "Accepted",
          "items": [],
          "cost": 114
        }
      ]
    },
    "checkpoint": {
      "atStep": 12,
      "state": {
        "control": [
          "v",
          10
        ],
        "stack": [
          [
            "emit"
          ],
          [
            "arg",
            [
              "v",
              9
            ]
          ],
          [
            "arg",
            [
              "v",
              8
            ]
          ],
          [
            "arg",
            [
              "v",
              1
            ]
          ],
          [
            "arg",
            [
              "v",
              0
            ]
          ],
          [
            "arg",
            [
              "v",
              0
            ]
          ]
        ],
        "output": [],
        "steps": 12,
        "status": "Running"
      },
      "nodes": [
        [
          "I"
        ],
        [
          "K"
        ],
        [
          "S"
        ],
        [
          "Zero"
        ],
        [
          "One"
        ],
        [
          "Basis"
        ],
        [
          "Trivial"
        ],
        [
          "Pr"
        ],
        [
          "Bit0"
        ],
        [
          "Bit1"
        ],
        [
          "K1",
          0
        ],
        [
          "K1",
          10
        ],
        [
          "K1",
          11
        ],
        [
          "K1",
          12
        ],
        [
          "K1",
          13
        ],
        [
          "K1",
          14
        ],
        [
          "BigLeft",
          0
        ],
        [
          "Left",
          0
        ],
        [
          "S1",
          5
        ],
        [
          "S2",
          5,
          1
        ],
        [
          "K1",
          15
        ],
        [
          "BigLeft",
          2
        ],
        [
          "Left",
          2
        ],
        [
          "K1",
          22
        ],
        [
          "BigRight",
          2,
          7
        ],
        [
          "BigRight",
          0,
          5
        ],
        [
          "Right",
          0,
          5
        ],
        [
          "BigLeft",
          17
        ],
        [
          "Left",
          17
        ],
        [
          "K1",
          3
        ],
        [
          "K1",
          5
        ],
        [
          "K1",
          29
        ],
        [
          "K1",
          4
        ],
        [
          "BigRight",
          2,
          15
        ],
        [
          "Right",
          2,
          15
        ],
        [
          "S1",
          14
        ],
        [
          "S2",
          14,
          0
        ],
        [
          "S1",
          2
        ],
        [
          "S2",
          2,
          1
        ],
        [
          "S1",
          1
        ],
        [
          "K1",
          1
        ],
        [
          "S2",
          1,
          40
        ],
        [
          "BigLeft",
          26
        ],
        [
          "Left",
          26
        ],
        [
          "BigRight",
          17,
          5
        ],
        [
          "Right",
          17,
          5
        ],
        [
          "BigLeft",
          28
        ],
        [
          "Left",
          28
        ],
        [
          "BigRight",
          2,
          3
        ],
        [
          "Right",
          2,
          3
        ],
        [
          "BigRight",
          2,
          4
        ],
        [
          "Right",
          2,
          4
        ],
        [
          "BigLeft",
          15
        ],
        [
          "Left",
          15
        ],
        [
          "BigRight",
          15,
          0
        ],
        [
          "Right",
          15,
          0
        ],
        [
          "BigRight",
          26,
          5
        ],
        [
          "Right",
          26,
          5
        ],
        [
          "BigLeft",
          43
        ],
        [
          "Left",
          43
        ],
        [
          "BigRight",
          0,
          41
        ],
        [
          "Right",
          0,
          41
        ],
        [
          "BigLeft",
          45
        ],
        [
          "Left",
          45
        ],
        [
          "BigRight",
          28,
          5
        ],
        [
          "Right",
          28,
          5
        ],
        [
          "BigLeft",
          47
        ],
        [
          "Left",
          47
        ],
        [
          "S1",
          41
        ],
        [
          "S2",
          41,
          15
        ],
        [
          "K1",
          7
        ],
        [
          "BigLeft",
          49
        ],
        [
          "Left",
          49
        ],
        [
          "BigLeft",
          5
        ],
        [
          "S1",
          73
        ],
        [
          "S2",
          73,
          15
        ],
        [
          "Left",
          5
        ],
        [
          "BigRight",
          5,
          0
        ],
        [
          "Right",
          5,
          0
        ],
        [
          "S2",
          1,
          1
        ],
        [
          "K1",
          8
        ],
        [
          "BigLeft",
          51
        ],
        [
          "Left",
          51
        ],
        [
          "BigLeft",
          3
        ],
        [
          "Left",
          3
        ],
        [
          "BigLeft",
          4
        ],
        [
          "Left",
          4
        ],
        [
          "K1",
          2
        ],
        [
          "S2",
          1,
          15
        ],
        [
          "BigLeft",
          57
        ],
        [
          "Left",
          57
        ],
        [
          "BigRight",
          43,
          5
        ],
        [
          "Right",
          43,
          5
        ],
        [
          "BigLeft",
          59
        ],
        [
          "Left",
          59
        ],
        [
          "BigLeft",
          61
        ],
        [
          "Left",
          61
        ],
        [
          "BigRight",
          45,
          5
        ],
        [
          "Right",
          45,
          5
        ],
        [
          "BigLeft",
          63
        ],
        [
          "Left",
          63
        ],
        [
          "BigRight",
          17,
          41
        ],
        [
          "Right",
          17,
          41
        ],
        [
          "BigLeft",
          65
        ],
        [
          "Left",
          65
        ],
        [
          "BigRight",
          47,
          5
        ],
        [
          "Right",
          47,
          5
        ],
        [
          "BigLeft",
          67
        ],
        [
          "Left",
          67
        ],
        [
          "S2",
          41,
          3
        ],
        [
          "S2",
          41,
          4
        ],
        [
          "BigRight",
          49,
          5
        ],
        [
          "Right",
          49,
          5
        ],
        [
          "BigLeft",
          72
        ],
        [
          "Left",
          72
        ],
        [
          "S2",
          73,
          3
        ],
        [
          "S2",
          73,
          4
        ],
        [
          "BigRight",
          51,
          5
        ],
        [
          "Right",
          51,
          5
        ],
        [
          "BigLeft",
          82
        ],
        [
          "Left",
          82
        ],
        [
          "BigRight",
          5,
          5
        ],
        [
          "Right",
          5,
          5
        ],
        [
          "BigLeft",
          76
        ],
        [
          "Left",
          76
        ],
        [
          "BigRight",
          3,
          5
        ],
        [
          "Right",
          3,
          5
        ],
        [
          "BigLeft",
          84
        ],
        [
          "Left",
          84
        ],
        [
          "BigRight",
          4,
          5
        ],
        [
          "Right",
          4,
          5
        ],
        [
          "BigLeft",
          86
        ],
        [
          "Left",
          86
        ],
        [
          "S2",
          1,
          3
        ],
        [
          "S2",
          1,
          4
        ],
        [
          "BigRight",
          57,
          5
        ],
        [
          "Right",
          57,
          5
        ],
        [
          "BigLeft",
          90
        ],
        [
          "Left",
          90
        ],
        [
          "BigRight",
          26,
          41
        ],
        [
          "Right",
          26,
          41
        ],
        [
          "BigLeft",
          92
        ],
        [
          "Left",
          92
        ],
        [
          "BigRight",
          59,
          5
        ],
        [
          "Right",
          59,
          5
        ],
        [
          "BigLeft",
          94
        ],
        [
          "Left",
          94
        ],
        [
          "BigRight",
          61,
          5
        ],
        [
          "Right",
          61,
          5
        ],
        [
          "BigLeft",
          96
        ],
        [
          "Left",
          96
        ],
        [
          "BigRight",
          0,
          39
        ],
        [
          "Right",
          0,
          39
        ],
        [
          "BigLeft",
          98
        ],
        [
          "Left",
          98
        ],
        [
          "BigRight",
          63,
          5
        ],
        [
          "Right",
          63,
          5
        ],
        [
          "BigLeft",
          100
        ],
        [
          "Left",
          100
        ],
        [
          "BigLeft",
          102
        ],
        [
          "Left",
          102
        ],
        [
          "BigRight",
          65,
          5
        ],
        [
          "Right",
          65,
          5
        ],
        [
          "BigLeft",
          104
        ],
        [
          "Left",
          104
        ],
        [
          "BigRight",
          28,
          41
        ],
        [
          "Right",
          28,
          41
        ],
        [
          "BigLeft",
          106
        ],
        [
          "Left",
          106
        ],
        [
          "BigRight",
          67,
          5
        ],
        [
          "Right",
          67,
          5
        ],
        [
          "BigLeft",
          108
        ],
        [
          "Left",
          108
        ],
        [
          "BigLeft",
          73
        ],
        [
          "Left",
          73
        ],
        [
          "BigRight",
          3,
          2
        ],
        [
          "Right",
          3,
          2
        ],
        [
          "K1",
          176
        ],
        [
          "S1",
          7
        ],
        [
          "S2",
          7,
          5
        ],
        [
          "BigLeft",
          85
        ],
        [
          "Left",
          85
        ],
        [
          "S2",
          5,
          15
        ],
        [
          "S1",
          0
        ],
        [
          "S2",
          0,
          0
        ],
        [
          "BigLeft",
          112
        ],
        [
          "Left",
          112
        ],
        [
          "BigRight",
          72,
          5
        ],
        [
          "Right",
          72,
          5
        ],
        [
          "BigLeft",
          114
        ],
        [
          "Left",
          114
        ],
        [
          "K1",
          122
        ],
        [
          "BigRight",
          76,
          76
        ],
        [
          "Right",
          76,
          76
        ],
        [
          "S2",
          1,
          5
        ],
        [
          "BigRight",
          76,
          86
        ],
        [
          "Right",
          76,
          86
        ],
        [
          "BigLeft",
          41
        ],
        [
          "S1",
          197
        ],
        [
          "S2",
          197,
          15
        ],
        [
          "Left",
          41
        ],
        [
          "BigRight",
          41,
          0
        ],
        [
          "Right",
          41,
          0
        ],
        [
          "BigLeft",
          118
        ],
        [
          "Left",
          118
        ],
        [
          "BigRight",
          82,
          5
        ],
        [
          "Right",
          82,
          5
        ],
        [
          "BigLeft",
          120
        ],
        [
          "Left",
          120
        ],
        [
          "BigLeft",
          122
        ],
        [
          "Left",
          122
        ],
        [
          "BigRight",
          76,
          5
        ],
        [
          "Right",
          76,
          5
        ],
        [
          "BigLeft",
          124
        ],
        [
          "Left",
          124
        ],
        [
          "BigLeft",
          126
        ],
        [
          "Left",
          126
        ],
        [
          "BigRight",
          84,
          5
        ],
        [
          "Right",
          84,
          5
        ],
        [
          "BigLeft",
          128
        ],
        [
          "Left",
          128
        ],
        [
          "BigLeft",
          130
        ],
        [
          "Left",
          130
        ],
        [
          "BigRight",
          86,
          5
        ],
        [
          "Right",
          86,
          5
        ],
        [
          "BigLeft",
          132
        ],
        [
          "Left",
          132
        ],
        [
          "S2",
          1,
          2
        ],
        [
          "BigLeft",
          136
        ],
        [
          "Left",
          136
        ],
        [
          "BigRight",
          90,
          5
        ],
        [
          "Right",
          90,
          5
        ],
        [
          "BigLeft",
          138
        ],
        [
          "Left",
          138
        ],
        [
          "BigLeft",
          140
        ],
        [
          "Left",
          140
        ],
        [
          "BigRight",
          92,
          5
        ],
        [
          "Right",
          92,
          5
        ],
        [
          "BigLeft",
          142
        ],
        [
          "Left",
          142
        ],
        [
          "BigRight",
          43,
          41
        ],
        [
          "Right",
          43,
          41
        ],
        [
          "BigLeft",
          144
        ],
        [
          "Left",
          144
        ],
        [
          "BigRight",
          94,
          5
        ],
        [
          "Right",
          94,
          5
        ],
        [
          "BigLeft",
          146
        ],
        [
          "Left",
          146
        ],
        [
          "K1",
          41
        ],
        [
          "BigLeft",
          148
        ],
        [
          "Left",
          148
        ],
        [
          "BigRight",
          96,
          5
        ],
        [
          "Right",
          96,
          5
        ],
        [
          "BigLeft",
          150
        ],
        [
          "Left",
          150
        ],
        [
          "BigLeft",
          152
        ],
        [
          "Left",
          152
        ],
        [
          "BigRight",
          98,
          5
        ],
        [
          "Right",
          98,
          5
        ],
        [
          "BigLeft",
          154
        ],
        [
          "Left",
          154
        ],
        [
          "BigRight",
          45,
          41
        ],
        [
          "Right",
          45,
          41
        ],
        [
          "BigLeft",
          156
        ],
        [
          "Left",
          156
        ],
        [
          "BigRight",
          100,
          5
        ],
        [
          "Right",
          100,
          5
        ],
        [
          "BigLeft",
          158
        ],
        [
          "Left",
          158
        ],
        [
          "BigRight",
          102,
          5
        ],
        [
          "Right",
          102,
          5
        ],
        [
          "BigLeft",
          160
        ],
        [
          "Left",
          160
        ],
        [
          "BigRight",
          17,
          39
        ],
        [
          "Right",
          17,
          39
        ],
        [
          "BigLeft",
          162
        ],
        [
          "Left",
          162
        ],
        [
          "BigRight",
          104,
          5
        ],
        [
          "Right",
          104,
          5
        ],
        [
          "BigLeft",
          164
        ],
        [
          "Left",
          164
        ],
        [
          "BigLeft",
          166
        ],
        [
          "Left",
          166
        ],
        [
          "BigRight",
          106,
          5
        ],
        [
          "Right",
          106,
          5
        ],
        [
          "BigLeft",
          168
        ],
        [
          "Left",
          168
        ],
        [
          "BigRight",
          47,
          41
        ],
        [
          "Right",
          47,
          41
        ],
        [
          "BigLeft",
          170
        ],
        [
          "Left",
          170
        ],
        [
          "BigRight",
          108,
          5
        ],
        [
          "Right",
          108,
          5
        ],
        [
          "BigLeft",
          172
        ],
        [
          "Left",
          172
        ],
        [
          "BigRight",
          73,
          5
        ],
        [
          "Right",
          73,
          5
        ],
        [
          "BigLeft",
          174
        ],
        [
          "Left",
          174
        ],
        [
          "S1",
          15
        ],
        [
          "S2",
          15,
          5
        ],
        [
          "BigRight",
          85,
          5
        ],
        [
          "Right",
          85,
          5
        ],
        [
          "BigLeft",
          181
        ],
        [
          "Left",
          181
        ],
        [
          "S2",
          5,
          3
        ],
        [
          "S2",
          5,
          4
        ],
        [
          "BigRight",
          112,
          5
        ],
        [
          "Right",
          112,
          5
        ],
        [
          "BigLeft",
          186
        ],
        [
          "Left",
          186
        ],
        [
          "BigRight",
          49,
          41
        ],
        [
          "Right",
          49,
          41
        ],
        [
          "BigLeft",
          188
        ],
        [
          "Left",
          188
        ],
        [
          "BigRight",
          114,
          5
        ],
        [
          "Right",
          114,
          5
        ],
        [
          "BigLeft",
          190
        ],
        [
          "Left",
          190
        ],
        [
          "S1",
          87
        ],
        [
          "K1",
          87
        ],
        [
          "S2",
          87,
          320
        ],
        [
          "S2",
          87,
          15
        ],
        [
          "BigRight",
          2,
          1
        ],
        [
          "Right",
          2,
          1
        ],
        [
          "BigRight",
          5,
          121
        ],
        [
          "Right",
          5,
          121
        ],
        [
          "BigLeft",
          193
        ],
        [
          "Left",
          193
        ],
        [
          "BigRight",
          5,
          129
        ],
        [
          "Right",
          5,
          129
        ],
        [
          "BigLeft",
          196
        ],
        [
          "Left",
          196
        ],
        [
          "S2",
          197,
          3
        ],
        [
          "S2",
          197,
          4
        ],
        [
          "BigRight",
          118,
          5
        ],
        [
          "Right",
          118,
          5
        ],
        [
          "BigLeft",
          204
        ],
        [
          "Left",
          204
        ],
        [
          "BigRight",
          51,
          41
        ],
        [
          "Right",
          51,
          41
        ],
        [
          "BigLeft",
          206
        ],
        [
          "Left",
          206
        ],
        [
          "BigRight",
          120,
          5
        ],
        [
          "Right",
          120,
          5
        ],
        [
          "BigLeft",
          208
        ],
        [
          "Left",
          208
        ],
        [
          "BigRight",
          122,
          5
        ],
        [
          "Right",
          122,
          5
        ],
        [
          "BigLeft",
          210
        ],
        [
          "Left",
          210
        ],
        [
          "BigRight",
          5,
          41
        ],
        [
          "Right",
          5,
          41
        ],
        [
          "BigLeft",
          212
        ],
        [
          "Left",
          212
        ],
        [
          "BigRight",
          124,
          5
        ],
        [
          "Right",
          124,
          5
        ],
        [
          "BigLeft",
          214
        ],
        [
          "Left",
          214
        ],
        [
          "BigRight",
          126,
          5
        ],
        [
          "Right",
          126,
          5
        ],
        [
          "BigLeft",
          216
        ],
        [
          "Left",
          216
        ],
        [
          "BigRight",
          3,
          41
        ],
        [
          "Right",
          3,
          41
        ],
        [
          "BigLeft",
          218
        ],
        [
          "Left",
          218
        ],
        [
          "BigRight",
          128,
          5
        ],
        [
          "Right",
          128,
          5
        ],
        [
          "BigLeft",
          220
        ],
        [
          "Left",
          220
        ],
        [
          "BigRight",
          41,
          5
        ],
        [
          "Right",
          41,
          5
        ],
        [
          "BigLeft",
          200
        ],
        [
          "Left",
          200
        ],
        [
          "BigRight",
          130,
          5
        ],
        [
          "Right",
          130,
          5
        ],
        [
          "BigLeft",
          222
        ],
        [
          "Left",
          222
        ],
        [
          "BigRight",
          4,
          41
        ],
        [
          "Right",
          4,
          41
        ],
        [
          "BigLeft",
          224
        ],
        [
          "Left",
          224
        ],
        [
          "BigRight",
          132,
          5
        ],
        [
          "Right",
          132,
          5
        ],
        [
          "BigLeft",
          226
        ],
        [
          "Left",
          226
        ],
        [
          "S2",
          1,
          0
        ],
        [
          "BigLeft",
          7
        ],
        [
          "BigRight",
          136,
          5
        ],
        [
          "Right",
          136,
          5
        ],
        [
          "BigLeft",
          229
        ],
        [
          "Left",
          229
        ],
        [
          "BigRight",
          57,
          41
        ],
        [
          "Right",
          57,
          41
        ],
        [
          "BigLeft",
          231
        ],
        [
          "Left",
          231
        ],
        [
          "BigRight",
          138,
          5
        ],
        [
          "Right",
          138,
          5
        ],
        [
          "BigLeft",
          233
        ],
        [
          "Left",
          233
        ],
        [
          "BigRight",
          140,
          5
        ],
        [
          "Right",
          140,
          5
        ],
        [
          "BigLeft",
          235
        ],
        [
          "Left",
          235
        ],
        [
          "BigRight",
          26,
          39
        ],
        [
          "Right",
          26,
          39
        ],
        [
          "BigLeft",
          237
        ],
        [
          "Left",
          237
        ],
        [
          "BigRight",
          142,
          5
        ],
        [
          "Right",
          142,
          5
        ],
        [
          "BigLeft",
          239
        ],
        [
          "Left",
          239
        ],
        [
          "BigLeft",
          241
        ],
        [
          "Left",
          241
        ],
        [
          "BigRight",
          144,
          5
        ],
        [
          "Right",
          144,
          5
        ],
        [
          "BigLeft",
          243
        ],
        [
          "Left",
          243
        ],
        [
          "BigRight",
          59,
          41
        ],
        [
          "Right",
          59,
          41
        ],
        [
          "BigLeft",
          245
        ],
        [
          "Left",
          245
        ],
        [
          "BigRight",
          146,
          5
        ],
        [
          "Right",
          146,
          5
        ],
        [
          "BigLeft",
          247
        ],
        [
          "Left",
          247
        ],
        [
          "BigRight",
          148,
          5
        ],
        [
          "Right",
          148,
          5
        ],
        [
          "BigLeft",
          250
        ],
        [
          "Left",
          250
        ],
        [
          "BigRight",
          61,
          41
        ],
        [
          "Right",
          61,
          41
        ],
        [
          "BigLeft",
          252
        ],
        [
          "Left",
          252
        ],
        [
          "BigRight",
          150,
          5
        ],
        [
          "Right",
          150,
          5
        ],
        [
          "BigLeft",
          254
        ],
        [
          "Left",
          254
        ],
        [
          "BigRight",
          152,
          5
        ],
        [
          "Right",
          152,
          5
        ],
        [
          "BigLeft",
          256
        ],
        [
          "Left",
          256
        ],
        [
          "BigRight",
          0,
          1
        ],
        [
          "Right",
          0,
          1
        ],
        [
          "BigLeft",
          258
        ],
        [
          "Left",
          258
        ],
        [
          "BigRight",
          154,
          5
        ],
        [
          "Right",
          154,
          5
        ],
        [
          "BigLeft",
          260
        ],
        [
          "Left",
          260
        ],
        [
          "BigLeft",
          262
        ],
        [
          "Left",
          262
        ],
        [
          "BigRight",
          156,
          5
        ],
        [
          "Right",
          156,
          5
        ],
        [
          "BigLeft",
          264
        ],
        [
          "Left",
          264
        ],
        [
          "BigRight",
          63,
          41
        ],
        [
          "Right",
          63,
          41
        ],
        [
          "BigLeft",
          266
        ],
        [
          "Left",
          266
        ],
        [
          "BigRight",
          158,
          5
        ],
        [
          "Right",
          158,
          5
        ],
        [
          "BigLeft",
          268
        ],
        [
          "Left",
          268
        ],
        [
          "BigLeft",
          270
        ],
        [
          "Left",
          270
        ],
        [
          "BigRight",
          160,
          5
        ],
        [
          "Right",
          160,
          5
        ],
        [
          "BigLeft",
          272
        ],
        [
          "Left",
          272
        ],
        [
          "BigRight",
          0,
          194
        ],
        [
          "Right",
          0,
          194
        ],
        [
          "BigLeft",
          274
        ],
        [
          "Left",
          274
        ],
        [
          "BigRight",
          162,
          5
        ],
        [
          "Right",
          162,
          5
        ],
        [
          "BigLeft",
          276
        ],
        [
          "Left",
          276
        ],
        [
          "BigRight",
          65,
          41
        ],
        [
          "Right",
          65,
          41
        ],
        [
          "BigLeft",
          278
        ],
        [
          "Left",
          278
        ],
        [
          "BigRight",
          164,
          5
        ],
        [
          "Right",
          164,
          5
        ],
        [
          "BigLeft",
          280
        ],
        [
          "Left",
          280
        ],
        [
          "BigRight",
          166,
          5
        ],
        [
          "Right",
          166,
          5
        ],
        [
          "BigLeft",
          282
        ],
        [
          "Left",
          282
        ],
        [
          "BigRight",
          28,
          39
        ],
        [
          "Right",
          28,
          39
        ],
        [
          "BigLeft",
          284
        ],
        [
          "Left",
          284
        ],
        [
          "BigRight",
          168,
          5
        ],
        [
          "Right",
          168,
          5
        ],
        [
          "BigLeft",
          286
        ],
        [
          "Left",
          286
        ],
        [
          "BigLeft",
          288
        ],
        [
          "Left",
          288
        ],
        [
          "BigRight",
          170,
          5
        ],
        [
          "Right",
          170,
          5
        ],
        [
          "BigLeft",
          290
        ],
        [
          "Left",
          290
        ],
        [
          "BigRight",
          67,
          41
        ],
        [
          "Right",
          67,
          41
        ],
        [
          "BigLeft",
          292
        ],
        [
          "Left",
          292
        ],
        [
          "BigRight",
          172,
          5
        ],
        [
          "Right",
          172,
          5
        ],
        [
          "BigLeft",
          294
        ],
        [
          "Left",
          294
        ],
        [
          "K1",
          76
        ],
        [
          "BigRight",
          5,
          15
        ],
        [
          "Right",
          5,
          15
        ],
        [
          "BigLeft",
          296
        ],
        [
          "Left",
          296
        ],
        [
          "BigRight",
          174,
          5
        ],
        [
          "Right",
          174,
          5
        ],
        [
          "BigLeft",
          298
        ],
        [
          "Left",
          298
        ],
        [
          "S1",
          3
        ],
        [
          "S2",
          3,
          5
        ],
        [
          "S1",
          4
        ],
        [
          "S2",
          4,
          5
        ],
        [
          "K1",
          86
        ],
        [
          "BigRight",
          4,
          15
        ],
        [
          "Right",
          4,
          15
        ],
        [
          "BigLeft",
          14
        ],
        [
          "Left",
          14
        ],
        [
          "BigRight",
          14,
          0
        ],
        [
          "Right",
          14,
          0
        ],
        [
          "K1",
          532
        ],
        [
          "BigLeft",
          302
        ],
        [
          "Left",
          302
        ],
        [
          "BigRight",
          181,
          5
        ],
        [
          "Right",
          181,
          5
        ],
        [
          "BigLeft",
          304
        ],
        [
          "Left",
          304
        ],
        [
          "S2",
          1,
          248
        ],
        [
          "S1",
          84
        ],
        [
          "S2",
          84,
          1
        ],
        [
          "K1",
          83
        ],
        [
          "BigRight",
          3,
          543
        ],
        [
          "K1",
          543
        ],
        [
          "Right",
          3,
          543
        ],
        [
          "BigRight",
          3,
          0
        ],
        [
          "Right",
          3,
          0
        ],
        [
          "S1",
          8
        ],
        [
          "S2",
          8,
          9
        ],
        [
          "S1",
          194
        ],
        [
          "S2",
          194,
          15
        ],
        [
          "BigLeft",
          308
        ],
        [
          "Left",
          308
        ],
        [
          "BigRight",
          186,
          5
        ],
        [
          "Right",
          186,
          5
        ],
        [
          "BigLeft",
          310
        ],
        [
          "Left",
          310
        ],
        [
          "BigLeft",
          312
        ],
        [
          "Left",
          312
        ],
        [
          "BigRight",
          188,
          5
        ],
        [
          "Right",
          188,
          5
        ],
        [
          "BigLeft",
          314
        ],
        [
          "Left",
          314
        ],
        [
          "BigRight",
          72,
          41
        ],
        [
          "Right",
          72,
          41
        ],
        [
          "BigLeft",
          316
        ],
        [
          "Left",
          316
        ],
        [
          "BigRight",
          190,
          5
        ],
        [
          "Right",
          190,
          5
        ],
        [
          "BigLeft",
          318
        ],
        [
          "Left",
          318
        ],
        [
          "S2",
          87,
          3
        ],
        [
          "S2",
          14,
          7
        ],
        [
          "S2",
          87,
          4
        ],
        [
          "S1",
          52
        ],
        [
          "S2",
          52,
          7
        ],
        [
          "S1",
          30
        ],
        [
          "S2",
          30,
          15
        ],
        [
          "BigLeft",
          324
        ],
        [
          "Left",
          324
        ],
        [
          "S2",
          2,
          87
        ],
        [
          "S2",
          15,
          7
        ],
        [
          "BigLeft",
          326
        ],
        [
          "Left",
          326
        ],
        [
          "BigRight",
          193,
          5
        ],
        [
          "Right",
          193,
          5
        ],
        [
          "BigLeft",
          328
        ],
        [
          "Left",
          328
        ],
        [
          "BigLeft",
          38
        ],
        [
          "Left",
          38
        ],
        [
          "K1",
          591
        ],
        [
          "BigRight",
          38,
          1
        ],
        [
          "Right",
          38,
          1
        ],
        [
          "BigLeft",
          330
        ],
        [
          "Left",
          330
        ],
        [
          "BigRight",
          196,
          5
        ],
        [
          "Right",
          196,
          5
        ],
        [
          "BigLeft",
          332
        ],
        [
          "Left",
          332
        ],
        [
          "K1",
          372
        ],
        [
          "BigRight",
          200,
          76
        ],
        [
          "Right",
          200,
          76
        ],
        [
          "K1",
          177
        ],
        [
          "BigRight",
          200,
          86
        ],
        [
          "Right",
          200,
          86
        ],
        [
          "BigLeft",
          39
        ],
        [
          "S1",
          607
        ],
        [
          "S2",
          607,
          15
        ],
        [
          "Left",
          39
        ],
        [
          "BigRight",
          39,
          0
        ],
        [
          "Right",
          39,
          0
        ],
        [
          "BigLeft",
          336
        ],
        [
          "Left",
          336
        ],
        [
          "BigRight",
          204,
          5
        ],
        [
          "Right",
          204,
          5
        ],
        [
          "BigLeft",
          338
        ],
        [
          "Left",
          338
        ],
        [
          "BigLeft",
          340
        ],
        [
          "Left",
          340
        ],
        [
          "BigRight",
          206,
          5
        ],
        [
          "Right",
          206,
          5
        ],
        [
          "BigLeft",
          342
        ],
        [
          "Left",
          342
        ],
        [
          "BigRight",
          82,
          41
        ],
        [
          "Right",
          82,
          41
        ],
        [
          "BigLeft",
          344
        ],
        [
          "Left",
          344
        ],
        [
          "BigRight",
          208,
          5
        ],
        [
          "Right",
          208,
          5
        ],
        [
          "BigLeft",
          346
        ],
        [
          "Left",
          346
        ],
        [
          "BigLeft",
          348
        ],
        [
          "Left",
          348
        ],
        [
          "BigRight",
          210,
          5
        ],
        [
          "Right",
          210,
          5
        ],
        [
          "BigLeft",
          350
        ],
        [
          "Left",
          350
        ],
        [
          "BigLeft",
          352
        ],
        [
          "Left",
          352
        ],
        [
          "BigRight",
          212,
          5
        ],
        [
          "Right",
          212,
          5
        ],
        [
          "BigLeft",
          354
        ],
        [
          "Left",
          354
        ],
        [
          "BigRight",
          76,
          41
        ],
        [
          "Right",
          76,
          41
        ],
        [
          "BigLeft",
          356
        ],
        [
          "Left",
          356
        ],
        [
          "BigRight",
          214,
          5
        ],
        [
          "Right",
          214,
          5
        ],
        [
          "BigLeft",
          358
        ],
        [
          "Left",
          358
        ],
        [
          "BigLeft",
          360
        ],
        [
          "Left",
          360
        ],
        [
          "BigRight",
          216,
          5
        ],
        [
          "Right",
          216,
          5
        ],
        [
          "BigLeft",
          362
        ],
        [
          "Left",
          362
        ],
        [
          "BigLeft",
          364
        ],
        [
          "Left",
          364
        ],
        [
          "BigRight",
          218,
          5
        ],
        [
          "Right",
          218,
          5
        ],
        [
          "BigLeft",
          366
        ],
        [
          "Left",
          366
        ],
        [
          "BigRight",
          84,
          41
        ],
        [
          "Right",
          84,
          41
        ],
        [
          "BigLeft",
          368
        ],
        [
          "Left",
          368
        ],
        [
          "BigRight",
          220,
          5
        ],
        [
          "Right",
          220,
          5
        ],
        [
          "BigLeft",
          370
        ],
        [
          "Left",
          370
        ],
        [
          "BigLeft",
          372
        ],
        [
          "Left",
          372
        ],
        [
          "BigRight",
          200,
          5
        ],
        [
          "Right",
          200,
          5
        ],
        [
          "BigLeft",
          374
        ],
        [
          "Left",
          374
        ],
        [
          "BigLeft",
          376
        ],
        [
          "Left",
          376
        ],
        [
          "BigRight",
          222,
          5
        ],
        [
          "Right",
          222,
          5
        ],
        [
          "BigLeft",
          378
        ],
        [
          "Left",
          378
        ],
        [
          "BigLeft",
          380
        ],
        [
          "Left",
          380
        ],
        [
          "BigRight",
          224,
          5
        ],
        [
          "Right",
          224,
          5
        ],
        [
          "BigLeft",
          382
        ],
        [
          "Left",
          382
        ],
        [
          "BigRight",
          86,
          41
        ],
        [
          "Right",
          86,
          41
        ],
        [
          "BigLeft",
          384
        ],
        [
          "Left",
          384
        ],
        [
          "BigRight",
          226,
          5
        ],
        [
          "Right",
          226,
          5
        ],
        [
          "BigLeft",
          386
        ],
        [
          "Left",
          386
        ],
        [
          "BigLeft",
          390
        ],
        [
          "Left",
          390
        ],
        [
          "BigRight",
          229,
          5
        ],
        [
          "Right",
          229,
          5
        ],
        [
          "BigLeft",
          392
        ],
        [
          "Left",
          392
        ],
        [
          "BigLeft",
          394
        ],
        [
          "Left",
          394
        ],
        [
          "BigRight",
          231,
          5
        ],
        [
          "Right",
          231,
          5
        ],
        [
          "BigLeft",
          396
        ],
        [
          "Left",
          396
        ],
        [
          "BigRight",
          90,
          41
        ],
        [
          "Right",
          90,
          41
        ],
        [
          "BigLeft",
          398
        ],
        [
          "Left",
          398
        ],
        [
          "BigRight",
          233,
          5
        ],
        [
          "Right",
          233,
          5
        ],
        [
          "BigLeft",
          400
        ],
        [
          "Left",
          400
        ],
        [
          "BigLeft",
          402
        ],
        [
          "Left",
          402
        ],
        [
          "BigRight",
          235,
          5
        ],
        [
          "Right",
          235,
          5
        ],
        [
          "BigLeft",
          404
        ],
        [
          "Left",
          404
        ],
        [
          "BigLeft",
          406
        ],
        [
          "Left",
          406
        ],
        [
          "BigRight",
          237,
          5
        ],
        [
          "Right",
          237,
          5
        ],
        [
          "BigLeft",
          408
        ],
        [
          "Left",
          408
        ],
        [
          "BigRight",
          92,
          41
        ],
        [
          "Right",
          92,
          41
        ],
        [
          "BigLeft",
          410
        ],
        [
          "Left",
          410
        ],
        [
          "BigRight",
          239,
          5
        ],
        [
          "Right",
          239,
          5
        ],
        [
          "BigLeft",
          412
        ],
        [
          "Left",
          412
        ],
        [
          "BigRight",
          241,
          5
        ],
        [
          "Right",
          241,
          5
        ],
        [
          "BigLeft",
          414
        ],
        [
          "Left",
          414
        ],
        [
          "BigRight",
          43,
          39
        ],
        [
          "Right",
          43,
          39
        ],
        [
          "BigLeft",
          416
        ],
        [
          "Left",
          416
        ],
        [
          "BigRight",
          243,
          5
        ],
        [
          "Right",
          243,
          5
        ],
        [
          "BigLeft",
          418
        ],
        [
          "Left",
          418
        ],
        [
          "BigLeft",
          420
        ],
        [
          "Left",
          420
        ],
        [
          "BigRight",
          245,
          5
        ],
        [
          "Right",
          245,
          5
        ],
        [
          "BigLeft",
          422
        ],
        [
          "Left",
          422
        ],
        [
          "BigRight",
          94,
          41
        ],
        [
          "Right",
          94,
          41
        ],
        [
          "BigLeft",
          424
        ],
        [
          "Left",
          424
        ],
        [
          "BigRight",
          247,
          5
        ],
        [
          "Right",
          247,
          5
        ],
        [
          "BigLeft",
          426
        ],
        [
          "Left",
          426
        ],
        [
          "K1",
          39
        ],
        [
          "BigLeft",
          428
        ],
        [
          "Left",
          428
        ],
        [
          "BigRight",
          250,
          5
        ],
        [
          "Right",
          250,
          5
        ],
        [
          "BigLeft",
          430
        ],
        [
          "Left",
          430
        ],
        [
          "BigLeft",
          432
        ],
        [
          "Left",
          432
        ],
        [
          "BigRight",
          252,
          5
        ],
        [
          "Right",
          252,
          5
        ],
        [
          "BigLeft",
          434
        ],
        [
          "Left",
          434
        ],
        [
          "BigRight",
          96,
          41
        ],
        [
          "Right",
          96,
          41
        ],
        [
          "BigLeft",
          436
        ],
        [
          "Left",
          436
        ],
        [
          "BigRight",
          254,
          5
        ],
        [
          "Right",
          254,
          5
        ],
        [
          "BigLeft",
          438
        ],
        [
          "Left",
          438
        ],
        [
          "S2",
          1,
          41
        ],
        [
          "BigLeft",
          440
        ],
        [
          "Left",
          440
        ],
        [
          "BigRight",
          256,
          5
        ],
        [
          "Right",
          256,
          5
        ],
        [
          "BigLeft",
          442
        ],
        [
          "Left",
          442
        ],
        [
          "BigLeft",
          444
        ],
        [
          "Left",
          444
        ],
        [
          "BigRight",
          258,
          5
        ],
        [
          "Right",
          258,
          5
        ],
        [
          "BigLeft",
          446
        ],
        [
          "Left",
          446
        ],
        [
          "BigRight",
          98,
          41
        ],
        [
          "Right",
          98,
          41
        ],
        [
          "BigLeft",
          448
        ],
        [
          "Left",
          448
        ],
        [
          "BigRight",
          260,
          5
        ],
        [
          "Right",
          260,
          5
        ],
        [
          "BigLeft",
          450
        ],
        [
          "Left",
          450
        ],
        [
          "BigRight",
          262,
          5
        ],
        [
          "Right",
          262,
          5
        ],
        [
          "BigLeft",
          452
        ],
        [
          "Left",
          452
        ],
        [
          "BigRight",
          45,
          39
        ],
        [
          "Right",
          45,
          39
        ],
        [
          "BigLeft",
          454
        ],
        [
          "Left",
          454
        ],
        [
          "BigRight",
          264,
          5
        ],
        [
          "Right",
          264,
          5
        ],
        [
          "BigLeft",
          456
        ],
        [
          "Left",
          456
        ],
        [
          "BigLeft",
          458
        ],
        [
          "Left",
          458
        ],
        [
          "BigRight",
          266,
          5
        ],
        [
          "Right",
          266,
          5
        ],
        [
          "BigLeft",
          460
        ],
        [
          "Left",
          460
        ],
        [
          "BigRight",
          100,
          41
        ],
        [
          "Right",
          100,
          41
        ],
        [
          "BigLeft",
          462
        ],
        [
          "Left",
          462
        ],
        [
          "BigRight",
          268,
          5
        ],
        [
          "Right",
          268,
          5
        ],
        [
          "BigLeft",
          464
        ],
        [
          "Left",
          464
        ],
        [
          "BigRight",
          270,
          5
        ],
        [
          "Right",
          270,
          5
        ],
        [
          "BigLeft",
          466
        ],
        [
          "Left",
          466
        ],
        [
          "BigRight",
          102,
          41
        ],
        [
          "Right",
          102,
          41
        ],
        [
          "BigLeft",
          468
        ],
        [
          "Left",
          468
        ],
        [
          "BigRight",
          272,
          5
        ],
        [
          "Right",
          272,
          5
        ],
        [
          "BigLeft",
          470
        ],
        [
          "Left",
          470
        ],
        [
          "BigLeft",
          472
        ],
        [
          "Left",
          472
        ],
        [
          "BigRight",
          274,
          5
        ],
        [
          "Right",
          274,
          5
        ],
        [
          "BigLeft",
          474
        ],
        [
          "Left",
          474
        ],
        [
          "BigRight",
          17,
          1
        ],
        [
          "Right",
          17,
          1
        ],
        [
          "BigLeft",
          476
        ],
        [
          "Left",
          476
        ],
        [
          "BigRight",
          276,
          5
        ],
        [
          "Right",
          276,
          5
        ],
        [
          "BigLeft",
          478
        ],
        [
          "Left",
          478
        ],
        [
          "BigLeft",
          480
        ],
        [
          "Left",
          480
        ],
        [
          "BigRight",
          278,
          5
        ],
        [
          "Right",
          278,
          5
        ],
        [
          "BigLeft",
          482
        ],
        [
          "Left",
          482
        ],
        [
          "BigRight",
          104,
          41
        ],
        [
          "Right",
          104,
          41
        ],
        [
          "BigLeft",
          484
        ],
        [
          "Left",
          484
        ],
        [
          "BigRight",
          280,
          5
        ],
        [
          "Right",
          280,
          5
        ],
        [
          "BigLeft",
          486
        ],
        [
          "Left",
          486
        ],
        [
          "BigLeft",
          488
        ],
        [
          "Left",
          488
        ],
        [
          "BigRight",
          282,
          5
        ],
        [
          "Right",
          282,
          5
        ],
        [
          "BigLeft",
          490
        ],
        [
          "Left",
          490
        ],
        [
          "BigRight",
          17,
          194
        ],
        [
          "Right",
          17,
          194
        ],
        [
          "BigLeft",
          492
        ],
        [
          "Left",
          492
        ],
        [
          "BigRight",
          284,
          5
        ],
        [
          "Right",
          284,
          5
        ],
        [
          "BigLeft",
          494
        ],
        [
          "Left",
          494
        ],
        [
          "BigRight",
          106,
          41
        ],
        [
          "Right",
          106,
          41
        ],
        [
          "BigLeft",
          496
        ],
        [
          "Left",
          496
        ],
        [
          "BigRight",
          286,
          5
        ],
        [
          "Right",
          286,
          5
        ],
        [
          "BigLeft",
          498
        ],
        [
          "Left",
          498
        ],
        [
          "BigRight",
          288,
          5
        ],
        [
          "Right",
          288,
          5
        ],
        [
          "BigLeft",
          500
        ],
        [
          "Left",
          500
        ],
        [
          "BigRight",
          47,
          39
        ],
        [
          "Right",
          47,
          39
        ],
        [
          "BigLeft",
          502
        ],
        [
          "Left",
          502
        ],
        [
          "BigRight",
          290,
          5
        ],
        [
          "Right",
          290,
          5
        ],
        [
          "BigLeft",
          504
        ],
        [
          "Left",
          504
        ],
        [
          "BigLeft",
          506
        ],
        [
          "Left",
          506
        ],
        [
          "BigRight",
          292,
          5
        ],
        [
          "Right",
          292,
          5
        ],
        [
          "BigLeft",
          508
        ],
        [
          "Left",
          508
        ],
        [
          "BigRight",
          108,
          41
        ],
        [
          "Right",
          108,
          41
        ],
        [
          "BigLeft",
          510
        ],
        [
          "Left",
          510
        ],
        [
          "BigRight",
          294,
          5
        ],
        [
          "Right",
          294,
          5
        ],
        [
          "BigLeft",
          512
        ],
        [
          "Left",
          512
        ],
        [
          "K1",
          9
        ]
      ]
    },
    "costs": {
      "transitions": 665350,
      "oracleEntries": 56317,
      "elapsedMs": 178,
      "throughCheckpointElapsedMs": 180
    }
  },
  "keraia": {
    "schema": "adva.external.keraia-input-boundary.evidence.v0",
    "verdict": "Completed",
    "checks": [
      "all declared binary inputs independently parsed",
      "tree mass conservation at depth 1",
      "DP agrees with independent Catalan formula at depth 1",
      "DP agrees with exhaustive syntax at depth 1",
      "tree mass conservation at depth 2",
      "DP agrees with independent Catalan formula at depth 2",
      "DP agrees with exhaustive syntax at depth 2",
      "tree mass conservation at depth 3",
      "DP agrees with independent Catalan formula at depth 3",
      "DP agrees with exhaustive syntax at depth 3",
      "tree mass conservation at depth 4",
      "DP agrees with independent Catalan formula at depth 4",
      "DP agrees with exhaustive syntax at depth 4",
      "tree mass conservation at depth 5",
      "DP agrees with independent Catalan formula at depth 5",
      "DP agrees with exhaustive syntax at depth 5",
      "tree mass conservation at depth 6",
      "DP agrees with independent Catalan formula at depth 6",
      "DP agrees with exhaustive syntax at depth 6",
      "tree mass conservation at depth 7",
      "DP agrees with independent Catalan formula at depth 7",
      "DP agrees with exhaustive syntax at depth 7",
      "tree mass conservation at depth 8",
      "DP agrees with independent Catalan formula at depth 8",
      "DP agrees with exhaustive syntax at depth 8",
      "tree mass conservation at depth 9",
      "DP agrees with independent Catalan formula at depth 9",
      "DP agrees with exhaustive syntax at depth 9",
      "tree mass conservation at depth 10",
      "DP agrees with independent Catalan formula at depth 10",
      "DP agrees with exhaustive syntax at depth 10",
      "tree mass conservation at depth 11",
      "DP agrees with independent Catalan formula at depth 11",
      "DP agrees with exhaustive syntax at depth 11",
      "tree mass conservation at depth 12",
      "DP agrees with independent Catalan formula at depth 12",
      "DP agrees with exhaustive syntax at depth 12",
      "tree mass conservation at depth 13",
      "DP agrees with independent Catalan formula at depth 13",
      "DP agrees with exhaustive syntax at depth 13",
      "tree mass conservation at depth 14",
      "DP agrees with independent Catalan formula at depth 14",
      "DP agrees with exhaustive syntax at depth 14",
      "tree mass conservation at depth 15",
      "DP agrees with independent Catalan formula at depth 15",
      "DP agrees with exhaustive syntax at depth 15",
      "tree mass conservation at depth 16",
      "DP agrees with independent Catalan formula at depth 16",
      "tree mass conservation at depth 17",
      "DP agrees with independent Catalan formula at depth 17",
      "tree mass conservation at depth 18",
      "DP agrees with independent Catalan formula at depth 18",
      "tree mass conservation at depth 19",
      "DP agrees with independent Catalan formula at depth 19",
      "tree mass conservation at depth 20",
      "DP agrees with independent Catalan formula at depth 20",
      "tree mass conservation at depth 21",
      "DP agrees with independent Catalan formula at depth 21",
      "tree mass conservation at depth 22",
      "DP agrees with independent Catalan formula at depth 22",
      "tree mass conservation at depth 23",
      "DP agrees with independent Catalan formula at depth 23",
      "tree mass conservation at depth 24",
      "DP agrees with independent Catalan formula at depth 24",
      "tree mass conservation at depth 25",
      "DP agrees with independent Catalan formula at depth 25",
      "tree mass conservation at depth 26",
      "DP agrees with independent Catalan formula at depth 26",
      "tree mass conservation at depth 27",
      "DP agrees with independent Catalan formula at depth 27",
      "tree mass conservation at depth 28",
      "DP agrees with independent Catalan formula at depth 28",
      "tree mass conservation at depth 29",
      "DP agrees with independent Catalan formula at depth 29",
      "tree mass conservation at depth 30",
      "DP agrees with independent Catalan formula at depth 30",
      "tree mass conservation at depth 31",
      "DP agrees with independent Catalan formula at depth 31",
      "tree mass conservation at depth 32",
      "DP agrees with independent Catalan formula at depth 32",
      "tree mass conservation at depth 33",
      "DP agrees with independent Catalan formula at depth 33",
      "tree mass conservation at depth 34",
      "DP agrees with independent Catalan formula at depth 34",
      "tree mass conservation at depth 35",
      "DP agrees with independent Catalan formula at depth 35",
      "tree mass conservation at depth 36",
      "DP agrees with independent Catalan formula at depth 36",
      "tree mass conservation at depth 37",
      "DP agrees with independent Catalan formula at depth 37",
      "tree mass conservation at depth 38",
      "DP agrees with independent Catalan formula at depth 38",
      "tree mass conservation at depth 39",
      "DP agrees with independent Catalan formula at depth 39",
      "tree mass conservation at depth 40",
      "DP agrees with independent Catalan formula at depth 40",
      "tree mass conservation at depth 41",
      "DP agrees with independent Catalan formula at depth 41",
      "tree mass conservation at depth 42",
      "DP agrees with independent Catalan formula at depth 42",
      "tree mass conservation at depth 43",
      "DP agrees with independent Catalan formula at depth 43",
      "tree mass conservation at depth 44",
      "DP agrees with independent Catalan formula at depth 44",
      "tree mass conservation at depth 45",
      "DP agrees with independent Catalan formula at depth 45",
      "tree mass conservation at depth 46",
      "DP agrees with independent Catalan formula at depth 46",
      "tree mass conservation at depth 47",
      "DP agrees with independent Catalan formula at depth 47",
      "tree mass conservation at depth 48",
      "DP agrees with independent Catalan formula at depth 48",
      "tree mass conservation at depth 49",
      "DP agrees with independent Catalan formula at depth 49",
      "tree mass conservation at depth 50",
      "DP agrees with independent Catalan formula at depth 50",
      "tree mass conservation at depth 51",
      "DP agrees with independent Catalan formula at depth 51",
      "tree mass conservation at depth 52",
      "DP agrees with independent Catalan formula at depth 52",
      "tree mass conservation at depth 53",
      "DP agrees with independent Catalan formula at depth 53",
      "tree mass conservation at depth 54",
      "DP agrees with independent Catalan formula at depth 54",
      "tree mass conservation at depth 55",
      "DP agrees with independent Catalan formula at depth 55",
      "tree mass conservation at depth 56",
      "DP agrees with independent Catalan formula at depth 56",
      "tree mass conservation at depth 57",
      "DP agrees with independent Catalan formula at depth 57",
      "tree mass conservation at depth 58",
      "DP agrees with independent Catalan formula at depth 58",
      "tree mass conservation at depth 59",
      "DP agrees with independent Catalan formula at depth 59",
      "tree mass conservation at depth 60",
      "DP agrees with independent Catalan formula at depth 60",
      "tree mass conservation at depth 61",
      "DP agrees with independent Catalan formula at depth 61",
      "tree mass conservation at depth 62",
      "DP agrees with independent Catalan formula at depth 62",
      "tree mass conservation at depth 63",
      "DP agrees with independent Catalan formula at depth 63",
      "paper prefix-Keraia example splits into 17 program bits and 1 data bit",
      "underflow prefix is extendable; pruning its entire subtree loses halting inputs",
      "swapping labeled reads changes behavior on a fixed input",
      "unread suffix is checked at halt, not by tree parser"
    ],
    "failures": [],
    "exhaustive": [
      {
        "n": 0,
        "complete": 0,
        "incomplete": 1,
        "withData": 0
      },
      {
        "n": 1,
        "complete": 1,
        "incomplete": 1,
        "withData": 0
      },
      {
        "n": 2,
        "complete": 0,
        "incomplete": 2,
        "withData": 2
      },
      {
        "n": 3,
        "complete": 1,
        "incomplete": 3,
        "withData": 4
      },
      {
        "n": 4,
        "complete": 0,
        "incomplete": 6,
        "withData": 10
      },
      {
        "n": 5,
        "complete": 2,
        "incomplete": 10,
        "withData": 20
      },
      {
        "n": 6,
        "complete": 0,
        "incomplete": 20,
        "withData": 44
      },
      {
        "n": 7,
        "complete": 5,
        "incomplete": 35,
        "withData": 88
      },
      {
        "n": 8,
        "complete": 0,
        "incomplete": 70,
        "withData": 186
      },
      {
        "n": 9,
        "complete": 14,
        "incomplete": 126,
        "withData": 372
      },
      {
        "n": 10,
        "complete": 0,
        "incomplete": 252,
        "withData": 772
      },
      {
        "n": 11,
        "complete": 42,
        "incomplete": 462,
        "withData": 1544
      },
      {
        "n": 12,
        "complete": 0,
        "incomplete": 924,
        "withData": 3172
      },
      {
        "n": 13,
        "complete": 132,
        "incomplete": 1716,
        "withData": 6344
      },
      {
        "n": 14,
        "complete": 0,
        "incomplete": 3432,
        "withData": 12952
      },
      {
        "n": 15,
        "complete": 429,
        "incomplete": 6435,
        "withData": 25904
      }
    ],
    "testedInputs": 65535,
    "syntaxTails": [
      {
        "depth": 1,
        "completedTrees": "1",
        "unresolvedNumerator": "1",
        "denominator": "2",
        "frontierStates": 1
      },
      {
        "depth": 3,
        "completedTrees": "1",
        "unresolvedNumerator": "3",
        "denominator": "8",
        "frontierStates": 2
      },
      {
        "depth": 5,
        "completedTrees": "2",
        "unresolvedNumerator": "10",
        "denominator": "32",
        "frontierStates": 3
      },
      {
        "depth": 7,
        "completedTrees": "5",
        "unresolvedNumerator": "35",
        "denominator": "128",
        "frontierStates": 4
      },
      {
        "depth": 9,
        "completedTrees": "14",
        "unresolvedNumerator": "126",
        "denominator": "512",
        "frontierStates": 5
      },
      {
        "depth": 11,
        "completedTrees": "42",
        "unresolvedNumerator": "462",
        "denominator": "2048",
        "frontierStates": 6
      },
      {
        "depth": 13,
        "completedTrees": "132",
        "unresolvedNumerator": "1716",
        "denominator": "8192",
        "frontierStates": 7
      },
      {
        "depth": 15,
        "completedTrees": "429",
        "unresolvedNumerator": "6435",
        "denominator": "32768",
        "frontierStates": 8
      },
      {
        "depth": 17,
        "completedTrees": "1430",
        "unresolvedNumerator": "24310",
        "denominator": "131072",
        "frontierStates": 9
      },
      {
        "depth": 19,
        "completedTrees": "4862",
        "unresolvedNumerator": "92378",
        "denominator": "524288",
        "frontierStates": 10
      },
      {
        "depth": 21,
        "completedTrees": "16796",
        "unresolvedNumerator": "352716",
        "denominator": "2097152",
        "frontierStates": 11
      },
      {
        "depth": 23,
        "completedTrees": "58786",
        "unresolvedNumerator": "1352078",
        "denominator": "8388608",
        "frontierStates": 12
      },
      {
        "depth": 25,
        "completedTrees": "208012",
        "unresolvedNumerator": "5200300",
        "denominator": "33554432",
        "frontierStates": 13
      },
      {
        "depth": 27,
        "completedTrees": "742900",
        "unresolvedNumerator": "20058300",
        "denominator": "134217728",
        "frontierStates": 14
      },
      {
        "depth": 29,
        "completedTrees": "2674440",
        "unresolvedNumerator": "77558760",
        "denominator": "536870912",
        "frontierStates": 15
      },
      {
        "depth": 31,
        "completedTrees": "9694845",
        "unresolvedNumerator": "300540195",
        "denominator": "2147483648",
        "frontierStates": 16
      },
      {
        "depth": 33,
        "completedTrees": "35357670",
        "unresolvedNumerator": "1166803110",
        "denominator": "8589934592",
        "frontierStates": 17
      },
      {
        "depth": 35,
        "completedTrees": "129644790",
        "unresolvedNumerator": "4537567650",
        "denominator": "34359738368",
        "frontierStates": 18
      },
      {
        "depth": 37,
        "completedTrees": "477638700",
        "unresolvedNumerator": "17672631900",
        "denominator": "137438953472",
        "frontierStates": 19
      },
      {
        "depth": 39,
        "completedTrees": "1767263190",
        "unresolvedNumerator": "68923264410",
        "denominator": "549755813888",
        "frontierStates": 20
      },
      {
        "depth": 41,
        "completedTrees": "6564120420",
        "unresolvedNumerator": "269128937220",
        "denominator": "2199023255552",
        "frontierStates": 21
      },
      {
        "depth": 43,
        "completedTrees": "24466267020",
        "unresolvedNumerator": "1052049481860",
        "denominator": "8796093022208",
        "frontierStates": 22
      },
      {
        "depth": 45,
        "completedTrees": "91482563640",
        "unresolvedNumerator": "4116715363800",
        "denominator": "35184372088832",
        "frontierStates": 23
      },
      {
        "depth": 47,
        "completedTrees": "343059613650",
        "unresolvedNumerator": "16123801841550",
        "denominator": "140737488355328",
        "frontierStates": 24
      },
      {
        "depth": 49,
        "completedTrees": "1289904147324",
        "unresolvedNumerator": "63205303218876",
        "denominator": "562949953421312",
        "frontierStates": 25
      },
      {
        "depth": 51,
        "completedTrees": "4861946401452",
        "unresolvedNumerator": "247959266474052",
        "denominator": "2251799813685248",
        "frontierStates": 26
      },
      {
        "depth": 53,
        "completedTrees": "18367353072152",
        "unresolvedNumerator": "973469712824056",
        "denominator": "9007199254740992",
        "frontierStates": 27
      },
      {
        "depth": 55,
        "completedTrees": "69533550916004",
        "unresolvedNumerator": "3824345300380220",
        "denominator": "36028797018963968",
        "frontierStates": 28
      },
      {
        "depth": 57,
        "completedTrees": "263747951750360",
        "unresolvedNumerator": "15033633249770520",
        "denominator": "144115188075855872",
        "frontierStates": 29
      },
      {
        "depth": 59,
        "completedTrees": "1002242216651368",
        "unresolvedNumerator": "59132290782430712",
        "denominator": "576460752303423488",
        "frontierStates": 30
      },
      {
        "depth": 61,
        "completedTrees": "3814986502092304",
        "unresolvedNumerator": "232714176627630544",
        "denominator": "2305843009213693952",
        "frontierStates": 31
      },
      {
        "depth": 63,
        "completedTrees": "14544636039226909",
        "unresolvedNumerator": "916312070471295267",
        "denominator": "9223372036854775808",
        "frontierStates": 32
      }
    ],
    "visitedDPStates": 1056,
    "paperSplit": {
      "code": "111010010100110001",
      "program": "11101001010011000",
      "input": "1"
    },
    "readControls": {
      "short": {
        "status": "NeedInput",
        "cursor": 1,
        "outputs": {
          "A": "0"
        }
      },
      "extended": {
        "status": "Halt",
        "cursor": 2,
        "outputs": {
          "A": "0",
          "B": "1"
        }
      },
      "swapped": {
        "status": "Halt",
        "cursor": 2,
        "outputs": {
          "B": "0",
          "A": "1"
        }
      },
      "overflow": {
        "status": "Overflow",
        "cursor": 2,
        "outputs": {
          "A": "0",
          "B": "1"
        }
      }
    },
    "costs": {
      "operations": 679554,
      "elapsedMs": 44
    }
  }
}
